evidence_type,availability,source_fields,interpretation,strength_policy,privacy_policy
EXPLICIT_SKILL,AVAILABLE,skills,Self-reported complete skill terms; parse lists safely,PRESENT; mention does not establish proficiency,Canonical ID plus minimal redacted evidence reference
TECHNOLOGY_PROGRAMMING,PARTIAL,skills; related_skils_in_job; certification_skills,Specific products/languages may be mentioned; no complete separately labeled technology inventory,Contextual evidence only; version and category ambiguity retained,No raw CV or contacts in audit outputs
WORK_USAGE,PARTIAL,related_skils_in_job; responsibilities; positions,Explicit usage in bullets can support EVIDENCED; title alone cannot,Record section and concrete usage; no automatic occupation-derived possession,Minimized redacted span; access-controlled future storage
CERTIFICATION,PARTIAL,certification_providers; certification_skills; issue_dates; expiry_dates,Reported credential; issuer and validity not independently verified,Certification evidence separate from mastery; dates may be missing or malformed,Store credential concept and verification status; omit unnecessary URLs
EDUCATION,PARTIAL,degree_names; major_field_of_studies; passing_years,Education context; no automatic skill grant,No numeric proficiency,Keep relevant field/degree context only
PROJECT_USAGE,PARTIAL,resume_parser.py project sections; CV responsibilities/free text,Parser supports projects but corpus has no dedicated project column,Explicit project usage requires attributable text; do not infer projects,Minimal evidence reference
DURATION_RECENCY,PARTIAL,start_dates; end_dates; issue_dates; expiry_dates,Structured raw date cells require validation and evidence linkage,No duration assigned to every skill; no fabricated continuous experience,Retain coarse relevant date only if needed
SELF_PROFICIENCY,NOT_ESTABLISHED,proficiency_levels paired with languages,Language proficiency field does not validate general skill proficiency,UNKNOWN; explicit future self-report kept separate and uncalibrated,Do not persist unrelated language/personal data
REPEATED_MENTION,PARTIAL,All allowed user-side evidence,Duplicate corpus rows/repeated terms do not prove increasing skill,Deduplicate profile and evidence; count distinct contexts for explanation only,No duplicated raw evidence
JOB_TITLE_OBJECTIVE,AVAILABLE,positions; career_objective,Role/context/aspiration; not proof of occupation skill possession,INFERRED_CANDIDATE_ONLY until explicit evidence,Exclude employers/contacts from skill records
PAIRED_JOB_FIELDS,EXCLUDED,job_position_name; educationaL_requirements; experiencere_requirement; age_requirement; responsibilities.1; skills_required; matched_score,Job-side labels and requirements are not user evidence,Strict user-side allowlist; no supervised truth derived from pair score,Do not persist paired job/contact columns in user evidence
UNKNOWN,DEFAULT,Missing/ambiguous/unmatched evidence,Not observed in CV does not imply not possessed,UNKNOWN; no 0-100 skill strength,Abstain with reason
