category,status,finding,required_policy,evidence_source
Skills,AVAILABLE,63700 rows; 35 concepts; 910 SOCs; raw/normalized SOC-element-scale-value-quality flag sets agree,Use IM and LV separately; retain source row/date/quality flags; not mandatory personal requirements,LOCAL_AUDIT
Knowledge,ABSENT,No dedicated Knowledge table among local assets,"Do not substitute skill names, education, synthetic domain knowledge or interests",LOCAL_AUDIT
Abilities,ABSENT,No dedicated Abilities table among local assets,No ability scoring,LOCAL_AUDIT
Technology/tool skills,PARTIAL,31821 software listings; 923 SOCs; 8908 vocabulary rows; no tools-used table or IM/LV ratings,"Listing and hot/in-demand flags are context, not user proficiency or universal necessity",LOCAL_AUDIT
Tasks,ABSENT,Occupation descriptions and CV responsibilities exist; no occupation Task Statements/Ratings table,Descriptions are qualitative context; no task frequency or task-to-skill inference,LOCAL_AUDIT
Work Activities,ABSENT,No dedicated Generalized/Detailed Work Activities tables,Do not manufacture work activity requirements,LOCAL_AUDIT
Education/training,PARTIAL,CV education/certification fields; paired job requirements exist; no O*NET Education/Training/Job Zones table,CV evidence only; exclude paired job-side requirements from possession,LOCAL_AUDIT
Occupation titles/SOC,AVAILABLE,Three XLSX title tables plus normalized SOC/title columns,Modern SOC identifier required; descriptions contextual,LOCAL_AUDIT
Interests,NOT_APPROPRIATE,8307 career and 73062 specific interest rows; keywords available,"Interest scores/ranks cannot become skills, proficiency or AI resilience",LOCAL_AUDIT
Skill mapping directory,PARTIAL,35 human concepts; 8908 software rows; 182 alias observations; zero APPROVED rows,Reuse validated official vocabulary; no candidate alias auto-approval; retain immutable existing artifacts,LOCAL_AUDIT
Software collisions,REVIEW_REQUIRED,151 normalized strings have multiple category/product targets,Composite software concept IDs and ambiguity abstention,LOCAL_AUDIT
Stale frozen scope,PARTIAL,frozen_soc_data_coverage has 25 rows; vocabulary frozen flags reflect that earlier scope,Recompute coverage against current eligible SOCs in a future authorized step,LOCAL_AUDIT
Legacy tabular files,PARTIAL,onet_skils.csv and interests/keywords are tab-delimited despite csv suffix; source release not independently documented,Prefer attributed 31.0 tables; never infer delimiter/version from filename,LOCAL_AUDIT
Scale quality,AVAILABLE,"{""IM"": {""count"": 31850, ""min"": 1.0, ""max"": 5.0, ""quartiles"": [1.88, 2.75, 3.12], ""median"": 2.75, ""threshold_sensitivity"": {""3"": 12883, ""3.5"": 5472, ""4"": 1958}, ""suppression"": {""N"": 31850}, ""not_relevant"": {"""": 31850}}, ""LV"": {""count"": 31850, ""min"": 0.0, ""max"": 6.0, ""quartiles"": [1.5, 2.62, 3.25], ""median"": 2.62, ""threshold_sensitivity"": {""3"": 12797, ""3.5"": 6558, ""4"": 3230}, ""suppression"": {""N"": 31693, ""Y"": 157}, ""not_relevant"": {""N"": 28335, ""Y"": 3515}}}","Do not compare IM and LV, discard suppressed LV from ranking and mark not-relevant; missing statistics remain unknown",LOCAL_AUDIT
CV corpus,PARTIAL,"9544 paired rows; 344 upstream grouped profiles, not independent labels; semantic empty lists may be serialized",Parse structured cells; distinguish literal blanks from semantic emptiness; group-split evaluation,LOCAL_AUDIT
Parser,EXPERIMENTAL,"resume_parser.py uses keyword word boundaries, deduplication, section fallback to entire CV; lacks skill-specific provenance/confidence/negation",Treat as extraction candidate generator; repair C++/C# boundaries and validate context before reuse,LOCAL_AUDIT
Legacy training/retrieval,NOT_APPROPRIATE,train_model.py combines TF-IDF occupation skills/interests with synthetic risk and course index; parser/RAG/risk outputs are not skill-gap labels,"No imports with side effects, deserialization, training, recommendation or model reuse",LOCAL_AUDIT
Experimental models,CONTEXT_ONLY,Experimental automation model metadata uses routineness/complexity to predict historical exposure; legacy ml_models pickle files also present,Byte/hash inventory only; not skill extraction/proficiency models,LOCAL_AUDIT
Ground truth,ABSENT,Alias observations and 344 occupation-inferred profiles are not manually labeled skill ground truth,Create independent manual extraction/mapping and gap-relevance evaluations later,LOCAL_AUDIT
Reproducibility,PARTIAL,"All skill_mapping, onet_raw and onet_normalized files currently untracked; several input XLSX/CV context files also untracked",Freeze exact version/hash/schema policy before implementation; license attribution required; no .gitignore changes,LOCAL_AUDIT
Active occupation coverage,AVAILABLE,"{""active_eligible_socs"": 170, ""skills_covered"": 158, ""software_covered"": 160, ""missing_skills"": [""11-9199.00"", ""13-2051.00"", ""15-1299.00"", ""17-3029.00"", ""19-4099.00"", ""23-2099.00"", ""29-9021.00"", ""43-4199.00"", ""43-9199.00"", ""49-9099.00"", ""51-9199.00"", ""55-3015.00""], ""missing_software"": [""11-9199.00"", ""15-1299.00"", ""17-3029.00"", ""19-4099.00"", ""23-2099.00"", ""43-4199.00"", ""43-9199.00"", ""49-9099.00"", ""51-9199.00"", ""55-3015.00""], ""profile_states"": {""INSUFFICIENT_EVIDENCE"": 163, ""MULTIPLE_CANDIDATES"": 146, ""TOP_CANDIDATE"": 35}}",Each candidate retains source-specific coverage; no historical exposure dependence,LOCAL_AUDIT
Vocabulary referential integrity,PASS,Human ID/name set and software category/product set exactly agree with normalized tables; alias target mismatches=0,Candidate provenance does not authorize semantic alias approval,LOCAL_AUDIT
CV semantic presence,AUDITED,"{""skills"": 9432, ""related_skils_in_job"": 8088, ""certification_skills"": 784, ""positions"": 9404, ""start_dates"": 9376, ""end_dates"": 9208, ""languages"": 700, ""proficiency_levels"": 588}","Safe list parsing; counts describe paired rows, not independent people or valid duration/proficiency",LOCAL_AUDIT
Source code context,PARTIAL,utils.py list splitting may split technical punctuation; rag_retriever.py retrieves CV TF-IDF chunks; evaluation.py tests legacy risk regression; bootstrap.py can invoke training,No import/bootstrap execution; neither retrieval relevance nor risk regression metrics evaluate skill extraction,LOCAL_AUDIT
