file_path,format,delimiter,schema,row_count,unique_soc_count,missingness,duplicate_rows,origin,source_version,git_status,phase8_role,sha256,bytes
app.py,.py,,"[""_make_csp"", ""_otp_request_cooldown"", ""_record_otp_request"", ""_is_dev_mode"", ""_rate_limit_key"", ""_login_attempt_key"", ""_check_login_lockout"", ""_record_failed_login"", ""_clear_login_attempts"", ""_get_login_lockout_remaining"", ""rate_limit"", ""_get_cache_bust_hash"", ""_set_csp_nonce"", ""load_user"", ""unauthorized_handler"", ""_oauth_is_configured"", ""google_login"", ""github_login"", ""linkedin_login"", ""google_logged_in"", ""github_logged_in"", ""google_login_callback"", ""github_login_callback"", ""linkedin_login_callback"", ""initialize_database"", ""inject_globals"", ""index"", ""validate_password_strength"", ""_extract_otp_code"", ""_build_otp_email"", ""login"", ""signup"", ""verify_otp_page"", ""resend_otp"", ""forgot_password_otp"", ""reset_password_otp"", ""logout"", ""workspace"", ""skills_gap"", ""methodology"", ""privacy"", ""insights"", ""partnerships"", ""admin_dashboard"", ""api_admin_users"", ""admin_logout"", ""forgot_password"", ""reset_password"", ""api_auth_assistant_context"", ""api_rag_status"", ""healthz"", ""api_csrf_token"", ""api_check_password"", ""not_found"", ""server_error"", ""request_entity_too_large"", ""add_security_headers"", ""api_feedback"", ""_build_support_resources"", ""_build_guided_next_steps"", ""_build_report_guide"", ""_run_analysis_workflow"", ""api_analyze_stream"", ""_handle_upload_request"", ""api_upload"", ""api_analyze"", ""api_skills_gap_roles"", ""api_skills_gap_analyze"", ""api_career_paths"", ""api_learning_roadmap"", ""_cleanup_stale_career_sessions"", ""_rule_based_career_answer"", ""api_career_chat"", ""api_career_chat_stream"", ""api_insights_summary"", ""api_compare"", ""wrapper"", ""linkedin_logged_in"", ""generate"", ""has_any"", ""generate"", ""emit"", ""sse""]",,,NOT_APPLICABLE_NON_TABULAR,,SOURCE_CODE_CONTEXT,UNKNOWN_OR_FILE_METADATA,TRACKED,Skill evidence/input audit; validate before future reuse,f619f5c4ee80feb9299e75aa184f90f7c6f984c51ac082e32e726956001aa578,92159
bootstrap.py,.py,,"[""ensure_model_artifacts""]",,,NOT_APPLICABLE_NON_TABULAR,,SOURCE_CODE_CONTEXT,UNKNOWN_OR_FILE_METADATA,TRACKED,Skill evidence/input audit; validate before future reuse,460fde28cb7ed5513105f03376dae1b3998168cf7e299c0fd7d1cc4ac8bb7a57,451
data/automation_onet_crosswalk_candidates.csv,.csv,comma,"[""automation_record_id"", ""automation_occupation"", ""normalized_title"", ""onet_soc_code"", ""onet_occupation_title"", ""matched_via"", ""source_title"", ""match_score"", ""score_margin"", ""review_status"", ""relationship_type"", ""notes""]",1279,540,"{""automation_record_id"": 0, ""automation_occupation"": 0, ""normalized_title"": 0, ""onet_soc_code"": 16, ""onet_occupation_title"": 16, ""matched_via"": 0, ""source_title"": 16, ""match_score"": 16, ""score_margin"": 111, ""review_status"": 0, ""relationship_type"": 0, ""notes"": 0}",0,DERIVED,UNKNOWN_OR_FILE_METADATA,UNTRACKED,"CONTEXT_ONLY; no model deserialization, training, or course recommendations",74c2961586c1f74863dc9ef0beae4f72316a2013636cfded1348bb195079645f,358041
data/automation_onet_crosswalk_v1.csv,.csv,comma,"[""automation_record_id"", ""automation_occupation"", ""historical_system"", ""historical_code"", ""historical_title"", ""modern_onet_soc_code"", ""modern_onet_title"", ""mapping_status"", ""relationship_type"", ""evidence_strength"", ""evidence_source"", ""adjudication_reason"", ""crosswalk_version""]",307,28,"{""automation_record_id"": 0, ""automation_occupation"": 0, ""historical_system"": 0, ""historical_code"": 2, ""historical_title"": 2, ""modern_onet_soc_code"": 279, ""modern_onet_title"": 279, ""mapping_status"": 0, ""relationship_type"": 0, ""evidence_strength"": 0, ""evidence_source"": 0, ""adjudication_reason"": 0, ""crosswalk_version"": 0}",0,DERIVED,UNKNOWN_OR_FILE_METADATA,UNTRACKED,"CONTEXT_ONLY; no model deserialization, training, or course recommendations",3ae3d89dd3602377d5b3099c7c921364749c8b1be3ac2179d781011a42b7eb0d,387646
data/automation_onet_crosswalk_v2.csv,.csv,comma,"[""automation_record_id"", ""automation_occupation"", ""historical_system"", ""historical_code"", ""historical_title"", ""modern_onet_soc_code"", ""modern_onet_title"", ""mapping_status"", ""relationship_type"", ""evidence_strength"", ""evidence_source"", ""adjudication_reason"", ""crosswalk_version""]",313,34,"{""automation_record_id"": 0, ""automation_occupation"": 0, ""historical_system"": 0, ""historical_code"": 2, ""historical_title"": 2, ""modern_onet_soc_code"": 279, ""modern_onet_title"": 279, ""mapping_status"": 0, ""relationship_type"": 0, ""evidence_strength"": 0, ""evidence_source"": 0, ""adjudication_reason"": 0, ""crosswalk_version"": 0}",0,DERIVED,UNKNOWN_OR_FILE_METADATA,UNTRACKED,"CONTEXT_ONLY; no model deserialization, training, or course recommendations",ce1256438f2a1cf05cc896346ce2e24ecb0ca54714f84bacfde904d18e4a7aa5,400707
data/automation_onet_crosswalk_v3.csv,.csv,comma,"[""automation_record_id"", ""automation_occupation"", ""historical_system"", ""historical_code"", ""historical_title"", ""modern_onet_soc_code"", ""modern_onet_title"", ""mapping_status"", ""relationship_type"", ""evidence_strength"", ""evidence_source"", ""adjudication_reason"", ""crosswalk_version""]",320,41,"{""automation_record_id"": 0, ""automation_occupation"": 0, ""historical_system"": 0, ""historical_code"": 2, ""historical_title"": 2, ""modern_onet_soc_code"": 279, ""modern_onet_title"": 279, ""mapping_status"": 0, ""relationship_type"": 0, ""evidence_strength"": 0, ""evidence_source"": 0, ""adjudication_reason"": 0, ""crosswalk_version"": 0}",0,DERIVED,UNKNOWN_OR_FILE_METADATA,UNTRACKED,"CONTEXT_ONLY; no model deserialization, training, or course recommendations",9dd9ccf618d34d13b942d4680179023c4e8b8ff9aca6450f85f0aef4fc622af9,419959
data/automation_onet_crosswalk_v4.csv,.csv,comma,"[""automation_record_id"", ""automation_occupation"", ""historical_system"", ""historical_code"", ""historical_title"", ""modern_onet_soc_code"", ""modern_onet_title"", ""mapping_status"", ""relationship_type"", ""evidence_strength"", ""evidence_source"", ""adjudication_reason"", ""crosswalk_version""]",323,44,"{""automation_record_id"": 0, ""automation_occupation"": 0, ""historical_system"": 0, ""historical_code"": 2, ""historical_title"": 2, ""modern_onet_soc_code"": 279, ""modern_onet_title"": 279, ""mapping_status"": 0, ""relationship_type"": 0, ""evidence_strength"": 0, ""evidence_source"": 0, ""adjudication_reason"": 0, ""crosswalk_version"": 0}",0,DERIVED,UNKNOWN_OR_FILE_METADATA,TRACKED,"CONTEXT_ONLY; no model deserialization, training, or course recommendations",eeb19305b727e4dc33a3a3dae0c2bab6fd6af575a0563eb8ebda9fad02b5459f,445050
data/automation_probability_labels.csv,.csv,comma,"[""record_id"", ""occupation"", ""automation_probability"", ""routineness"", ""complexity"", ""stratum""]",291,,"{""record_id"": 0, ""occupation"": 0, ""automation_probability"": 0, ""routineness"": 0, ""complexity"": 0, ""stratum"": 0}",0,RAW_OR_LEGACY_INPUT,UNKNOWN_OR_FILE_METADATA,TRACKED,"CONTEXT_ONLY; no model deserialization, training, or course recommendations",0b388464310a627a1e67e7364e559a0ebff9f494bf1f0287564d3c7b39b42b4f,16322
data/automation_risk.csv,.csv,comma,"[""job_role"", ""industry"", ""avg_salary_usd"", ""experience_required_years"", ""education_level"", ""task_repetition_level"", ""creativity_requirement"", ""physical_labor_level"", ""analytical_complexity"", ""social_interaction_level"", ""ai_tool_availability"", ""ai_tool_maturity_score"", ""percent_tasks_automatable"", ""job_growth_rate"", ""skill_complexity_score"", ""regulation_strictness_level"", ""ethical_risk_level"", ""communication_requirement"", ""domain_specific_knowledge_level"", ""team_collaboration_level"", ""ai_dependency_current"", ""ai_dependency_future"", ""training_hours_needed"", ""job_demand_index"", ""automation_risk_score""]",3000,0,"{""job_role"": 0, ""industry"": 0, ""avg_salary_usd"": 0, ""experience_required_years"": 0, ""education_level"": 0, ""task_repetition_level"": 0, ""creativity_requirement"": 0, ""physical_labor_level"": 0, ""analytical_complexity"": 0, ""social_interaction_level"": 0, ""ai_tool_availability"": 0, ""ai_tool_maturity_score"": 0, ""percent_tasks_automatable"": 0, ""job_growth_rate"": 0, ""skill_complexity_score"": 0, ""regulation_strictness_level"": 0, ""ethical_risk_level"": 0, ""communication_requirement"": 0, ""domain_specific_knowledge_level"": 0, ""team_collaboration_level"": 0, ""ai_dependency_current"": 0, ""ai_dependency_future"": 0, ""training_hours_needed"": 0, ""job_demand_index"": 0, ""automation_risk_score"": 0}",0,RAW_OR_LEGACY_INPUT,UNKNOWN_OR_FILE_METADATA,TRACKED,"CONTEXT_ONLY; no model deserialization, training, or course recommendations",d28ca4cbc2ca746c9a033d1953d49d565c3e64a2d8ae54b6ce52bed1826a18f1,1201692
data/coursera_catalog.csv,.csv,comma,"["""", ""Title"", ""URL"", ""Short Intro"", ""Category"", ""Sub-Category"", ""Course Type"", ""Language"", ""Subtitle Languages"", ""Skills"", ""Instructors"", ""Rating"", ""Number of viewers"", ""Duration"", ""Site"", ""Program Type"", ""Courses"", ""Level"", ""Number of Reviews"", ""Unique Projects"", ""Prequisites"", ""What you learn"", ""Related Programs"", ""Monthly access"", ""6-Month access"", ""4-Month access"", ""3-Month access"", ""5-Month access"", ""2-Month access"", ""School"", ""Topics related to CRM"", ""ExpertTracks"", ""FAQs"", ""Course Title"", ""Course URL"", ""Course Short Intro"", ""Weekly study"", ""Premium course"", ""What's include"", ""Rank"", ""Created by"", ""Program"", ""Number of ratings"", ""Price"", ""COURSE CATEGORIES""]",8092,,"{"""": 0, ""Title"": 0, ""URL"": 0, ""Short Intro"": 52, ""Category"": 5273, ""Sub-Category"": 5273, ""Course Type"": 5273, ""Language"": 5273, ""Subtitle Languages"": 5290, ""Skills"": 5993, ""Instructors"": 5284, ""Rating"": 5350, ""Number of viewers"": 5397, ""Duration"": 148, ""Site"": 0, ""Program Type"": 7810, ""Courses"": 3148, ""Level"": 7911, ""Number of Reviews"": 8045, ""Unique Projects"": 8092, ""Prequisites"": 7811, ""What you learn"": 7814, ""Related Programs"": 8007, ""Monthly access"": 7994, ""6-Month access"": 8090, ""4-Month access"": 8054, ""3-Month access"": 8066, ""5-Month access"": 8090, ""2-Month access"": 8082, ""School"": 7821, ""Topics related to CRM"": 3426, ""ExpertTracks"": 3249, ""FAQs"": 7009, ""Course Title"": 3249, ""Course URL"": 3249, ""Course Short Intro"": 3249, ""Weekly study"": 3249, ""Premium course"": 6470, ""What's include"": 7673, ""Rank"": 8055, ""Created by"": 8055, ""Program"": 7944, ""Number of ratings"": 7966, ""Price"": 8027, ""COURSE CATEGORIES"": 7944}",0,RAW_OR_LEGACY_INPUT,UNKNOWN_OR_FILE_METADATA,TRACKED,"CONTEXT_ONLY; no model deserialization, training, or course recommendations",0902f4c487a1b043ff028213399e1b1b613f4c9fa4d788c2581fea3bef2b861d,9084308
data/crosswalk_aliases.csv,.csv,comma,"[""alias_version"", ""source_token"", ""proposed_replacement"", ""review_status"", ""notes""]",7,,"{""alias_version"": 0, ""source_token"": 0, ""proposed_replacement"": 0, ""review_status"": 0, ""notes"": 0}",0,DERIVED,UNKNOWN_OR_FILE_METADATA,UNTRACKED,"CONTEXT_ONLY; no model deserialization, training, or course recommendations",aec6a6cbfe8ab1d952ff1dbf8b82429c79e36f02e40c405ce3bc3f675c97b633,696
data/crosswalk_disputed_verification.csv,.csv,comma,"[""automation_record_id"", ""automation_occupation"", ""component_investigated"", ""candidate_soc_code"", ""candidate_onet_title"", ""candidate_source"", ""official_description"", ""alternate_title_evidence"", ""reported_title_evidence"", ""candidate_recommendation"", ""evidence_strength"", ""source_scope_status"", ""proposed_occupation_outcome"", ""proposed_relationship"", ""verification_notes"", ""evidence_source_filename"", ""evidence_source_column"", ""evidence_row_reference""]",63,57,"{""automation_record_id"": 0, ""automation_occupation"": 0, ""component_investigated"": 0, ""candidate_soc_code"": 0, ""candidate_onet_title"": 0, ""candidate_source"": 0, ""official_description"": 0, ""alternate_title_evidence"": 0, ""reported_title_evidence"": 0, ""candidate_recommendation"": 0, ""evidence_strength"": 0, ""source_scope_status"": 0, ""proposed_occupation_outcome"": 0, ""proposed_relationship"": 0, ""verification_notes"": 0, ""evidence_source_filename"": 0, ""evidence_source_column"": 0, ""evidence_row_reference"": 0}",0,DERIVED,UNKNOWN_OR_FILE_METADATA,UNTRACKED,"CONTEXT_ONLY; no model deserialization, training, or course recommendations",258d85440e17565b1548481a278afa84150cbd7c339852e2c13f7f3a35e27baa,149382
data/crosswalk_review_priority.csv,.csv,comma,"[""automation_record_id"", ""automation_occupation"", ""candidate_rank"", ""onet_soc_code"", ""onet_occupation_title"", ""match_score"", ""matched_via"", ""relationship_type"", ""onet_description"", ""alternate_title_evidence"", ""reported_title_evidence"", ""reviewer_decision"", ""final_soc_codes"", ""final_relationship_type"", ""reviewer_notes""]",55,51,"{""automation_record_id"": 0, ""automation_occupation"": 0, ""candidate_rank"": 0, ""onet_soc_code"": 0, ""onet_occupation_title"": 0, ""match_score"": 10, ""matched_via"": 0, ""relationship_type"": 0, ""onet_description"": 0, ""alternate_title_evidence"": 0, ""reported_title_evidence"": 0, ""reviewer_decision"": 55, ""final_soc_codes"": 55, ""final_relationship_type"": 55, ""reviewer_notes"": 55}",0,DERIVED,UNKNOWN_OR_FILE_METADATA,UNTRACKED,"CONTEXT_ONLY; no model deserialization, training, or course recommendations",1c9c65ba93502a67d2b2d0a394fd9ebe79dca3acd56ec0ba528749c7437e3eb2,48793
data/crosswalk_review_priority_provenance.csv,.csv,comma,"[""automation_record_id"", ""automation_occupation"", ""candidate_rank"", ""onet_soc_code"", ""onet_occupation_title"", ""match_score"", ""matched_via"", ""candidate_relationship_type"", ""onet_description"", ""alternate_title_evidence"", ""reported_title_evidence"", ""reviewer_decision"", ""final_soc_codes"", ""final_relationship_type"", ""reviewer_notes"", ""relationship_type"", ""candidate_type"", ""evidence_source_filename"", ""evidence_source_type"", ""evidence_source_column"", ""evidence_source_title"", ""evidence_quote"", ""candidate_provenance"", ""onet_release"", ""release_verification_status"", ""warning_multi_soc"", ""warning_residual"", ""warning_domain_mismatch"", ""warning_broad_category""]",55,51,"{""automation_record_id"": 0, ""automation_occupation"": 0, ""candidate_rank"": 0, ""onet_soc_code"": 0, ""onet_occupation_title"": 0, ""match_score"": 10, ""matched_via"": 0, ""candidate_relationship_type"": 0, ""onet_description"": 0, ""alternate_title_evidence"": 0, ""reported_title_evidence"": 0, ""reviewer_decision"": 55, ""final_soc_codes"": 55, ""final_relationship_type"": 55, ""reviewer_notes"": 55, ""relationship_type"": 55, ""candidate_type"": 0, ""evidence_source_filename"": 0, ""evidence_source_type"": 0, ""evidence_source_column"": 0, ""evidence_source_title"": 0, ""evidence_quote"": 0, ""candidate_provenance"": 0, ""onet_release"": 0, ""release_verification_status"": 0, ""warning_multi_soc"": 0, ""warning_residual"": 0, ""warning_domain_mismatch"": 0, ""warning_broad_category"": 0}",0,DERIVED,UNKNOWN_OR_FILE_METADATA,UNTRACKED,"CONTEXT_ONLY; no model deserialization, training, or course recommendations",2430adc82674e02e0f6674a4f6f42c1ffe0ab367a5c29cfd110ba812de6e8e9a,145913
data/cv_occupation_mapping/cv_classifier_methodology.csv,.csv,comma,"[""representation"", ""allowed_fields"", ""excluded_fields"", ""split_strategy"", ""metrics"", ""leakage_controls"", ""recommended_status"", ""notes""]",4,,"{""representation"": 0, ""allowed_fields"": 0, ""excluded_fields"": 0, ""split_strategy"": 0, ""metrics"": 0, ""leakage_controls"": 0, ""recommended_status"": 0, ""notes"": 0}",0,DERIVED,UNKNOWN_OR_FILE_METADATA,UNTRACKED,Occupation uncertainty/provenance context; never skill ground truth,8918753216cd6a4a53aff50cae893df03eb685575168e53180a965f914612e48,52374
data/cv_occupation_mapping/cv_occupation_candidate_adjudication.csv,.csv,comma,"[""profile_group_id"", ""engine_inference_status"", ""positions"", ""career_objective"", ""skills"", ""related_skils_in_job"", ""certification_skills"", ""major_field_of_studies"", ""source_start_dates"", ""source_end_dates"", ""source_date_variants"", ""role_chronology_notes"", ""review_flags"", ""reviewer_safeguards"", ""candidate_rank"", ""onet_soc_code"", ""onet_occupation_title"", ""evidence_score"", ""title_evidence_score"", ""objective_evidence_score"", ""skill_support_score"", ""matched_cv_term"", ""matched_source_title"", ""matched_source_type"", ""match_type"", ""supporting_skill_count"", ""official_onet_description"", ""row_type"", ""candidate_decision_allowed_values"", ""candidate_evidence_provenance"", ""candidate_decision"", ""candidate_reason"", ""candidate_confidence"", ""reviewer_id"", ""review_timestamp"", ""no_candidate_reason"", ""reviewer_decision"", ""reviewer_reason""]",118,99,"{""profile_group_id"": 0, ""engine_inference_status"": 0, ""positions"": 0, ""career_objective"": 82, ""skills"": 0, ""related_skils_in_job"": 0, ""certification_skills"": 110, ""major_field_of_studies"": 0, ""source_start_dates"": 0, ""source_end_dates"": 0, ""source_date_variants"": 0, ""role_chronology_notes"": 0, ""review_flags"": 9, ""reviewer_safeguards"": 0, ""candidate_rank"": 7, ""onet_soc_code"": 7, ""onet_occupation_title"": 7, ""evidence_score"": 7, ""title_evidence_score"": 7, ""objective_evidence_score"": 7, ""skill_support_score"": 7, ""matched_cv_term"": 7, ""matched_source_title"": 7, ""matched_source_type"": 7, ""match_type"": 7, ""supporting_skill_count"": 7, ""official_onet_description"": 7, ""row_type"": 0, ""candidate_decision_allowed_values"": 0, ""candidate_evidence_provenance"": 7, ""candidate_decision"": 118, ""candidate_reason"": 118, ""candidate_confidence"": 118, ""reviewer_id"": 118, ""review_timestamp"": 118, ""no_candidate_reason"": 118, ""reviewer_decision"": 118, ""reviewer_reason"": 118}",0,DERIVED,UNKNOWN_OR_FILE_METADATA,UNTRACKED,Occupation uncertainty/provenance context; never skill ground truth,6f6725ea792f64628ea0f88a093e433b6d21bda88b0cf2411c0de5bf9400ce38,317896
data/cv_occupation_mapping/cv_occupation_candidate_details.csv,.csv,comma,"[""profile_group_id"", ""candidate_rank"", ""onet_soc_code"", ""onet_occupation_title"", ""evidence_score"", ""title_evidence_score"", ""objective_evidence_score"", ""skill_support_score"", ""matched_cv_term"", ""matched_source_title"", ""matched_source_type"", ""match_type"", ""supporting_skill_count"", ""candidate_status"", ""notes""]",1148,327,"{""profile_group_id"": 0, ""candidate_rank"": 0, ""onet_soc_code"": 0, ""onet_occupation_title"": 0, ""evidence_score"": 0, ""title_evidence_score"": 0, ""objective_evidence_score"": 0, ""skill_support_score"": 0, ""matched_cv_term"": 0, ""matched_source_title"": 0, ""matched_source_type"": 0, ""match_type"": 0, ""supporting_skill_count"": 0, ""candidate_status"": 0, ""notes"": 0}",0,DERIVED,UNKNOWN_OR_FILE_METADATA,UNTRACKED,Occupation uncertainty/provenance context; never skill ground truth,0c68d854f70ef25bad90e0dc7c3afc107c5cbf60b2402fd326f9c742e4a405b9,904636
data/cv_occupation_mapping/cv_occupation_inference_results.csv,.csv,comma,"[""profile_group_id"", ""inference_status"", ""top_onet_soc_code"", ""top_onet_occupation_title"", ""evidence_score"", ""second_onet_soc_code"", ""second_onet_occupation_title"", ""score_margin"", ""matched_position_title"", ""matched_source_title"", ""matched_via"", ""title_evidence_score"", ""objective_evidence_score"", ""skill_support_score"", ""number_of_candidates"", ""evidence_summary"", ""limitations""]",344,137,"{""profile_group_id"": 0, ""inference_status"": 0, ""top_onet_soc_code"": 95, ""top_onet_occupation_title"": 95, ""evidence_score"": 0, ""second_onet_soc_code"": 161, ""second_onet_occupation_title"": 161, ""score_margin"": 0, ""matched_position_title"": 125, ""matched_source_title"": 95, ""matched_via"": 95, ""title_evidence_score"": 0, ""objective_evidence_score"": 0, ""skill_support_score"": 0, ""number_of_candidates"": 0, ""evidence_summary"": 0, ""limitations"": 0}",0,DERIVED,UNKNOWN_OR_FILE_METADATA,UNTRACKED,Occupation uncertainty/provenance context; never skill ground truth,f8b9a41361dee9165fce412b47eabf1971441fde4b17638aaaffb2896ec03d88,1315934
data/cv_occupation_mapping/cv_occupation_manual_review_provenance.csv,.csv,comma,"[""profile_group_id"", ""positions"", ""career_objective"", ""skills"", ""related_skils_in_job"", ""certification_skills"", ""major_field_of_studies"", ""inference_status"", ""score_margin"", ""candidate_rank"", ""onet_soc_code"", ""onet_occupation_title"", ""evidence_score"", ""title_evidence_score"", ""objective_evidence_score"", ""skill_support_score"", ""matched_cv_term"", ""matched_source_title"", ""matched_source_type"", ""match_type"", ""supporting_skill_count"", ""onet_description"", ""candidate_status"", ""candidate_evidence_provenance"", ""review_flags"", ""review_flag_evidence"", ""reviewer_decision_allowed_values"", ""reviewer_decision"", ""reviewer_soc_code"", ""reviewer_reason"", ""reviewer_confidence""]",118,99,"{""profile_group_id"": 0, ""positions"": 0, ""career_objective"": 82, ""skills"": 0, ""related_skils_in_job"": 0, ""certification_skills"": 110, ""major_field_of_studies"": 0, ""inference_status"": 0, ""score_margin"": 0, ""candidate_rank"": 7, ""onet_soc_code"": 7, ""onet_occupation_title"": 7, ""evidence_score"": 7, ""title_evidence_score"": 7, ""objective_evidence_score"": 7, ""skill_support_score"": 7, ""matched_cv_term"": 7, ""matched_source_title"": 7, ""matched_source_type"": 7, ""match_type"": 7, ""supporting_skill_count"": 7, ""onet_description"": 7, ""candidate_status"": 7, ""candidate_evidence_provenance"": 7, ""review_flags"": 11, ""review_flag_evidence"": 0, ""reviewer_decision_allowed_values"": 0, ""reviewer_decision"": 118, ""reviewer_soc_code"": 118, ""reviewer_reason"": 118, ""reviewer_confidence"": 118}",0,DERIVED,UNKNOWN_OR_FILE_METADATA,UNTRACKED,Occupation uncertainty/provenance context; never skill ground truth,bca1ba49da1fb93caeb58301acb2dd24e8dd5a7811d805b08278ba2ca79c8753,1574027
data/cv_occupation_mapping/cv_occupation_manual_review_sample.csv,.csv,comma,"[""profile_group_id"", ""inference_status"", ""top_onet_soc_code"", ""top_onet_occupation_title"", ""evidence_score"", ""second_onet_soc_code"", ""second_onet_occupation_title"", ""score_margin"", ""matched_position_title"", ""matched_source_title"", ""matched_via"", ""title_evidence_score"", ""objective_evidence_score"", ""skill_support_score"", ""number_of_candidates"", ""evidence_summary"", ""limitations"", ""sample_reason"", ""reviewer_decision"", ""reviewer_soc_code"", ""reviewer_notes""]",32,30,"{""profile_group_id"": 0, ""inference_status"": 0, ""top_onet_soc_code"": 7, ""top_onet_occupation_title"": 7, ""evidence_score"": 0, ""second_onet_soc_code"": 19, ""second_onet_occupation_title"": 19, ""score_margin"": 0, ""matched_position_title"": 10, ""matched_source_title"": 7, ""matched_via"": 7, ""title_evidence_score"": 0, ""objective_evidence_score"": 0, ""skill_support_score"": 0, ""number_of_candidates"": 0, ""evidence_summary"": 0, ""limitations"": 0, ""sample_reason"": 0, ""reviewer_decision"": 32, ""reviewer_soc_code"": 32, ""reviewer_notes"": 32}",0,DERIVED,UNKNOWN_OR_FILE_METADATA,UNTRACKED,Occupation uncertainty/provenance context; never skill ground truth,84dd0d00f30dba7bff3d580c06bce5bd8bca969c84a165085f310b4d4f674274,125205
data/cv_occupation_mapping/cv_occupation_profile_adjudication.csv,.csv,comma,"[""profile_group_id"", ""engine_inference_status"", ""positions"", ""career_objective"", ""skills"", ""related_skils_in_job"", ""certification_skills"", ""major_field_of_studies"", ""source_start_dates"", ""source_end_dates"", ""source_date_variants"", ""role_chronology_notes"", ""review_flags"", ""reviewer_safeguards"", ""top_onet_soc_code"", ""top_onet_occupation_title"", ""evidence_score"", ""score_margin"", ""number_of_candidates"", ""profile_decision_allowed_values"", ""profile_decision"", ""reviewer_soc_codes"", ""profile_reason"", ""reviewer_confidence"", ""reviewer_id"", ""review_timestamp""]",32,20,"{""profile_group_id"": 0, ""engine_inference_status"": 0, ""positions"": 0, ""career_objective"": 15, ""skills"": 0, ""related_skils_in_job"": 0, ""certification_skills"": 26, ""major_field_of_studies"": 0, ""source_start_dates"": 0, ""source_end_dates"": 0, ""source_date_variants"": 0, ""role_chronology_notes"": 0, ""review_flags"": 8, ""reviewer_safeguards"": 0, ""top_onet_soc_code"": 7, ""top_onet_occupation_title"": 7, ""evidence_score"": 0, ""score_margin"": 0, ""number_of_candidates"": 0, ""profile_decision_allowed_values"": 0, ""profile_decision"": 32, ""reviewer_soc_codes"": 32, ""profile_reason"": 32, ""reviewer_confidence"": 32, ""reviewer_id"": 32, ""review_timestamp"": 32}",0,DERIVED,UNKNOWN_OR_FILE_METADATA,UNTRACKED,Occupation uncertainty/provenance context; never skill ground truth,0ecd115a418b81ec59958a6be5e2c27e8b9cd4e5a2141d7119b7730a4401c799,56775
data/cv_occupation_mapping/cv_occupation_training_audit.csv,.csv,comma,"[""resume_row_id"", ""profile_group_id"", ""target_label"", ""target_label_normalized"", ""target_mapping_status"", ""mapped_onet_soc_code_if_unique"", ""cv_text_available"", ""skills_available"", ""career_objective_available"", ""experience_text_available"", ""target_conflict_within_profile_group""]",9544,5,"{""resume_row_id"": 0, ""profile_group_id"": 0, ""target_label"": 0, ""target_label_normalized"": 0, ""target_mapping_status"": 0, ""mapped_onet_soc_code_if_unique"": 7840, ""cv_text_available"": 0, ""skills_available"": 0, ""career_objective_available"": 0, ""experience_text_available"": 0, ""target_conflict_within_profile_group"": 0}",0,DERIVED,UNKNOWN_OR_FILE_METADATA,UNTRACKED,Occupation uncertainty/provenance context; never skill ground truth,de0e1acdabb9d225de3fab140e26bd3861737932fa38af37c851a712c50e5670,1646338
data/cv_occupation_mapping/frozen_v1_0/cv_occupation_candidate_audit_frozen_v1_0.csv,.csv,comma,"[""profile_group_id"", ""candidate_rank"", ""onet_soc_code"", ""onet_occupation_title"", ""evidence_score"", ""title_evidence_score"", ""objective_evidence_score"", ""skill_support_score"", ""domain_support_score"", ""generic_title_penalty"", ""broad_alias_penalty"", ""domain_conflict_penalty"", ""matched_cv_term"", ""matched_source_title"", ""matched_source_type"", ""match_type"", ""supporting_skill_count"", ""candidate_status"", ""review_flags"", ""evidence_provenance"", ""supporting_skills"", ""domain_tokens"", ""generation_rank"", ""candidate_eligible"", ""eligibility_reason"", ""strong_evidence_count"", ""independent_evidence_types"", ""eligibility_provenance"", ""role_support_relationship"", ""official_onet_description"", ""domain_family_support"", ""domain_family_conflict"", ""domain_family_reason"", ""domain_family_provenance"", ""specific_occupational_phrase"", ""compound_role_component"", ""compound_role_evidence_type"", ""role_family_count"", ""multi_role_singleton_risk"", ""role_family_evidence""]",3193,595,"{""profile_group_id"": 0, ""candidate_rank"": 2596, ""onet_soc_code"": 0, ""onet_occupation_title"": 0, ""evidence_score"": 0, ""title_evidence_score"": 0, ""objective_evidence_score"": 0, ""skill_support_score"": 0, ""domain_support_score"": 0, ""generic_title_penalty"": 0, ""broad_alias_penalty"": 0, ""domain_conflict_penalty"": 0, ""matched_cv_term"": 0, ""matched_source_title"": 0, ""matched_source_type"": 0, ""match_type"": 0, ""supporting_skill_count"": 0, ""candidate_status"": 0, ""review_flags"": 124, ""evidence_provenance"": 0, ""supporting_skills"": 0, ""domain_tokens"": 0, ""generation_rank"": 0, ""candidate_eligible"": 0, ""eligibility_reason"": 0, ""strong_evidence_count"": 0, ""independent_evidence_types"": 0, ""eligibility_provenance"": 0, ""role_support_relationship"": 0, ""official_onet_description"": 0, ""domain_family_support"": 0, ""domain_family_conflict"": 0, ""domain_family_reason"": 0, ""domain_family_provenance"": 0, ""specific_occupational_phrase"": 0, ""compound_role_component"": 0, ""compound_role_evidence_type"": 0, ""role_family_count"": 0, ""multi_role_singleton_risk"": 0, ""role_family_evidence"": 0}",0,DERIVED,Frozen v1.0,TRACKED,Occupation uncertainty/provenance context; never skill ground truth,c154afe721e90443b31c1ac7780f3e668cf59401b20da6cb4125d56d117ac4d5,10363221
data/cv_occupation_mapping/frozen_v1_0/cv_occupation_inference_frozen_v1_0.csv,.csv,comma,"[""profile_group_id"", ""inference_status"", ""top_onet_soc_code"", ""top_onet_occupation_title"", ""evidence_score"", ""second_onet_soc_code"", ""second_onet_occupation_title"", ""score_margin"", ""eligible_candidate_count"", ""total_generated_candidates"", ""rejected_candidate_count"", ""review_flags"", ""title_evidence_score"", ""objective_evidence_score"", ""skill_support_score"", ""domain_support_score"", ""generic_title_penalty"", ""broad_alias_penalty"", ""domain_conflict_penalty"", ""strong_evidence_count"", ""evidence_summary"", ""role_family_count"", ""multi_role_singleton_risk"", ""role_family_evidence"", ""limitations""]",344,128,"{""profile_group_id"": 0, ""inference_status"": 0, ""top_onet_soc_code"": 108, ""top_onet_occupation_title"": 108, ""evidence_score"": 0, ""second_onet_soc_code"": 198, ""second_onet_occupation_title"": 198, ""score_margin"": 0, ""eligible_candidate_count"": 0, ""total_generated_candidates"": 0, ""rejected_candidate_count"": 0, ""review_flags"": 7, ""title_evidence_score"": 0, ""objective_evidence_score"": 0, ""skill_support_score"": 0, ""domain_support_score"": 0, ""generic_title_penalty"": 0, ""broad_alias_penalty"": 0, ""domain_conflict_penalty"": 0, ""strong_evidence_count"": 0, ""evidence_summary"": 0, ""role_family_count"": 0, ""multi_role_singleton_risk"": 0, ""role_family_evidence"": 0, ""limitations"": 0}",0,DERIVED,Frozen v1.0,TRACKED,Occupation uncertainty/provenance context; never skill ground truth,359190cf266ba402e5d02c2ae8f23a35172d365d178fb35b229d38e894c9f3f5,3277047
data/cv_occupation_mapping/frozen_v1_0/occupation_inference_downstream_contract.csv,.csv,comma,"[""rule_id"", ""inference_status_or_concept"", ""downstream_handling"", ""required_preservation"", ""prohibited_interpretation""]",8,,"{""rule_id"": 0, ""inference_status_or_concept"": 0, ""downstream_handling"": 0, ""required_preservation"": 0, ""prohibited_interpretation"": 0}",0,DERIVED,Frozen v1.0,TRACKED,Occupation uncertainty/provenance context; never skill ground truth,fdb7de7b6bee992be127ab535ad46f0214766015e8d79fc4b079828527a55633,1370
data/cv_occupation_mapping/frozen_v1_0/occupation_inference_freeze_manifest.json,.json,,"[""freeze_version"", ""source_engine"", ""frozen_engine"", ""freeze_date"", ""methodology_type"", ""training_used"", ""experimental_model_used"", ""automation_probability_used"", ""job_side_labels_used"", ""input_sha256_before"", ""input_sha256_after"", ""v2_2_output_sha256"", ""engine_byte_identical"", ""source_engine_sha256"", ""frozen_engine_sha256"", ""profile_count"", ""status_counts"", ""generated_candidate_count"", ""eligible_candidate_count"", ""rejected_candidate_count"", ""behavioral_reproduction"", ""runtime_contract"", ""scoring_formula"", ""scoring_components"", ""decision_thresholds"", ""eligibility_rules"", ""generic_title_policy"", ""broad_alias_policy"", ""fuzzy_policy"", ""compound_role_policy"", ""domain_family_policy"", ""multi_role_singleton_policy"", ""approved_aliases_actually_used"", ""pending_aliases_explicitly_excluded"", ""known_limitations"", ""known_review_risks"", ""reviewer_fields"", ""freeze_interpretation"", ""artifacts"", ""integrity""]",,,NOT_APPLICABLE_NON_TABULAR,,DERIVED,Frozen v1.0,TRACKED,Occupation uncertainty/provenance context; never skill ground truth,8eff580e3eb0f6b27c3c5de767d8fa266cf8cded0e93fe2a99cc929cbbb83e1c,22999
data/cv_occupation_mapping/frozen_v1_0/occupation_inference_limitations_v1_0.csv,.csv,comma,"[""limitation_id"", ""category"", ""description"", ""impact"", ""system_behavior"", ""downstream_handling"", ""status""]",18,,"{""limitation_id"": 0, ""category"": 0, ""description"": 0, ""impact"": 0, ""system_behavior"": 0, ""downstream_handling"": 0, ""status"": 0}",0,DERIVED,Frozen v1.0,TRACKED,Occupation uncertainty/provenance context; never skill ground truth,350b8d00db3c924f048717728746e17df1b38b018b1c1e5ddc990ba3cbb71591,3854
data/cv_occupation_mapping/occupation_title_aliases_v1.csv,.csv,comma,"[""alias"", ""expanded_form"", ""version"", ""status"", ""reason"", ""source_provenance""]",1,,"{""alias"": 0, ""expanded_form"": 0, ""version"": 0, ""status"": 0, ""reason"": 0, ""source_provenance"": 0}",0,DERIVED,UNKNOWN_OR_FILE_METADATA,UNTRACKED,Occupation uncertainty/provenance context; never skill ground truth,3ef978756e583cdba31a75faf90a65f1794487a8e84450d068fe7f2880979ac8,432
data/cv_occupation_mapping/target_label_onet_candidates.csv,.csv,comma,"[""target_label"", ""normalized_target_label"", ""onet_soc_code"", ""onet_occupation_title"", ""matched_via"", ""source_title"", ""match_type"", ""review_status"", ""notes""]",52,30,"{""target_label"": 0, ""normalized_target_label"": 0, ""onet_soc_code"": 7, ""onet_occupation_title"": 7, ""matched_via"": 0, ""source_title"": 7, ""match_type"": 0, ""review_status"": 0, ""notes"": 0}",0,DERIVED,UNKNOWN_OR_FILE_METADATA,UNTRACKED,Occupation uncertainty/provenance context; never skill ground truth,e5620730d5e3e11d07df5801a196095da050aaa0d75c70733d950b4086071ee2,19871
data/cv_occupation_mapping/v2/cv_occupation_candidate_details_v2.csv,.csv,comma,"[""profile_group_id"", ""candidate_rank"", ""onet_soc_code"", ""onet_occupation_title"", ""evidence_score"", ""title_evidence_score"", ""objective_evidence_score"", ""skill_support_score"", ""domain_support_score"", ""generic_title_penalty"", ""broad_alias_penalty"", ""domain_conflict_penalty"", ""matched_cv_term"", ""matched_source_title"", ""matched_source_type"", ""match_type"", ""supporting_skill_count"", ""candidate_status"", ""review_flags"", ""evidence_provenance"", ""supporting_skills"", ""domain_tokens""]",3193,595,"{""profile_group_id"": 0, ""candidate_rank"": 0, ""onet_soc_code"": 0, ""onet_occupation_title"": 0, ""evidence_score"": 0, ""title_evidence_score"": 0, ""objective_evidence_score"": 0, ""skill_support_score"": 0, ""domain_support_score"": 0, ""generic_title_penalty"": 0, ""broad_alias_penalty"": 0, ""domain_conflict_penalty"": 0, ""matched_cv_term"": 0, ""matched_source_title"": 0, ""matched_source_type"": 0, ""match_type"": 0, ""supporting_skill_count"": 0, ""candidate_status"": 0, ""review_flags"": 124, ""evidence_provenance"": 0, ""supporting_skills"": 0, ""domain_tokens"": 0}",0,DERIVED,UNKNOWN_OR_FILE_METADATA,UNTRACKED,Occupation uncertainty/provenance context; never skill ground truth,b7f4a8528f1efb31899534058ec565132d9852616bfc6e9cf3e9985884ff4655,4419299
data/cv_occupation_mapping/v2/cv_occupation_inference_results_v2.csv,.csv,comma,"[""profile_group_id"", ""inference_status"", ""top_onet_soc_code"", ""top_onet_occupation_title"", ""evidence_score"", ""second_onet_soc_code"", ""second_onet_occupation_title"", ""score_margin"", ""number_of_candidates"", ""review_flags"", ""title_evidence_score"", ""objective_evidence_score"", ""skill_support_score"", ""domain_support_score"", ""generic_title_penalty"", ""broad_alias_penalty"", ""domain_conflict_penalty"", ""matched_cv_term"", ""evidence_summary"", ""limitations""]",344,195,"{""profile_group_id"": 0, ""inference_status"": 0, ""top_onet_soc_code"": 25, ""top_onet_occupation_title"": 25, ""evidence_score"": 0, ""second_onet_soc_code"": 43, ""second_onet_occupation_title"": 43, ""score_margin"": 0, ""number_of_candidates"": 0, ""review_flags"": 12, ""title_evidence_score"": 0, ""objective_evidence_score"": 0, ""skill_support_score"": 0, ""domain_support_score"": 0, ""generic_title_penalty"": 0, ""broad_alias_penalty"": 0, ""domain_conflict_penalty"": 0, ""matched_cv_term"": 25, ""evidence_summary"": 0, ""limitations"": 0}",0,DERIVED,UNKNOWN_OR_FILE_METADATA,UNTRACKED,Occupation uncertainty/provenance context; never skill ground truth,6ce76d546182a252fa2e9f0d0c167b1279238961fc287ce80637a6da43d19381,2422858
data/cv_occupation_mapping/v2/cv_occupation_v1_v2_review_comparison.csv,.csv,comma,"[""profile_group_id"", ""v1_status"", ""v1_top_soc"", ""v1_top_title"", ""v1_evidence_score"", ""v1_candidate_count"", ""v2_status"", ""v2_top_soc"", ""v2_top_title"", ""v2_evidence_score"", ""v2_candidate_count"", ""status_changed"", ""top_candidate_changed"", ""candidate_count_changed"", ""v2_review_flags"", ""change_explanation""]",32,32,"{""profile_group_id"": 0, ""v1_status"": 0, ""v1_top_soc"": 7, ""v1_top_title"": 7, ""v1_evidence_score"": 0, ""v1_candidate_count"": 0, ""v2_status"": 0, ""v2_top_soc"": 0, ""v2_top_title"": 0, ""v2_evidence_score"": 0, ""v2_candidate_count"": 0, ""status_changed"": 0, ""top_candidate_changed"": 0, ""candidate_count_changed"": 0, ""v2_review_flags"": 3, ""change_explanation"": 0}",0,DERIVED,UNKNOWN_OR_FILE_METADATA,UNTRACKED,Occupation uncertainty/provenance context; never skill ground truth,f277168b58050f130fd3399a5c41e0b555aa0c370b2fde0a693cfdaac3174faf,17423
data/cv_occupation_mapping/v2/cv_occupation_v2_manual_review.csv,.csv,comma,"[""profile_group_id"", ""candidate_rank"", ""onet_soc_code"", ""onet_occupation_title"", ""evidence_score"", ""title_evidence_score"", ""objective_evidence_score"", ""skill_support_score"", ""domain_support_score"", ""generic_title_penalty"", ""broad_alias_penalty"", ""domain_conflict_penalty"", ""matched_cv_term"", ""matched_source_title"", ""matched_source_type"", ""match_type"", ""supporting_skill_count"", ""candidate_status"", ""review_flags"", ""evidence_provenance"", ""supporting_skills"", ""domain_tokens"", ""positions"", ""career_objective"", ""skills"", ""related_skils_in_job"", ""certification_skills"", ""major_field_of_studies"", ""engine_inference_status"", ""profile_review_flags"", ""row_type"", ""reviewer_decision"", ""reviewer_soc_code"", ""reviewer_reason"", ""reviewer_confidence""]",323,211,"{""profile_group_id"": 0, ""candidate_rank"": 0, ""onet_soc_code"": 0, ""onet_occupation_title"": 0, ""evidence_score"": 0, ""title_evidence_score"": 0, ""objective_evidence_score"": 0, ""skill_support_score"": 0, ""domain_support_score"": 0, ""generic_title_penalty"": 0, ""broad_alias_penalty"": 0, ""domain_conflict_penalty"": 0, ""matched_cv_term"": 0, ""matched_source_title"": 0, ""matched_source_type"": 0, ""match_type"": 0, ""supporting_skill_count"": 0, ""candidate_status"": 0, ""review_flags"": 16, ""evidence_provenance"": 0, ""supporting_skills"": 0, ""domain_tokens"": 0, ""positions"": 0, ""career_objective"": 182, ""skills"": 0, ""related_skils_in_job"": 0, ""certification_skills"": 232, ""major_field_of_studies"": 0, ""engine_inference_status"": 0, ""profile_review_flags"": 3, ""row_type"": 0, ""reviewer_decision"": 323, ""reviewer_soc_code"": 323, ""reviewer_reason"": 323, ""reviewer_confidence"": 323}",0,DERIVED,UNKNOWN_OR_FILE_METADATA,UNTRACKED,Occupation uncertainty/provenance context; never skill ground truth,34647ed9aca6f24f22d474ef0eca71047042177c9a69bdf21a34d093da3d0224,725613
data/cv_occupation_mapping/v2_1/cv_occupation_candidate_details_v2_1.csv,.csv,comma,"[""profile_group_id"", ""candidate_rank"", ""onet_soc_code"", ""onet_occupation_title"", ""evidence_score"", ""title_evidence_score"", ""objective_evidence_score"", ""skill_support_score"", ""domain_support_score"", ""generic_title_penalty"", ""broad_alias_penalty"", ""domain_conflict_penalty"", ""matched_cv_term"", ""matched_source_title"", ""matched_source_type"", ""match_type"", ""supporting_skill_count"", ""candidate_status"", ""review_flags"", ""evidence_provenance"", ""supporting_skills"", ""domain_tokens"", ""generation_rank"", ""candidate_eligible"", ""eligibility_reason"", ""strong_evidence_count"", ""independent_evidence_types"", ""eligibility_provenance"", ""role_support_relationship"", ""official_onet_description""]",3193,595,"{""profile_group_id"": 0, ""candidate_rank"": 2522, ""onet_soc_code"": 0, ""onet_occupation_title"": 0, ""evidence_score"": 0, ""title_evidence_score"": 0, ""objective_evidence_score"": 0, ""skill_support_score"": 0, ""domain_support_score"": 0, ""generic_title_penalty"": 0, ""broad_alias_penalty"": 0, ""domain_conflict_penalty"": 0, ""matched_cv_term"": 0, ""matched_source_title"": 0, ""matched_source_type"": 0, ""match_type"": 0, ""supporting_skill_count"": 0, ""candidate_status"": 0, ""review_flags"": 124, ""evidence_provenance"": 0, ""supporting_skills"": 0, ""domain_tokens"": 0, ""generation_rank"": 0, ""candidate_eligible"": 0, ""eligibility_reason"": 0, ""strong_evidence_count"": 0, ""independent_evidence_types"": 0, ""eligibility_provenance"": 0, ""role_support_relationship"": 0, ""official_onet_description"": 0}",0,DERIVED,UNKNOWN_OR_FILE_METADATA,UNTRACKED,Occupation uncertainty/provenance context; never skill ground truth,2c6fe58e211e5ed15d9b115ae61a728b377a00e99f7b259e08e8361178acac17,6658097
data/cv_occupation_mapping/v2_1/cv_occupation_inference_results_v2_1.csv,.csv,comma,"[""profile_group_id"", ""inference_status"", ""top_onet_soc_code"", ""top_onet_occupation_title"", ""evidence_score"", ""second_onet_soc_code"", ""second_onet_occupation_title"", ""score_margin"", ""eligible_candidate_count"", ""total_generated_candidates"", ""rejected_candidate_count"", ""review_flags"", ""title_evidence_score"", ""objective_evidence_score"", ""skill_support_score"", ""domain_support_score"", ""generic_title_penalty"", ""broad_alias_penalty"", ""domain_conflict_penalty"", ""strong_evidence_count"", ""evidence_summary"", ""limitations""]",344,132,"{""profile_group_id"": 0, ""inference_status"": 0, ""top_onet_soc_code"": 103, ""top_onet_occupation_title"": 103, ""evidence_score"": 0, ""second_onet_soc_code"": 189, ""second_onet_occupation_title"": 189, ""score_margin"": 0, ""eligible_candidate_count"": 0, ""total_generated_candidates"": 0, ""rejected_candidate_count"": 0, ""review_flags"": 13, ""title_evidence_score"": 0, ""objective_evidence_score"": 0, ""skill_support_score"": 0, ""domain_support_score"": 0, ""generic_title_penalty"": 0, ""broad_alias_penalty"": 0, ""domain_conflict_penalty"": 0, ""strong_evidence_count"": 0, ""evidence_summary"": 0, ""limitations"": 0}",0,DERIVED,UNKNOWN_OR_FILE_METADATA,UNTRACKED,Occupation uncertainty/provenance context; never skill ground truth,765c03526b3d6dec9189b6856464a20e21f5c883d8be351e2f85bcae03cb1113,2660947
data/cv_occupation_mapping/v2_1/cv_occupation_v1_v2_v2_1_comparison.csv,.csv,comma,"[""profile_group_id"", ""v1_status"", ""v1_top_soc"", ""v1_top_title"", ""v1_candidate_count"", ""v2_status"", ""v2_top_soc"", ""v2_top_title"", ""v2_candidate_count"", ""v2_1_status"", ""v2_1_top_soc"", ""v2_1_top_title"", ""v2_1_eligible_candidate_count"", ""total_generated_candidates_v2_1"", ""rejected_candidate_count"", ""status_changed_from_v2"", ""top_changed_from_v2"", ""change_explanation""]",32,35,"{""profile_group_id"": 0, ""v1_status"": 0, ""v1_top_soc"": 7, ""v1_top_title"": 7, ""v1_candidate_count"": 0, ""v2_status"": 0, ""v2_top_soc"": 0, ""v2_top_title"": 0, ""v2_candidate_count"": 0, ""v2_1_status"": 0, ""v2_1_top_soc"": 5, ""v2_1_top_title"": 5, ""v2_1_eligible_candidate_count"": 0, ""total_generated_candidates_v2_1"": 0, ""rejected_candidate_count"": 0, ""status_changed_from_v2"": 0, ""top_changed_from_v2"": 0, ""change_explanation"": 0}",0,DERIVED,UNKNOWN_OR_FILE_METADATA,UNTRACKED,Occupation uncertainty/provenance context; never skill ground truth,f5c50aa8c6112e8cbfef978b6091463a2b155fe5c41778daa8ec47edbfbaa51d,22077
data/cv_occupation_mapping/v2_1/cv_occupation_v2_1_manual_review.csv,.csv,comma,"[""profile_group_id"", ""candidate_rank"", ""onet_soc_code"", ""onet_occupation_title"", ""evidence_score"", ""title_evidence_score"", ""objective_evidence_score"", ""skill_support_score"", ""domain_support_score"", ""generic_title_penalty"", ""broad_alias_penalty"", ""domain_conflict_penalty"", ""matched_cv_term"", ""matched_source_title"", ""matched_source_type"", ""match_type"", ""supporting_skill_count"", ""candidate_status"", ""review_flags"", ""evidence_provenance"", ""supporting_skills"", ""domain_tokens"", ""generation_rank"", ""candidate_eligible"", ""eligibility_reason"", ""strong_evidence_count"", ""independent_evidence_types"", ""eligibility_provenance"", ""role_support_relationship"", ""official_onet_description"", ""positions"", ""career_objective"", ""skills"", ""related_skils_in_job"", ""certification_skills"", ""major_field_of_studies"", ""engine_inference_status"", ""profile_review_flags"", ""row_type"", ""reviewer_decision"", ""reviewer_soc_code"", ""reviewer_reason"", ""reviewer_confidence""]",323,211,"{""profile_group_id"": 0, ""candidate_rank"": 250, ""onet_soc_code"": 0, ""onet_occupation_title"": 0, ""evidence_score"": 0, ""title_evidence_score"": 0, ""objective_evidence_score"": 0, ""skill_support_score"": 0, ""domain_support_score"": 0, ""generic_title_penalty"": 0, ""broad_alias_penalty"": 0, ""domain_conflict_penalty"": 0, ""matched_cv_term"": 0, ""matched_source_title"": 0, ""matched_source_type"": 0, ""match_type"": 0, ""supporting_skill_count"": 0, ""candidate_status"": 0, ""review_flags"": 16, ""evidence_provenance"": 0, ""supporting_skills"": 0, ""domain_tokens"": 0, ""generation_rank"": 0, ""candidate_eligible"": 0, ""eligibility_reason"": 0, ""strong_evidence_count"": 0, ""independent_evidence_types"": 0, ""eligibility_provenance"": 0, ""role_support_relationship"": 0, ""official_onet_description"": 0, ""positions"": 0, ""career_objective"": 182, ""skills"": 0, ""related_skils_in_job"": 0, ""certification_skills"": 232, ""major_field_of_studies"": 0, ""engine_inference_status"": 0, ""profile_review_flags"": 15, ""row_type"": 0, ""reviewer_decision"": 323, ""reviewer_soc_code"": 323, ""reviewer_reason"": 323, ""reviewer_confidence"": 323}",0,DERIVED,UNKNOWN_OR_FILE_METADATA,UNTRACKED,Occupation uncertainty/provenance context; never skill ground truth,e38da51db6b86eca6d6434d755b9ed703497b48aff429afdbf67d443d3339e64,945863
data/cv_occupation_mapping/v2_2/cv_occupation_candidate_details_v2_2.csv,.csv,comma,"[""profile_group_id"", ""candidate_rank"", ""onet_soc_code"", ""onet_occupation_title"", ""evidence_score"", ""title_evidence_score"", ""objective_evidence_score"", ""skill_support_score"", ""domain_support_score"", ""generic_title_penalty"", ""broad_alias_penalty"", ""domain_conflict_penalty"", ""matched_cv_term"", ""matched_source_title"", ""matched_source_type"", ""match_type"", ""supporting_skill_count"", ""candidate_status"", ""review_flags"", ""evidence_provenance"", ""supporting_skills"", ""domain_tokens"", ""generation_rank"", ""candidate_eligible"", ""eligibility_reason"", ""strong_evidence_count"", ""independent_evidence_types"", ""eligibility_provenance"", ""role_support_relationship"", ""official_onet_description"", ""domain_family_support"", ""domain_family_conflict"", ""domain_family_reason"", ""domain_family_provenance"", ""specific_occupational_phrase"", ""compound_role_component"", ""compound_role_evidence_type"", ""role_family_count"", ""multi_role_singleton_risk"", ""role_family_evidence""]",3193,595,"{""profile_group_id"": 0, ""candidate_rank"": 2596, ""onet_soc_code"": 0, ""onet_occupation_title"": 0, ""evidence_score"": 0, ""title_evidence_score"": 0, ""objective_evidence_score"": 0, ""skill_support_score"": 0, ""domain_support_score"": 0, ""generic_title_penalty"": 0, ""broad_alias_penalty"": 0, ""domain_conflict_penalty"": 0, ""matched_cv_term"": 0, ""matched_source_title"": 0, ""matched_source_type"": 0, ""match_type"": 0, ""supporting_skill_count"": 0, ""candidate_status"": 0, ""review_flags"": 124, ""evidence_provenance"": 0, ""supporting_skills"": 0, ""domain_tokens"": 0, ""generation_rank"": 0, ""candidate_eligible"": 0, ""eligibility_reason"": 0, ""strong_evidence_count"": 0, ""independent_evidence_types"": 0, ""eligibility_provenance"": 0, ""role_support_relationship"": 0, ""official_onet_description"": 0, ""domain_family_support"": 0, ""domain_family_conflict"": 0, ""domain_family_reason"": 0, ""domain_family_provenance"": 0, ""specific_occupational_phrase"": 0, ""compound_role_component"": 0, ""compound_role_evidence_type"": 0, ""role_family_count"": 0, ""multi_role_singleton_risk"": 0, ""role_family_evidence"": 0}",0,DERIVED,UNKNOWN_OR_FILE_METADATA,UNTRACKED,Occupation uncertainty/provenance context; never skill ground truth,c154afe721e90443b31c1ac7780f3e668cf59401b20da6cb4125d56d117ac4d5,10363221
data/cv_occupation_mapping/v2_2/cv_occupation_inference_results_v2_2.csv,.csv,comma,"[""profile_group_id"", ""inference_status"", ""top_onet_soc_code"", ""top_onet_occupation_title"", ""evidence_score"", ""second_onet_soc_code"", ""second_onet_occupation_title"", ""score_margin"", ""eligible_candidate_count"", ""total_generated_candidates"", ""rejected_candidate_count"", ""review_flags"", ""title_evidence_score"", ""objective_evidence_score"", ""skill_support_score"", ""domain_support_score"", ""generic_title_penalty"", ""broad_alias_penalty"", ""domain_conflict_penalty"", ""strong_evidence_count"", ""evidence_summary"", ""role_family_count"", ""multi_role_singleton_risk"", ""role_family_evidence"", ""limitations""]",344,128,"{""profile_group_id"": 0, ""inference_status"": 0, ""top_onet_soc_code"": 108, ""top_onet_occupation_title"": 108, ""evidence_score"": 0, ""second_onet_soc_code"": 198, ""second_onet_occupation_title"": 198, ""score_margin"": 0, ""eligible_candidate_count"": 0, ""total_generated_candidates"": 0, ""rejected_candidate_count"": 0, ""review_flags"": 7, ""title_evidence_score"": 0, ""objective_evidence_score"": 0, ""skill_support_score"": 0, ""domain_support_score"": 0, ""generic_title_penalty"": 0, ""broad_alias_penalty"": 0, ""domain_conflict_penalty"": 0, ""strong_evidence_count"": 0, ""evidence_summary"": 0, ""role_family_count"": 0, ""multi_role_singleton_risk"": 0, ""role_family_evidence"": 0, ""limitations"": 0}",0,DERIVED,UNKNOWN_OR_FILE_METADATA,UNTRACKED,Occupation uncertainty/provenance context; never skill ground truth,359190cf266ba402e5d02c2ae8f23a35172d365d178fb35b229d38e894c9f3f5,3277047
data/cv_occupation_mapping/v2_2/cv_occupation_v1_v2_v2_1_v2_2_comparison.csv,.csv,comma,"[""profile_group_id"", ""v1_status"", ""v1_top_soc"", ""v1_top_title"", ""v1_candidate_count"", ""v2_status"", ""v2_top_soc"", ""v2_top_title"", ""v2_candidate_count"", ""v2_1_status"", ""v2_1_top_soc"", ""v2_1_top_title"", ""v2_1_eligible_count"", ""v2_2_status"", ""v2_2_top_soc"", ""v2_2_top_title"", ""v2_2_eligible_count"", ""total_generated_candidates_v2_2"", ""rejected_candidate_count"", ""status_changed_from_v2_1"", ""top_changed_from_v2_1"", ""v2_2_review_flags"", ""change_explanation""]",32,35,"{""profile_group_id"": 0, ""v1_status"": 0, ""v1_top_soc"": 7, ""v1_top_title"": 7, ""v1_candidate_count"": 0, ""v2_status"": 0, ""v2_top_soc"": 0, ""v2_top_title"": 0, ""v2_candidate_count"": 0, ""v2_1_status"": 0, ""v2_1_top_soc"": 5, ""v2_1_top_title"": 5, ""v2_1_eligible_count"": 0, ""v2_2_status"": 0, ""v2_2_top_soc"": 5, ""v2_2_top_title"": 5, ""v2_2_eligible_count"": 0, ""total_generated_candidates_v2_2"": 0, ""rejected_candidate_count"": 0, ""status_changed_from_v2_1"": 0, ""top_changed_from_v2_1"": 0, ""v2_2_review_flags"": 1, ""change_explanation"": 0}",0,DERIVED,UNKNOWN_OR_FILE_METADATA,UNTRACKED,Occupation uncertainty/provenance context; never skill ground truth,c194610d4706d84e8b01fdad2940f8dc98538cc62ec59f79da4bef2e95d5c6e3,26221
data/cv_occupation_mapping/v2_2/cv_occupation_v2_2_final_review.csv,.csv,comma,"[""profile_group_id"", ""candidate_rank"", ""onet_soc_code"", ""onet_occupation_title"", ""evidence_score"", ""title_evidence_score"", ""objective_evidence_score"", ""skill_support_score"", ""domain_support_score"", ""generic_title_penalty"", ""broad_alias_penalty"", ""domain_conflict_penalty"", ""matched_cv_term"", ""matched_source_title"", ""matched_source_type"", ""match_type"", ""supporting_skill_count"", ""candidate_status"", ""review_flags"", ""evidence_provenance"", ""supporting_skills"", ""domain_tokens"", ""generation_rank"", ""candidate_eligible"", ""eligibility_reason"", ""strong_evidence_count"", ""independent_evidence_types"", ""eligibility_provenance"", ""role_support_relationship"", ""official_onet_description"", ""domain_family_support"", ""domain_family_conflict"", ""domain_family_reason"", ""domain_family_provenance"", ""specific_occupational_phrase"", ""compound_role_component"", ""compound_role_evidence_type"", ""role_family_count"", ""multi_role_singleton_risk"", ""role_family_evidence"", ""positions"", ""career_objective"", ""skills"", ""related_skils_in_job"", ""certification_skills"", ""major_field_of_studies"", ""engine_inference_status"", ""profile_review_flags"", ""row_type"", ""reviewer_decision"", ""reviewer_soc_codes"", ""reviewer_reason"", ""reviewer_confidence"", ""freeze_decision""]",323,211,"{""profile_group_id"": 0, ""candidate_rank"": 264, ""onet_soc_code"": 0, ""onet_occupation_title"": 0, ""evidence_score"": 0, ""title_evidence_score"": 0, ""objective_evidence_score"": 0, ""skill_support_score"": 0, ""domain_support_score"": 0, ""generic_title_penalty"": 0, ""broad_alias_penalty"": 0, ""domain_conflict_penalty"": 0, ""matched_cv_term"": 0, ""matched_source_title"": 0, ""matched_source_type"": 0, ""match_type"": 0, ""supporting_skill_count"": 0, ""candidate_status"": 0, ""review_flags"": 16, ""evidence_provenance"": 0, ""supporting_skills"": 0, ""domain_tokens"": 0, ""generation_rank"": 0, ""candidate_eligible"": 0, ""eligibility_reason"": 0, ""strong_evidence_count"": 0, ""independent_evidence_types"": 0, ""eligibility_provenance"": 0, ""role_support_relationship"": 0, ""official_onet_description"": 0, ""domain_family_support"": 0, ""domain_family_conflict"": 0, ""domain_family_reason"": 0, ""domain_family_provenance"": 0, ""specific_occupational_phrase"": 0, ""compound_role_component"": 0, ""compound_role_evidence_type"": 0, ""role_family_count"": 0, ""multi_role_singleton_risk"": 0, ""role_family_evidence"": 0, ""positions"": 0, ""career_objective"": 182, ""skills"": 0, ""related_skils_in_job"": 0, ""certification_skills"": 232, ""major_field_of_studies"": 0, ""engine_inference_status"": 0, ""profile_review_flags"": 1, ""row_type"": 0, ""reviewer_decision"": 323, ""reviewer_soc_codes"": 323, ""reviewer_reason"": 323, ""reviewer_confidence"": 323, ""freeze_decision"": 323}",0,DERIVED,UNKNOWN_OR_FILE_METADATA,UNTRACKED,Occupation uncertainty/provenance context; never skill ground truth,caca180b431ce7bfa01890ddabb91654aafa7969d487e8a0b9553e68a6a7f4c8,1286715
data/Job Titles.xlsx,.xlsx,,"[""O*NET-SOC Code"", ""Title"", ""Job Title"", ""Short Title"", ""Source(s)""]",54269,1016,"{""O*NET-SOC Code"": 0, ""Title"": 0, ""Job Title"": 0, ""Short Title"": 49814, ""Source(s)"": 0}",0,RAW_OR_LEGACY_INPUT,UNKNOWN_OR_FILE_METADATA,UNTRACKED,Skill evidence/input audit; validate before future reuse,1d5f1e469e99d95b9496ca7beb094fa107c215ede6249129955345c774904c0d,1230048
data/ml_methodology_audit.csv,.csv,comma,"[""architecture"", ""target"", ""features"", ""sample_unit"", ""estimated_sample_size"", ""leakage_risk"", ""scientific_validity"", ""recommended_role"", ""notes""]",5,,"{""architecture"": 0, ""target"": 0, ""features"": 0, ""sample_unit"": 0, ""estimated_sample_size"": 0, ""leakage_risk"": 0, ""scientific_validity"": 0, ""recommended_role"": 0, ""notes"": 0}",0,DERIVED,UNKNOWN_OR_FILE_METADATA,UNTRACKED,Skill evidence/input audit; validate before future reuse,310d4ddf4ffd23a874ed73caecc4970a8a4bed8124caa03bd690692583329290,25488
data/Occupation Data.xlsx,.xlsx,,"[""O*NET-SOC Code"", ""Title"", ""Description""]",1016,1016,"{""O*NET-SOC Code"": 0, ""Title"": 0, ""Description"": 0}",0,RAW_OR_LEGACY_INPUT,UNKNOWN_OR_FILE_METADATA,UNTRACKED,Skill evidence/input audit; validate before future reuse,13b2aa4c08e6c9a3708d5e5ac83e13da5cc184e3798313c8942a266d00593ace,102540
data/onet_31_audit.csv,.csv,comma,"[""file_path"", ""audit_section"", ""metric"", ""field"", ""onet_soc_code"", ""onet_title"", ""value"", ""status"", ""notes"", ""sha256_before"", ""sha256_after"", ""source_reference""]",890,163,"{""file_path"": 0, ""audit_section"": 0, ""metric"": 0, ""field"": 802, ""onet_soc_code"": 236, ""onet_title"": 236, ""value"": 0, ""status"": 0, ""notes"": 873, ""sha256_before"": 3, ""sha256_after"": 3, ""source_reference"": 884}",0,DERIVED,UNKNOWN_OR_FILE_METADATA,UNTRACKED,Skill evidence/input audit; validate before future reuse,a2ae87f6d55d3fa173498b93d0ad7cbb2df4406b14b219b50050be20a15822af,314146
data/onet_interest_keywords.csv,.csv,tab,"[""Element ID"", ""Element Name"", ""Keyword"", ""Keyword Type""]",75,,"{""Element ID"": 0, ""Element Name"": 0, ""Keyword"": 0, ""Keyword Type"": 0}",0,RAW_OR_LEGACY_INPUT,UNKNOWN_OR_FILE_METADATA,TRACKED,Skill evidence/input audit; validate before future reuse,5a52434b5ff428e96e7b698ecde04fbfe6d655cabff17d9905046e9f65e09a4e,2706
data/onet_interests.csv,.csv,tab,"[""O*NET-SOC Code"", ""Element ID"", ""Element Name"", ""Scale ID"", ""Data Value"", ""Date"", ""Domain Source""]",8307,923,"{""O*NET-SOC Code"": 0, ""Element ID"": 0, ""Element Name"": 0, ""Scale ID"": 0, ""Data Value"": 0, ""Date"": 0, ""Domain Source"": 0}",0,RAW_OR_LEGACY_INPUT,UNKNOWN_OR_FILE_METADATA,TRACKED,Skill evidence/input audit; validate before future reuse,6d9a78bc145c7813e1f59a4fc9e30008f806d416673f9bea132b204c7c79939a,629058
data/onet_normalized/31_0/career_interest_keywords.csv,.csv,comma,"[""element_id"", ""element_name"", ""keyword"", ""keyword_type"", ""source_file""]",75,,"{""element_id"": 0, ""element_name"": 0, ""keyword"": 0, ""keyword_type"": 0, ""source_file"": 0}",0,DERIVED,31.0; local audit attribution,UNTRACKED,Skill evidence/input audit; validate before future reuse,4cf2464cd339e942eb623ec7637eb984dc14c85ad4fa8cec9e46cc2066403c01,6693
data/onet_normalized/31_0/frozen_soc_data_coverage.csv,.csv,comma,"[""onet_soc_code"", ""occupation_title"", ""has_essential_skills"", ""essential_skills_row_count"", ""has_transferable_skills"", ""transferable_skills_row_count"", ""has_software_skills"", ""software_skills_row_count"", ""has_career_interest_types"", ""career_interest_types_row_count"", ""has_specific_interest_areas"", ""specific_interest_areas_row_count""]",25,25,"{""onet_soc_code"": 0, ""occupation_title"": 0, ""has_essential_skills"": 0, ""essential_skills_row_count"": 0, ""has_transferable_skills"": 0, ""transferable_skills_row_count"": 0, ""has_software_skills"": 0, ""software_skills_row_count"": 0, ""has_career_interest_types"": 0, ""career_interest_types_row_count"": 0, ""has_specific_interest_areas"": 0, ""specific_interest_areas_row_count"": 0}",0,DERIVED,31.0; local audit attribution,UNTRACKED,Skill evidence/input audit; validate before future reuse,9a43e5c355141233257242e83db2889b199cbe4359aea1a150ac47a166715dba,2623
data/onet_normalized/31_0/occupation_career_interests.csv,.csv,comma,"[""onet_soc_code"", ""occupation_title"", ""element_id"", ""element_name"", ""scale_id"", ""scale_name"", ""data_value"", ""source_date"", ""domain_source"", ""source_file""]",8307,923,"{""onet_soc_code"": 0, ""occupation_title"": 0, ""element_id"": 0, ""element_name"": 0, ""scale_id"": 0, ""scale_name"": 0, ""data_value"": 0, ""source_date"": 0, ""domain_source"": 0, ""source_file"": 0}",0,DERIVED,31.0; local audit attribution,UNTRACKED,Skill evidence/input audit; validate before future reuse,e9eb092079c0f69a41ddef42e9052f8aca408f26736a555d2ea25d7c76fbc074,1509922
data/onet_normalized/31_0/occupation_skills.csv,.csv,comma,"[""onet_soc_code"", ""occupation_title"", ""skill_domain"", ""element_id"", ""element_name"", ""scale_id"", ""scale_name"", ""data_value"", ""n"", ""standard_error"", ""lower_ci_bound"", ""upper_ci_bound"", ""recommend_suppress"", ""not_relevant"", ""source_date"", ""domain_source"", ""source_file""]",63700,910,"{""onet_soc_code"": 0, ""occupation_title"": 0, ""skill_domain"": 0, ""element_id"": 0, ""element_name"": 0, ""scale_id"": 0, ""scale_name"": 0, ""data_value"": 0, ""n"": 0, ""standard_error"": 0, ""lower_ci_bound"": 0, ""upper_ci_bound"": 0, ""recommend_suppress"": 0, ""not_relevant"": 31850, ""source_date"": 0, ""domain_source"": 0, ""source_file"": 0}",0,DERIVED,31.0; local audit attribution,UNTRACKED,Skill evidence/input audit; validate before future reuse,640278a11f64c7de8ab555f6b02a25fb8f93612b10d4c5c5d923ba36dd9376c4,11867247
data/onet_normalized/31_0/occupation_software_skills.csv,.csv,comma,"[""onet_soc_code"", ""occupation_title"", ""workplace_example"", ""element_id"", ""element_name"", ""hot_technology"", ""in_demand"", ""source_file""]",31821,923,"{""onet_soc_code"": 0, ""occupation_title"": 0, ""workplace_example"": 0, ""element_id"": 0, ""element_name"": 0, ""hot_technology"": 0, ""in_demand"": 0, ""source_file"": 0}",0,DERIVED,31.0; local audit attribution,UNTRACKED,Skill evidence/input audit; validate before future reuse,36c1b5e8c1add38cea87ea94eb9e310cb6a23f3a906b3c81a237f4c879d7c4d9,4798586
data/onet_normalized/31_0/occupation_specific_interests.csv,.csv,comma,"[""onet_soc_code"", ""occupation_title"", ""element_id"", ""element_name"", ""scale_id"", ""scale_name"", ""data_value"", ""source_date"", ""domain_source"", ""source_file""]",73062,891,"{""onet_soc_code"": 0, ""occupation_title"": 0, ""element_id"": 0, ""element_name"": 0, ""scale_id"": 0, ""scale_name"": 0, ""data_value"": 0, ""source_date"": 0, ""domain_source"": 0, ""source_file"": 0}",0,DERIVED,31.0; local audit attribution,UNTRACKED,Skill evidence/input audit; validate before future reuse,c89e2fe20bbab6c2323d403521aa07803392823cbfc0c9b79827e025fa08f37e,12146777
data/onet_raw/31_0/career_interest_type_keywords.csv,.csv,comma,"[""Element ID"", ""Element Name"", ""Keyword"", ""Keyword Type""]",75,,"{""Element ID"": 0, ""Element Name"": 0, ""Keyword"": 0, ""Keyword Type"": 0}",0,RAW_OR_LEGACY_INPUT,31.0; local audit attribution,UNTRACKED,Skill evidence/input audit; validate before future reuse,9aa5e9d2a125fc2ff5fadf099365c09d04791c5f70236eb9e1ba3b995bab39a2,2706
data/onet_raw/31_0/career_interest_types.csv,.csv,comma,"[""O*NET-SOC Code"", ""Title"", ""Element ID"", ""Element Name"", ""Scale ID"", ""Scale Name"", ""Data Value"", ""Date"", ""Domain Source""]",8307,923,"{""O*NET-SOC Code"": 0, ""Title"": 0, ""Element ID"": 0, ""Element Name"": 0, ""Scale ID"": 0, ""Scale Name"": 0, ""Data Value"": 0, ""Date"": 0, ""Domain Source"": 0}",0,RAW_OR_LEGACY_INPUT,31.0; local audit attribution,UNTRACKED,Skill evidence/input audit; validate before future reuse,19f452d51b81a4d59389b500f85baf252563858f596124fe446dd436a9f41206,1136078
data/onet_raw/31_0/essential_skills.csv,.csv,comma,"[""O*NET-SOC Code"", ""Title"", ""Element ID"", ""Element Name"", ""Scale ID"", ""Scale Name"", ""Data Value"", ""N"", ""Standard Error"", ""Lower CI Bound"", ""Upper CI Bound"", ""Recommend Suppress"", ""Not Relevant"", ""Date"", ""Domain Source""]",18200,910,"{""O*NET-SOC Code"": 0, ""Title"": 0, ""Element ID"": 0, ""Element Name"": 0, ""Scale ID"": 0, ""Scale Name"": 0, ""Data Value"": 0, ""N"": 0, ""Standard Error"": 0, ""Lower CI Bound"": 0, ""Upper CI Bound"": 0, ""Recommend Suppress"": 0, ""Not Relevant"": 9100, ""Date"": 0, ""Domain Source"": 0}",0,RAW_OR_LEGACY_INPUT,31.0; local audit attribution,UNTRACKED,Skill evidence/input audit; validate before future reuse,68c4d31d8c55077238395dca40cc4e6d32e6a608b5474bb8264b1f98ae415bd7,2328135
data/onet_raw/31_0/software_skills.csv,.csv,comma,"[""O*NET-SOC Code"", ""Title"", ""Workplace Example"", ""Element ID"", ""Element Name"", ""Hot Technology"", ""In Demand""]",31821,923,"{""O*NET-SOC Code"": 0, ""Title"": 0, ""Workplace Example"": 0, ""Element ID"": 0, ""Element Name"": 0, ""Hot Technology"": 0, ""In Demand"": 0}",0,RAW_OR_LEGACY_INPUT,31.0; local audit attribution,UNTRACKED,Skill evidence/input audit; validate before future reuse,6aabb96b464288db849580e6510530efff3f80e25dde2bb23f1fc36bb526b016,3557545
data/onet_raw/31_0/specific_interest_areas.csv,.csv,comma,"[""O*NET-SOC Code"", ""Title"", ""Element ID"", ""Element Name"", ""Scale ID"", ""Scale Name"", ""Data Value"", ""Date"", ""Domain Source""]",73062,891,"{""O*NET-SOC Code"": 0, ""Title"": 0, ""Element ID"": 0, ""Element Name"": 0, ""Scale ID"": 0, ""Scale Name"": 0, ""Data Value"": 0, ""Date"": 0, ""Domain Source"": 0}",0,RAW_OR_LEGACY_INPUT,31.0; local audit attribution,UNTRACKED,Skill evidence/input audit; validate before future reuse,3c59c823f228d4ee5e066560a4fc39676c5cfd956355ad9d19bf8f552f87f0eb,8712834
data/onet_raw/31_0/transferable_skills.csv,.csv,comma,"[""O*NET-SOC Code"", ""Title"", ""Element ID"", ""Element Name"", ""Scale ID"", ""Scale Name"", ""Data Value"", ""N"", ""Standard Error"", ""Lower CI Bound"", ""Upper CI Bound"", ""Recommend Suppress"", ""Not Relevant"", ""Date"", ""Domain Source""]",45500,910,"{""O*NET-SOC Code"": 0, ""Title"": 0, ""Element ID"": 0, ""Element Name"": 0, ""Scale ID"": 0, ""Scale Name"": 0, ""Data Value"": 0, ""N"": 0, ""Standard Error"": 0, ""Lower CI Bound"": 0, ""Upper CI Bound"": 0, ""Recommend Suppress"": 0, ""Not Relevant"": 22750, ""Date"": 0, ""Domain Source"": 0}",0,RAW_OR_LEGACY_INPUT,31.0; local audit attribution,UNTRACKED,Skill evidence/input audit; validate before future reuse,f17d0419e818a3bf2f55076510c76c4aef01cc8f5aee2670d2f44f6f44ac60f7,6081245
data/onet_skils.csv,.csv,tab,"[""O*NET-SOC Code"", ""Element ID"", ""Element Name"", ""Scale ID"", ""Data Value"", ""N"", ""Standard Error"", ""Lower CI Bound"", ""Upper CI Bound"", ""Recommend Suppress"", ""Not Relevant"", ""Date"", ""Domain Source""]",44700,894,"{""O*NET-SOC Code"": 0, ""Element ID"": 0, ""Element Name"": 0, ""Scale ID"": 0, ""Data Value"": 0, ""N"": 0, ""Standard Error"": 0, ""Lower CI Bound"": 0, ""Upper CI Bound"": 0, ""Recommend Suppress"": 0, ""Not Relevant"": 0, ""Date"": 0, ""Domain Source"": 0}",0,RAW_OR_LEGACY_INPUT,UNKNOWN_OR_FILE_METADATA,TRACKED,Skill evidence/input audit; validate before future reuse,c38338e9130b3374af597ececbb73f639088263e60f0bedde18a5b5e64f85f2c,4105406
data/resume_corpus.csv,.csv,comma,"[""address"", ""career_objective"", ""skills"", ""educational_institution_name"", ""degree_names"", ""passing_years"", ""educational_results"", ""result_types"", ""major_field_of_studies"", ""professional_company_names"", ""company_urls"", ""start_dates"", ""end_dates"", ""related_skils_in_job"", ""positions"", ""locations"", ""responsibilities"", ""extra_curricular_activity_types"", ""extra_curricular_organization_names"", ""extra_curricular_organization_links"", ""role_positions"", ""languages"", ""proficiency_levels"", ""certification_providers"", ""certification_skills"", ""online_links"", ""issue_dates"", ""expiry_dates"", ""\ufeffjob_position_name"", ""educationaL_requirements"", ""experiencere_requirement"", ""age_requirement"", ""responsibilities.1"", ""skills_required"", ""matched_score""]",9544,,"{""address"": 8760, ""career_objective"": 4804, ""skills"": 56, ""educational_institution_name"": 84, ""degree_names"": 84, ""passing_years"": 84, ""educational_results"": 84, ""result_types"": 84, ""major_field_of_studies"": 84, ""professional_company_names"": 84, ""company_urls"": 84, ""start_dates"": 84, ""end_dates"": 84, ""related_skils_in_job"": 84, ""positions"": 84, ""locations"": 84, ""responsibilities"": 0, ""extra_curricular_activity_types"": 6118, ""extra_curricular_organization_names"": 6118, ""extra_curricular_organization_links"": 6118, ""role_positions"": 6118, ""languages"": 8844, ""proficiency_levels"": 8844, ""certification_providers"": 7536, ""certification_skills"": 7536, ""online_links"": 7536, ""issue_dates"": 7536, ""expiry_dates"": 7536, ""\ufeffjob_position_name"": 0, ""educationaL_requirements"": 0, ""experiencere_requirement"": 1364, ""age_requirement"": 4087, ""responsibilities.1"": 0, ""skills_required"": 1701, ""matched_score"": 0}",0,RAW_OR_LEGACY_INPUT,UNKNOWN_OR_FILE_METADATA,TRACKED,Skill evidence/input audit; validate before future reuse,c29ef568c726c4664a62d3f35ed9456441731f24b58fb9dd977995830eef97be,17221982
data/Sample of Reported Titles.xlsx,.xlsx,,"[""O*NET-SOC Code"", ""Title"", ""Reported Job Title"", ""Shown in My Next Move""]",8189,915,"{""O*NET-SOC Code"": 0, ""Title"": 0, ""Reported Job Title"": 0, ""Shown in My Next Move"": 0}",0,RAW_OR_LEGACY_INPUT,UNKNOWN_OR_FILE_METADATA,UNTRACKED,Skill evidence/input audit; validate before future reuse,aa869fdfee5ed9b6e3dd139538861eb996af37a374b0a5d47cdec8d6d967a80c,208118
data/skill_mapping/cv_skill_mapping_design.csv,.csv,comma,"[""stage"", ""priority"", ""input_type"", ""target_vocabulary"", ""auto_accept_allowed"", ""rationale""]",7,,"{""stage"": 0, ""priority"": 0, ""input_type"": 0, ""target_vocabulary"": 0, ""auto_accept_allowed"": 0, ""rationale"": 0}",0,DERIVED,31.0; local audit attribution,UNTRACKED,Skill evidence/input audit; validate before future reuse,7766c11c7862b656c237873e63a60f440573ab3cb68d56b4abc7d8d6491a8377,1953
data/skill_mapping/onet_skill_vocabulary.csv,.csv,comma,"[""element_id"", ""element_name"", ""skill_domain"", ""normalized_name"", ""appears_in_frozen_soc"", ""frozen_soc_count""]",35,,"{""element_id"": 0, ""element_name"": 0, ""skill_domain"": 0, ""normalized_name"": 0, ""appears_in_frozen_soc"": 0, ""frozen_soc_count"": 0}",0,DERIVED,31.0; local audit attribution,UNTRACKED,Skill evidence/input audit; validate before future reuse,f3e784535dd4b992a759d8862fc155db125ea070b2dcaf2c83ec614ec35206e7,2387
data/skill_mapping/skill_alias_candidates.csv,.csv,comma,"[""source_term"", ""normalized_term"", ""candidate_element_id"", ""candidate_element_name"", ""candidate_domain"", ""match_method"", ""match_score"", ""review_status"", ""notes""]",182,,"{""source_term"": 0, ""normalized_term"": 0, ""candidate_element_id"": 0, ""candidate_element_name"": 0, ""candidate_domain"": 0, ""match_method"": 0, ""match_score"": 0, ""review_status"": 0, ""notes"": 0}",0,DERIVED,31.0; local audit attribution,UNTRACKED,Skill evidence/input audit; validate before future reuse,6856548d7aafe4df0b70a16a741bda03387c36826bdf526d647f4b553a9e0a41,203068
data/skill_mapping/software_skill_vocabulary.csv,.csv,comma,"[""element_id"", ""element_name"", ""workplace_example"", ""normalized_name"", ""hot_technology"", ""in_demand"", ""appears_in_frozen_soc"", ""frozen_soc_count"", ""source_file"", ""source_row_count"", ""source_observations""]",8908,,"{""element_id"": 0, ""element_name"": 0, ""workplace_example"": 0, ""normalized_name"": 0, ""hot_technology"": 0, ""in_demand"": 0, ""appears_in_frozen_soc"": 0, ""frozen_soc_count"": 0, ""source_file"": 0, ""source_row_count"": 0, ""source_observations"": 0}",0,DERIVED,31.0; local audit attribution,UNTRACKED,Skill evidence/input audit; validate before future reuse,2ce7069b63f95ee19179eca4ce854726507c36270c49160170ef367b2609ad20,4621809
data/source_taxonomy_provenance.csv,.csv,comma,"[""automation_record_id"", ""automation_occupation"", ""historical_system"", ""historical_code"", ""historical_title"", ""label_match_type"", ""historical_scope_evidence"", ""source_reference"", ""source_reference_type"", ""source_verification_status"", ""wocke_taxonomy_status"", ""notes""]",291,,"{""automation_record_id"": 0, ""automation_occupation"": 0, ""historical_system"": 0, ""historical_code"": 2, ""historical_title"": 2, ""label_match_type"": 0, ""historical_scope_evidence"": 0, ""source_reference"": 0, ""source_reference_type"": 0, ""source_verification_status"": 0, ""wocke_taxonomy_status"": 0, ""notes"": 0}",0,RAW_OR_LEGACY_INPUT,UNKNOWN_OR_FILE_METADATA,TRACKED,Skill evidence/input audit; validate before future reuse,b829f1f7a8491224d03187b6584fbd2b6afbc2ab99d1b77d746e63a7d40e2659,233536
evaluation.py,.py,,"[""build_training_frame"", ""main""]",,,NOT_APPLICABLE_NON_TABULAR,,SOURCE_CODE_CONTEXT,UNKNOWN_OR_FILE_METADATA,TRACKED,Skill evidence/input audit; validate before future reuse,b741eb54c67b2d0c5a76a6a234c687ff13233136aeaba2163788df1ea28d8099,2529
ml_models/courses.pkl,.pkl,,[],,,NOT_APPLICABLE_NON_TABULAR,,DERIVED,UNKNOWN_OR_FILE_METADATA,UNTRACKED,"CONTEXT_ONLY; no model deserialization, training, or course recommendations",8bef0a99a6aca545a3b670561f9d7ed667d1d787108024210a3570d516634aba,1112837
ml_models/model.pkl,.pkl,,[],,,NOT_APPLICABLE_NON_TABULAR,,DERIVED,UNKNOWN_OR_FILE_METADATA,UNTRACKED,"CONTEXT_ONLY; no model deserialization, training, or course recommendations",92ca8fd888720a1966bcd4fa03453af849beceaafdd193b9adaf96925e011a04,4644253
models/experimental_automation/error_analysis.csv,.csv,comma,"[""record_id"", ""occupation"", ""actual_automation_probability"", ""oof_prediction_mean"", ""oof_prediction_sd"", ""absolute_error_from_mean_prediction"", ""number_of_oof_predictions"", ""selected_model"", ""target_interval"", ""signed_residual_actual_minus_prediction"", ""absolute_error_rank"", ""is_top_10_error"", ""outside_range_oof_prediction_count"", ""mean_prediction_outside_range""]",291,,"{""record_id"": 0, ""occupation"": 0, ""actual_automation_probability"": 0, ""oof_prediction_mean"": 0, ""oof_prediction_sd"": 0, ""absolute_error_from_mean_prediction"": 0, ""number_of_oof_predictions"": 0, ""selected_model"": 0, ""target_interval"": 0, ""signed_residual_actual_minus_prediction"": 0, ""absolute_error_rank"": 0, ""is_top_10_error"": 0, ""outside_range_oof_prediction_count"": 0, ""mean_prediction_outside_range"": 0}",0,DERIVED,UNKNOWN_OR_FILE_METADATA,UNTRACKED,"CONTEXT_ONLY; no model deserialization, training, or course recommendations",60b0406a4c3299630b0d115cd9c58fa773d24f77c4f4a9a2707a0cb5a1c5e1c2,50944
models/experimental_automation/model.joblib,.joblib,,[],,,NOT_APPLICABLE_NON_TABULAR,,DERIVED,UNKNOWN_OR_FILE_METADATA,UNTRACKED,"CONTEXT_ONLY; no model deserialization, training, or course recommendations",8a0525d157fdd7621b7afa07534ae9db6025356c7f672d44d967d65c39e8250d,284625
models/experimental_automation/model_comparison.csv,.csv,comma,"[""model_name"", ""experiment_type"", ""features"", ""outer_folds"", ""mean_mae"", ""sd_mae"", ""mean_rmse"", ""sd_rmse"", ""mean_r2"", ""sd_r2"", ""selected"", ""notes""]",6,,"{""model_name"": 0, ""experiment_type"": 0, ""features"": 0, ""outer_folds"": 0, ""mean_mae"": 0, ""sd_mae"": 0, ""mean_rmse"": 0, ""sd_rmse"": 0, ""mean_r2"": 0, ""sd_r2"": 0, ""selected"": 0, ""notes"": 0}",0,DERIVED,UNKNOWN_OR_FILE_METADATA,UNTRACKED,"CONTEXT_ONLY; no model deserialization, training, or course recommendations",8b2d11c82ab32eb98eec67698530c473a061f40f41ed0b77a73a22ae328ca20e,2025
models/experimental_automation/oof_predictions.csv,.csv,comma,"[""record_id"", ""occupation"", ""actual_automation_probability"", ""oof_prediction_mean"", ""oof_prediction_sd"", ""absolute_error_from_mean_prediction"", ""number_of_oof_predictions""]",291,,"{""record_id"": 0, ""occupation"": 0, ""actual_automation_probability"": 0, ""oof_prediction_mean"": 0, ""oof_prediction_sd"": 0, ""absolute_error_from_mean_prediction"": 0, ""number_of_oof_predictions"": 0}",0,DERIVED,UNKNOWN_OR_FILE_METADATA,UNTRACKED,"CONTEXT_ONLY; no model deserialization, training, or course recommendations",26919ed4c04ba8f0505123f73ff385a89a94d408423da99a8abab017c1725071,30016
models/experimental_automation/training_metadata.json,.json,,"[""purpose"", ""scientific_statement"", ""target"", ""features"", ""excluded_features"", ""sample_size"", ""data_audit"", ""cv_design"", ""inner_cv_design"", ""random_seeds"", ""hyperparameter_grids"", ""selected_model"", ""selection_rule"", ""final_parameters"", ""final_estimator_parameters"", ""final_refit"", ""package_versions"", ""python_version"", ""platform"", ""input_sha256_before"", ""input_sha256_after"", ""input_integrity"", ""training_started_utc"", ""training_finished_utc"", ""methodological_limitations"", ""sensitivity_analysis"", ""outer_fold_results"", ""repeat_oof_predictions"", ""oof_prediction_count_per_occupation"", ""interpretation"", ""dummy_comparisons"", ""aggregate_oof_metrics"", ""error_bins"", ""outside_range_predictions""]",,,NOT_APPLICABLE_NON_TABULAR,,DERIVED,UNKNOWN_OR_FILE_METADATA,UNTRACKED,"CONTEXT_ONLY; no model deserialization, training, or course recommendations",018084478564b8e8197fd0f1f81890c9c4a46cff08838d9d83e425f70ed266c0,472156
rag_retriever.py,.py,,"[""_split_sentences"", ""chunk_resume"", ""ResumeRetriever"", ""format_rag_context"", ""RAGService"", ""build_rag_context"", ""__init__"", ""index_resume"", ""retrieve"", ""is_indexed"", ""chunk_count"", ""clear"", ""__init__"", ""get_or_create"", ""get_status"", ""evict"", ""clear_all"", ""_evict_stale""]",,,NOT_APPLICABLE_NON_TABULAR,,SOURCE_CODE_CONTEXT,UNKNOWN_OR_FILE_METADATA,TRACKED,Skill evidence/input audit; validate before future reuse,fcc9217c6df98c24d9bc2cde5b4f471b0957f22322fa88bb0561e6b73444c013,20223
resume_parser.py,.py,,"[""_extract_pdf_with_pymupdf"", ""extract_pdf_layout"", ""extract_text_by_sections"", ""get_pdf_metadata"", ""extract_resume_text"", ""extract_contact_info"", ""_is_section_header"", ""extract_section"", ""_normalize_skill_name"", ""_skill_display_name"", ""extract_skills_from_text"", ""parse_resume_enhanced"", ""analyze_resume_quality"", ""parse_resume"", ""_sec""]",,,NOT_APPLICABLE_NON_TABULAR,,SOURCE_CODE_CONTEXT,UNKNOWN_OR_FILE_METADATA,TRACKED,Skill evidence/input audit; validate before future reuse,95599ec180d47710298540b372f119bd1aab6e00738166c1afa9e344aa679e33,35660
risk_assessor.py,.py,,"[""_safe_load_bundle"", ""_safe_load_courses"", ""load_artifacts"", ""_score_risk"", ""_top_matches"", ""_skill_clusters"", ""_generate_roadmap"", ""_riasec_profile"", ""_ollama_narrative"", ""_build_reasoning"", ""get_available_roles"", ""get_role_skills"", ""_normalize_skill"", ""analyze_skills_gap"", ""suggest_career_paths"", ""generate_learning_roadmap"", ""_generate_gap_recommendations"", ""analyze_resume""]",,,NOT_APPLICABLE_NON_TABULAR,,SOURCE_CODE_CONTEXT,UNKNOWN_OR_FILE_METADATA,TRACKED,"CONTEXT_ONLY; no model deserialization, training, or course recommendations",1ebc3ea9afde7bdd2b54029803f1ffba1ea4f865ebe1fc96cd214c0d5430aff2,45922
scripts/automation_exposure_integration.py,.py,,"[""ArtifactValidationError"", ""require"", ""nullable_metadata"", ""failure_response"", ""validation_boundary"", ""sha256"", ""read_csv"", ""read_json"", ""unique_index"", ""parse_source_value"", ""load_contract"", ""input_paths"", ""ExposureEngine"", ""load_engine"", ""flatten"", ""summarize"", ""write_csv"", ""write_json"", ""build"", ""main"", ""__init__"", ""__init__"", ""evaluate_candidate"", ""evaluate_profile"", ""validate_result"", ""evaluate_corpus"", ""check""]",,,NOT_APPLICABLE_NON_TABULAR,,SOURCE_CODE_CONTEXT,UNKNOWN_OR_FILE_METADATA,TRACKED,"CONTEXT_ONLY; no model deserialization, training, or course recommendations",e689a3e80c485b7d5e4681854e536d41bcaa196291f16acf13cc0bb65947a1b3,36234
scripts/build_crosswalk_candidates.py,.py,,"[""normalize"", ""read_xlsx"", ""require"", ""build"", ""main"", ""exact"", ""fuzzy""]",,,NOT_APPLICABLE_NON_TABULAR,,DERIVED,UNKNOWN_OR_FILE_METADATA,UNTRACKED,"CONTEXT_ONLY; no model deserialization, training, or course recommendations",a542b5ef90354d5519c2c43fdc932c16a7a75b57a988e4c3e03b7f783d909d01,11857
scripts/cv_occupation_inference.py,.py,,"[""normalize_title"", ""read_csv"", ""read_xlsx"", ""extract_position_terms"", ""build_title_index"", ""match_title"", ""objective_matches"", ""build_skill_index"", ""map_cv_skills"", ""score_candidate"", ""infer_occupation"", ""main"", ""add""]",,,NOT_APPLICABLE_NON_TABULAR,,SOURCE_CODE_CONTEXT,UNKNOWN_OR_FILE_METADATA,UNTRACKED,Occupation uncertainty/provenance context; never skill ground truth,ee6b5ce23985a020d2dc08f3a5275b6f0af5ad4d49cf55f2acb0adfc3a935d30,22888
scripts/cv_occupation_inference_v2.py,.py,,"[""normalize_title"", ""lexical_tokens"", ""generic_title_detection"", ""broad_alias_detection"", ""qualified_title_analysis"", ""token_candidate_corroboration"", ""compound_title_decomposition"", ""build_title_index"", ""domain_token_extraction"", ""candidate_domain_consistency"", ""fuzzy_domain_conflict_detection"", ""deterministic_hits"", ""match_title"", ""score_candidate"", ""infer_occupation"", ""main"", ""add"", ""cached""]",,,NOT_APPLICABLE_NON_TABULAR,,SOURCE_CODE_CONTEXT,UNKNOWN_OR_FILE_METADATA,UNTRACKED,Occupation uncertainty/provenance context; never skill ground truth,9b0aedc5cbb78d5b2858a7ba851c3b9f7c1dbdddf5c8693be84b0a6a4ca87302,28735
scripts/cv_occupation_inference_v2_1.py,.py,,"[""function_words"", ""official_domain_tokens"", ""candidate_eligibility"", ""decide_eligible_candidates"", ""infer_occupation"", ""generation_mechanism"", ""percentile90"", ""main"", ""rows""]",,,NOT_APPLICABLE_NON_TABULAR,,SOURCE_CODE_CONTEXT,UNKNOWN_OR_FILE_METADATA,UNTRACKED,Occupation uncertainty/provenance context; never skill ground truth,404443014425b54f354814797fb1c49f866d9e1e4d8a9516cd3cd1cec2be2ddd,20331
scripts/cv_occupation_inference_v2_2.py,.py,,"[""domain_tokens"", ""components"", ""domain_family"", ""candidate_eligibility"", ""role_families"", ""decide_eligible_candidates"", ""infer_occupation"", ""generation_mechanism"", ""percentile90"", ""main"", ""rows""]",,,NOT_APPLICABLE_NON_TABULAR,,SOURCE_CODE_CONTEXT,UNKNOWN_OR_FILE_METADATA,UNTRACKED,Occupation uncertainty/provenance context; never skill ground truth,bb5956366d2a3837344b0c4fbed19bd5be8823e6fceaae4cfc87491f33257b41,26325
scripts/frozen/automation_exposure_integration_v1_0.py,.py,,"[""ArtifactValidationError"", ""require"", ""nullable_metadata"", ""failure_response"", ""validation_boundary"", ""sha256"", ""read_csv"", ""read_json"", ""unique_index"", ""parse_source_value"", ""load_contract"", ""input_paths"", ""ExposureEngine"", ""load_engine"", ""flatten"", ""summarize"", ""write_csv"", ""write_json"", ""build"", ""main"", ""__init__"", ""__init__"", ""evaluate_candidate"", ""evaluate_profile"", ""validate_result"", ""evaluate_corpus"", ""check""]",,,NOT_APPLICABLE_NON_TABULAR,,SOURCE_CODE_CONTEXT,Frozen v1.0,TRACKED,"CONTEXT_ONLY; no model deserialization, training, or course recommendations",e689a3e80c485b7d5e4681854e536d41bcaa196291f16acf13cc0bb65947a1b3,36234
scripts/frozen/cv_occupation_inference_v1_0.py,.py,,"[""domain_tokens"", ""components"", ""domain_family"", ""candidate_eligibility"", ""role_families"", ""decide_eligible_candidates"", ""infer_occupation"", ""generation_mechanism"", ""percentile90"", ""main"", ""rows""]",,,NOT_APPLICABLE_NON_TABULAR,,SOURCE_CODE_CONTEXT,Frozen v1.0,UNTRACKED,Occupation uncertainty/provenance context; never skill ground truth,bb5956366d2a3837344b0c4fbed19bd5be8823e6fceaae4cfc87491f33257b41,26325
storage.py,.py,,"[""_utc_now"", ""_as_naive_utc"", ""User"", ""Upload"", ""Feedback"", ""VerificationOTP"", ""PasswordResetToken"", ""_default_admin_credentials"", ""init_database"", ""seed_default_users"", ""authenticate_user"", ""get_user_by_email"", ""get_user_by_username"", ""create_user"", ""create_oauth_user"", ""_resolve_from_email"", ""_configure_mail"", ""send_email"", ""_generate_otp"", ""create_otp"", ""get_active_otp"", ""check_otp"", ""verify_otp"", ""get_otp_attempts_remaining"", ""otp_cooldown_remaining"", ""invalidate_user_otps"", ""mark_email_verified"", ""create_password_reset_token"", ""verify_reset_token"", ""consume_reset_token"", ""update_user_password"", ""record_upload"", ""record_feedback"", ""get_all_users"", ""get_detailed_metrics"", ""dashboard_metrics"", ""is_admin_email"", ""set_password"", ""check_password"", ""touch_last_login""]",,,NOT_APPLICABLE_NON_TABULAR,,SOURCE_CODE_CONTEXT,UNKNOWN_OR_FILE_METADATA,TRACKED,Skill evidence/input audit; validate before future reuse,82a155dcd6d8de490b814d0ce4bf6112dce8cd0dd81231342ee1bc9eae81c771,25075
test_auth_e2e.py,.py,,"[""pr"", ""fetch_otp""]",,,NOT_APPLICABLE_NON_TABULAR,,SOURCE_CODE_CONTEXT,UNKNOWN_OR_FILE_METADATA,TRACKED,Skill evidence/input audit; validate before future reuse,2b7a8e200eba294b0a56e141b77a34ced4b784fed15cd3850128bbb052eef58a,9649
test_forgot_password.py,.py,,"[""pr"", ""fetch_otp""]",,,NOT_APPLICABLE_NON_TABULAR,,SOURCE_CODE_CONTEXT,UNKNOWN_OR_FILE_METADATA,TRACKED,Skill evidence/input audit; validate before future reuse,fffc8c24d136d629c460f7c9906bad92b18faa208c57d0631cfa699e0f3f920b,8117
train_model.py,.py,,"[""build_onet_texts"", ""build_courses_index"", ""main""]",,,NOT_APPLICABLE_NON_TABULAR,,SOURCE_CODE_CONTEXT,UNKNOWN_OR_FILE_METADATA,TRACKED,"CONTEXT_ONLY; no model deserialization, training, or course recommendations",e9d289b6067b5b6e051e4894bc4f61c1caede5253783117351a98a5b319432b2,6345
utils.py,.py,,"[""clean_text"", ""parse_listish"", ""split_keywords"", ""format_top_skills"", ""is_valid_email"", ""risk_label"", ""read_csv_any"", ""build_job_text"", ""build_resume_text""]",,,NOT_APPLICABLE_NON_TABULAR,,SOURCE_CODE_CONTEXT,UNKNOWN_OR_FILE_METADATA,TRACKED,Skill evidence/input audit; validate before future reuse,dc58e3cf4c118a3cfcb5aa7047cc38832c14a4c690db72b75aa387849de24ccb,7034
