resume_id,annotator_1_score,annotator_2_score,label_source,source_sheet,source_row_number,source_version,transformation_version,not_onet_task_label
74552449,0.8,0.88,CareerCorpus,Sheet1,2,CareerCorpus-xlsx-raw,norm-v1.0-esco-careercorpus,true
79041971,0.4,0.75,CareerCorpus,Sheet1,3,CareerCorpus-xlsx-raw,norm-v1.0-esco-careercorpus,true
77156708,0.84,0.97,CareerCorpus,Sheet1,4,CareerCorpus-xlsx-raw,norm-v1.0-esco-careercorpus,true
24580361,0.76,0.97,CareerCorpus,Sheet1,5,CareerCorpus-xlsx-raw,norm-v1.0-esco-careercorpus,true
34953092,0.7600000000000001,0.88,CareerCorpus,Sheet1,6,CareerCorpus-xlsx-raw,norm-v1.0-esco-careercorpus,true
17189156,0.43,0.73,CareerCorpus,Sheet1,7,CareerCorpus-xlsx-raw,norm-v1.0-esco-careercorpus,true
19920687,0.6900000000000001,0.8,CareerCorpus,Sheet1,8,CareerCorpus-xlsx-raw,norm-v1.0-esco-careercorpus,true
26579709,0.72,0.83,CareerCorpus,Sheet1,9,CareerCorpus-xlsx-raw,norm-v1.0-esco-careercorpus,true
29093426,0.7,0.75,CareerCorpus,Sheet1,10,CareerCorpus-xlsx-raw,norm-v1.0-esco-careercorpus,true
33286293,0.19,0.83,CareerCorpus,Sheet1,11,CareerCorpus-xlsx-raw,norm-v1.0-esco-careercorpus,true
29552167,0.8,0.87,CareerCorpus,Sheet1,12,CareerCorpus-xlsx-raw,norm-v1.0-esco-careercorpus,true
69243180,0.56,0.75,CareerCorpus,Sheet1,13,CareerCorpus-xlsx-raw,norm-v1.0-esco-careercorpus,true
26987539,0.48,0.7999999999999999,CareerCorpus,Sheet1,14,CareerCorpus-xlsx-raw,norm-v1.0-esco-careercorpus,true
17276884,0.85,0.98,CareerCorpus,Sheet1,15,CareerCorpus-xlsx-raw,norm-v1.0-esco-careercorpus,true
22615491,0.77,0.88,CareerCorpus,Sheet1,16,CareerCorpus-xlsx-raw,norm-v1.0-esco-careercorpus,true
45167858,0.48,0.77,CareerCorpus,Sheet1,17,CareerCorpus-xlsx-raw,norm-v1.0-esco-careercorpus,true
13982572,0.76,0.83,CareerCorpus,Sheet1,18,CareerCorpus-xlsx-raw,norm-v1.0-esco-careercorpus,true
3547447,0.8,0.83,CareerCorpus,Sheet1,19,CareerCorpus-xlsx-raw,norm-v1.0-esco-careercorpus,true
98965485,0.96,0.9,CareerCorpus,Sheet1,20,CareerCorpus-xlsx-raw,norm-v1.0-esco-careercorpus,true
38897568,0.51,0.9499999999999998,CareerCorpus,Sheet1,21,CareerCorpus-xlsx-raw,norm-v1.0-esco-careercorpus,true
12021752,0.87,0.9499999999999998,CareerCorpus,Sheet1,22,CareerCorpus-xlsx-raw,norm-v1.0-esco-careercorpus,true
19149865,0.78,0.83,CareerCorpus,Sheet1,23,CareerCorpus-xlsx-raw,norm-v1.0-esco-careercorpus,true
29839396,0.23,0.9,CareerCorpus,Sheet1,24,CareerCorpus-xlsx-raw,norm-v1.0-esco-careercorpus,true
15856762,0.94,0.83,CareerCorpus,Sheet1,25,CareerCorpus-xlsx-raw,norm-v1.0-esco-careercorpus,true
18208580,0.86,0.8999999999999999,CareerCorpus,Sheet1,26,CareerCorpus-xlsx-raw,norm-v1.0-esco-careercorpus,true
2841992,0.85,0.9499999999999998,CareerCorpus,Sheet1,27,CareerCorpus-xlsx-raw,norm-v1.0-esco-careercorpus,true
87867370,0.91,0.92,CareerCorpus,Sheet1,28,CareerCorpus-xlsx-raw,norm-v1.0-esco-careercorpus,true
27120528,0.56,0.9,CareerCorpus,Sheet1,29,CareerCorpus-xlsx-raw,norm-v1.0-esco-careercorpus,true
70667011,0.86,0.85,CareerCorpus,Sheet1,30,CareerCorpus-xlsx-raw,norm-v1.0-esco-careercorpus,true
36302399,0.7000000000000001,0.88,CareerCorpus,Sheet1,31,CareerCorpus-xlsx-raw,norm-v1.0-esco-careercorpus,true
89049979,0.51,0.78,CareerCorpus,Sheet1,32,CareerCorpus-xlsx-raw,norm-v1.0-esco-careercorpus,true
43375498,0.68,0.68,CareerCorpus,Sheet1,33,CareerCorpus-xlsx-raw,norm-v1.0-esco-careercorpus,true
30713796,0.36,0.77,CareerCorpus,Sheet1,34,CareerCorpus-xlsx-raw,norm-v1.0-esco-careercorpus,true
18805506,0.8400000000000001,0.82,CareerCorpus,Sheet1,35,CareerCorpus-xlsx-raw,norm-v1.0-esco-careercorpus,true
39247950,0.15000000000000002,0.87,CareerCorpus,Sheet1,36,CareerCorpus-xlsx-raw,norm-v1.0-esco-careercorpus,true
30127072,0.91,0.88,CareerCorpus,Sheet1,37,CareerCorpus-xlsx-raw,norm-v1.0-esco-careercorpus,true
11065180,0.86,0.87,CareerCorpus,Sheet1,38,CareerCorpus-xlsx-raw,norm-v1.0-esco-careercorpus,true
11637468,0.92,0.87,CareerCorpus,Sheet1,39,CareerCorpus-xlsx-raw,norm-v1.0-esco-careercorpus,true
54421668,0.59,0.75,CareerCorpus,Sheet1,40,CareerCorpus-xlsx-raw,norm-v1.0-esco-careercorpus,true
13393401,0.85,0.7999999999999999,CareerCorpus,Sheet1,41,CareerCorpus-xlsx-raw,norm-v1.0-esco-careercorpus,true
71422121,0.64,0.78,CareerCorpus,Sheet1,42,CareerCorpus-xlsx-raw,norm-v1.0-esco-careercorpus,true
18457785,0.66,0.7000000000000001,CareerCorpus,Sheet1,43,CareerCorpus-xlsx-raw,norm-v1.0-esco-careercorpus,true
21856577,0.58,0.72,CareerCorpus,Sheet1,44,CareerCorpus-xlsx-raw,norm-v1.0-esco-careercorpus,true
21645690,0.91,0.78,CareerCorpus,Sheet1,45,CareerCorpus-xlsx-raw,norm-v1.0-esco-careercorpus,true
25780596,0.7,0.73,CareerCorpus,Sheet1,46,CareerCorpus-xlsx-raw,norm-v1.0-esco-careercorpus,true
34185495,0.92,0.83,CareerCorpus,Sheet1,47,CareerCorpus-xlsx-raw,norm-v1.0-esco-careercorpus,true
35483925,0.78,0.85,CareerCorpus,Sheet1,48,CareerCorpus-xlsx-raw,norm-v1.0-esco-careercorpus,true
19374660,0.1,0.72,CareerCorpus,Sheet1,49,CareerCorpus-xlsx-raw,norm-v1.0-esco-careercorpus,true
34758680,0.77,0.82,CareerCorpus,Sheet1,50,CareerCorpus-xlsx-raw,norm-v1.0-esco-careercorpus,true
21297521,0.82,0.87,CareerCorpus,Sheet1,51,CareerCorpus-xlsx-raw,norm-v1.0-esco-careercorpus,true
11877150,0.53,0.77,CareerCorpus,Sheet1,52,CareerCorpus-xlsx-raw,norm-v1.0-esco-careercorpus,true
86549455,0.49,0.97,CareerCorpus,Sheet1,53,CareerCorpus-xlsx-raw,norm-v1.0-esco-careercorpus,true
26530575,0.89,0.93,CareerCorpus,Sheet1,54,CareerCorpus-xlsx-raw,norm-v1.0-esco-careercorpus,true
23955183,0.84,0.9,CareerCorpus,Sheet1,55,CareerCorpus-xlsx-raw,norm-v1.0-esco-careercorpus,true
24854026,0.86,0.88,CareerCorpus,Sheet1,56,CareerCorpus-xlsx-raw,norm-v1.0-esco-careercorpus,true
48285304,0.67,0.8,CareerCorpus,Sheet1,57,CareerCorpus-xlsx-raw,norm-v1.0-esco-careercorpus,true
14722634,0.85,0.92,CareerCorpus,Sheet1,58,CareerCorpus-xlsx-raw,norm-v1.0-esco-careercorpus,true
27789372,0.76,0.87,CareerCorpus,Sheet1,59,CareerCorpus-xlsx-raw,norm-v1.0-esco-careercorpus,true
26767199,0.86,0.95,CareerCorpus,Sheet1,60,CareerCorpus-xlsx-raw,norm-v1.0-esco-careercorpus,true
15891494,0.75,0.92,CareerCorpus,Sheet1,61,CareerCorpus-xlsx-raw,norm-v1.0-esco-careercorpus,true
78229715,0.85,0.93,CareerCorpus,Sheet1,62,CareerCorpus-xlsx-raw,norm-v1.0-esco-careercorpus,true
22720697,0.66,0.93,CareerCorpus,Sheet1,63,CareerCorpus-xlsx-raw,norm-v1.0-esco-careercorpus,true
70541112,0.89,0.95,CareerCorpus,Sheet1,64,CareerCorpus-xlsx-raw,norm-v1.0-esco-careercorpus,true
20705888,0.7,0.8,CareerCorpus,Sheet1,65,CareerCorpus-xlsx-raw,norm-v1.0-esco-careercorpus,true
28522529,0.92,0.82,CareerCorpus,Sheet1,66,CareerCorpus-xlsx-raw,norm-v1.0-esco-careercorpus,true
19147603,0.81,0.9,CareerCorpus,Sheet1,67,CareerCorpus-xlsx-raw,norm-v1.0-esco-careercorpus,true
11490673,0.75,0.88,CareerCorpus,Sheet1,68,CareerCorpus-xlsx-raw,norm-v1.0-esco-careercorpus,true
84356308,0.89,0.92,CareerCorpus,Sheet1,69,CareerCorpus-xlsx-raw,norm-v1.0-esco-careercorpus,true
91564103,0.81,0.88,CareerCorpus,Sheet1,70,CareerCorpus-xlsx-raw,norm-v1.0-esco-careercorpus,true
22622351,0.89,0.88,CareerCorpus,Sheet1,71,CareerCorpus-xlsx-raw,norm-v1.0-esco-careercorpus,true
24530382,0.91,0.97,CareerCorpus,Sheet1,72,CareerCorpus-xlsx-raw,norm-v1.0-esco-careercorpus,true
27018361,0.75,0.87,CareerCorpus,Sheet1,73,CareerCorpus-xlsx-raw,norm-v1.0-esco-careercorpus,true
92524964,0.85,0.85,CareerCorpus,Sheet1,74,CareerCorpus-xlsx-raw,norm-v1.0-esco-careercorpus,true
19405513,0.85,0.87,CareerCorpus,Sheet1,75,CareerCorpus-xlsx-raw,norm-v1.0-esco-careercorpus,true
17775916,0.81,0.83,CareerCorpus,Sheet1,76,CareerCorpus-xlsx-raw,norm-v1.0-esco-careercorpus,true
18975686,0.58,0.73,CareerCorpus,Sheet1,77,CareerCorpus-xlsx-raw,norm-v1.0-esco-careercorpus,true
28758002,0.93,0.9,CareerCorpus,Sheet1,78,CareerCorpus-xlsx-raw,norm-v1.0-esco-careercorpus,true
59938965,0.65,0.83,CareerCorpus,Sheet1,79,CareerCorpus-xlsx-raw,norm-v1.0-esco-careercorpus,true
28396458,0.71,0.77,CareerCorpus,Sheet1,80,CareerCorpus-xlsx-raw,norm-v1.0-esco-careercorpus,true
27914096,0.84,0.85,CareerCorpus,Sheet1,81,CareerCorpus-xlsx-raw,norm-v1.0-esco-careercorpus,true
57088974,0.81,0.8,CareerCorpus,Sheet1,82,CareerCorpus-xlsx-raw,norm-v1.0-esco-careercorpus,true
26231609,0.87,0.93,CareerCorpus,Sheet1,83,CareerCorpus-xlsx-raw,norm-v1.0-esco-careercorpus,true
20836112,0.36,0.72,CareerCorpus,Sheet1,84,CareerCorpus-xlsx-raw,norm-v1.0-esco-careercorpus,true
28398216,0.71,0.78,CareerCorpus,Sheet1,85,CareerCorpus-xlsx-raw,norm-v1.0-esco-careercorpus,true
26961846,0.78,0.83,CareerCorpus,Sheet1,86,CareerCorpus-xlsx-raw,norm-v1.0-esco-careercorpus,true
37931076,0.33,0.67,CareerCorpus,Sheet1,87,CareerCorpus-xlsx-raw,norm-v1.0-esco-careercorpus,true
16426777,0.95,0.93,CareerCorpus,Sheet1,88,CareerCorpus-xlsx-raw,norm-v1.0-esco-careercorpus,true
28623782,0.8,0.88,CareerCorpus,Sheet1,89,CareerCorpus-xlsx-raw,norm-v1.0-esco-careercorpus,true
81677620,0.91,0.93,CareerCorpus,Sheet1,90,CareerCorpus-xlsx-raw,norm-v1.0-esco-careercorpus,true
14413148,0.84,0.9,CareerCorpus,Sheet1,91,CareerCorpus-xlsx-raw,norm-v1.0-esco-careercorpus,true
76454959,0.87,0.87,CareerCorpus,Sheet1,92,CareerCorpus-xlsx-raw,norm-v1.0-esco-careercorpus,true
11441764,0.83,0.93,CareerCorpus,Sheet1,93,CareerCorpus-xlsx-raw,norm-v1.0-esco-careercorpus,true
24411323,0.49,0.72,CareerCorpus,Sheet1,94,CareerCorpus-xlsx-raw,norm-v1.0-esco-careercorpus,true
33685988,0.85,0.87,CareerCorpus,Sheet1,95,CareerCorpus-xlsx-raw,norm-v1.0-esco-careercorpus,true
62850928,0.9,0.87,CareerCorpus,Sheet1,96,CareerCorpus-xlsx-raw,norm-v1.0-esco-careercorpus,true
34250007,0.85,0.85,CareerCorpus,Sheet1,97,CareerCorpus-xlsx-raw,norm-v1.0-esco-careercorpus,true
74849878,0.33,0.78,CareerCorpus,Sheet1,98,CareerCorpus-xlsx-raw,norm-v1.0-esco-careercorpus,true
25497147,0.79,0.82,CareerCorpus,Sheet1,99,CareerCorpus-xlsx-raw,norm-v1.0-esco-careercorpus,true
31948488,0.76,0.87,CareerCorpus,Sheet1,100,CareerCorpus-xlsx-raw,norm-v1.0-esco-careercorpus,true
18640927,0.68,0.77,CareerCorpus,Sheet1,101,CareerCorpus-xlsx-raw,norm-v1.0-esco-careercorpus,true
15906625,0.75,0.87,CareerCorpus,Sheet1,102,CareerCorpus-xlsx-raw,norm-v1.0-esco-careercorpus,true
30361788,0.73,0.85,CareerCorpus,Sheet1,103,CareerCorpus-xlsx-raw,norm-v1.0-esco-careercorpus,true
21031285,0.85,0.9499999999999998,CareerCorpus,Sheet1,104,CareerCorpus-xlsx-raw,norm-v1.0-esco-careercorpus,true
25749150,0.79,0.8500000000000001,CareerCorpus,Sheet1,105,CareerCorpus-xlsx-raw,norm-v1.0-esco-careercorpus,true
12338274,0.86,0.89,CareerCorpus,Sheet1,106,CareerCorpus-xlsx-raw,norm-v1.0-esco-careercorpus,true
33527446,0.85,0.93,CareerCorpus,Sheet1,107,CareerCorpus-xlsx-raw,norm-v1.0-esco-careercorpus,true
12442909,0.84,0.92,CareerCorpus,Sheet1,108,CareerCorpus-xlsx-raw,norm-v1.0-esco-careercorpus,true
37997506,0.77,0.87,CareerCorpus,Sheet1,109,CareerCorpus-xlsx-raw,norm-v1.0-esco-careercorpus,true
37370455,0.8300000000000001,0.87,CareerCorpus,Sheet1,110,CareerCorpus-xlsx-raw,norm-v1.0-esco-careercorpus,true
37997507,0.82,0.85,CareerCorpus,Sheet1,111,CareerCorpus-xlsx-raw,norm-v1.0-esco-careercorpus,true
31602598,0.81,0.87,CareerCorpus,Sheet1,112,CareerCorpus-xlsx-raw,norm-v1.0-esco-careercorpus,true
19545827,0.81,0.87,CareerCorpus,Sheet1,113,CareerCorpus-xlsx-raw,norm-v1.0-esco-careercorpus,true
14470533,0.72,0.8500000000000001,CareerCorpus,Sheet1,114,CareerCorpus-xlsx-raw,norm-v1.0-esco-careercorpus,true
43685045,0.73,0.82,CareerCorpus,Sheet1,115,CareerCorpus-xlsx-raw,norm-v1.0-esco-careercorpus,true
18365791,0.78,0.85,CareerCorpus,Sheet1,116,CareerCorpus-xlsx-raw,norm-v1.0-esco-careercorpus,true
14224370,0.74,0.87,CareerCorpus,Sheet1,117,CareerCorpus-xlsx-raw,norm-v1.0-esco-careercorpus,true
21794875,0.8,0.92,CareerCorpus,Sheet1,118,CareerCorpus-xlsx-raw,norm-v1.0-esco-careercorpus,true
23734441,0.78,0.93,CareerCorpus,Sheet1,119,CareerCorpus-xlsx-raw,norm-v1.0-esco-careercorpus,true
39115899,0.7,0.98,CareerCorpus,Sheet1,120,CareerCorpus-xlsx-raw,norm-v1.0-esco-careercorpus,true
23139819,0.87,0.93,CareerCorpus,Sheet1,121,CareerCorpus-xlsx-raw,norm-v1.0-esco-careercorpus,true
42487883,0.75,0.92,CareerCorpus,Sheet1,122,CareerCorpus-xlsx-raw,norm-v1.0-esco-careercorpus,true
23636277,0.86,0.9,CareerCorpus,Sheet1,123,CareerCorpus-xlsx-raw,norm-v1.0-esco-careercorpus,true
21338490,0.79,0.9,CareerCorpus,Sheet1,124,CareerCorpus-xlsx-raw,norm-v1.0-esco-careercorpus,true
14491649,0.79,0.9499999999999998,CareerCorpus,Sheet1,125,CareerCorpus-xlsx-raw,norm-v1.0-esco-careercorpus,true
17407184,0.77,0.9,CareerCorpus,Sheet1,126,CareerCorpus-xlsx-raw,norm-v1.0-esco-careercorpus,true
30813919,0.98,0.85,CareerCorpus,Sheet1,127,CareerCorpus-xlsx-raw,norm-v1.0-esco-careercorpus,true
78403342,0.59,0.82,CareerCorpus,Sheet1,128,CareerCorpus-xlsx-raw,norm-v1.0-esco-careercorpus,true
20393721,0.89,0.88,CareerCorpus,Sheet1,129,CareerCorpus-xlsx-raw,norm-v1.0-esco-careercorpus,true
24817041,0.48,0.92,CareerCorpus,Sheet1,130,CareerCorpus-xlsx-raw,norm-v1.0-esco-careercorpus,true
27980446,0.84,0.88,CareerCorpus,Sheet1,131,CareerCorpus-xlsx-raw,norm-v1.0-esco-careercorpus,true
25462793,0.89,0.98,CareerCorpus,Sheet1,132,CareerCorpus-xlsx-raw,norm-v1.0-esco-careercorpus,true
29456173,0.69,0.92,CareerCorpus,Sheet1,133,CareerCorpus-xlsx-raw,norm-v1.0-esco-careercorpus,true
59403481,0.67,0.88,CareerCorpus,Sheet1,134,CareerCorpus-xlsx-raw,norm-v1.0-esco-careercorpus,true
13491889,0.85,0.88,CareerCorpus,Sheet1,135,CareerCorpus-xlsx-raw,norm-v1.0-esco-careercorpus,true
25846894,0.75,0.88,CareerCorpus,Sheet1,136,CareerCorpus-xlsx-raw,norm-v1.0-esco-careercorpus,true
53640713,0.77,0.9499999999999998,CareerCorpus,Sheet1,137,CareerCorpus-xlsx-raw,norm-v1.0-esco-careercorpus,true
11163645,0.52,0.75,CareerCorpus,Sheet1,138,CareerCorpus-xlsx-raw,norm-v1.0-esco-careercorpus,true
23513618,0.9,0.9499999999999998,CareerCorpus,Sheet1,139,CareerCorpus-xlsx-raw,norm-v1.0-esco-careercorpus,true
75286906,0.87,0.88,CareerCorpus,Sheet1,140,CareerCorpus-xlsx-raw,norm-v1.0-esco-careercorpus,true
20253563,0.8200000000000001,0.9,CareerCorpus,Sheet1,141,CareerCorpus-xlsx-raw,norm-v1.0-esco-careercorpus,true
16237710,0.43,0.83,CareerCorpus,Sheet1,142,CareerCorpus-xlsx-raw,norm-v1.0-esco-careercorpus,true
13294301,0.78,0.82,CareerCorpus,Sheet1,143,CareerCorpus-xlsx-raw,norm-v1.0-esco-careercorpus,true
13130984,0.7,0.9,CareerCorpus,Sheet1,144,CareerCorpus-xlsx-raw,norm-v1.0-esco-careercorpus,true
25127518,0.73,0.77,CareerCorpus,Sheet1,145,CareerCorpus-xlsx-raw,norm-v1.0-esco-careercorpus,true
24799301,0.69,0.83,CareerCorpus,Sheet1,146,CareerCorpus-xlsx-raw,norm-v1.0-esco-careercorpus,true
25067742,0.84,0.85,CareerCorpus,Sheet1,147,CareerCorpus-xlsx-raw,norm-v1.0-esco-careercorpus,true
15821633,0.84,0.87,CareerCorpus,Sheet1,148,CareerCorpus-xlsx-raw,norm-v1.0-esco-careercorpus,true
15363277,0.86,0.9500000000000001,CareerCorpus,Sheet1,149,CareerCorpus-xlsx-raw,norm-v1.0-esco-careercorpus,true
18132924,0.91,0.92,CareerCorpus,Sheet1,150,CareerCorpus-xlsx-raw,norm-v1.0-esco-careercorpus,true
63137898,0.84,0.88,CareerCorpus,Sheet1,151,CareerCorpus-xlsx-raw,norm-v1.0-esco-careercorpus,true
21763056,0.88,0.8500000000000001,CareerCorpus,Sheet1,152,CareerCorpus-xlsx-raw,norm-v1.0-esco-careercorpus,true
12467531,0.8300000000000001,0.95,CareerCorpus,Sheet1,153,CareerCorpus-xlsx-raw,norm-v1.0-esco-careercorpus,true
19918523,0.8300000000000001,0.95,CareerCorpus,Sheet1,154,CareerCorpus-xlsx-raw,norm-v1.0-esco-careercorpus,true
62184086,0.8300000000000001,0.93,CareerCorpus,Sheet1,155,CareerCorpus-xlsx-raw,norm-v1.0-esco-careercorpus,true
28063132,0.67,0.72,CareerCorpus,Sheet1,156,CareerCorpus-xlsx-raw,norm-v1.0-esco-careercorpus,true
29797594,0.67,0.94,CareerCorpus,Sheet1,157,CareerCorpus-xlsx-raw,norm-v1.0-esco-careercorpus,true
22408666,0.7,0.86,CareerCorpus,Sheet1,158,CareerCorpus-xlsx-raw,norm-v1.0-esco-careercorpus,true
13087952,0.8300000000000001,0.96,CareerCorpus,Sheet1,159,CareerCorpus-xlsx-raw,norm-v1.0-esco-careercorpus,true
28772892,0.67,0.97,CareerCorpus,Sheet1,160,CareerCorpus-xlsx-raw,norm-v1.0-esco-careercorpus,true
33704389,0.8,0.93,CareerCorpus,Sheet1,161,CareerCorpus-xlsx-raw,norm-v1.0-esco-careercorpus,true
16210888,0.8300000000000001,0.95,CareerCorpus,Sheet1,162,CareerCorpus-xlsx-raw,norm-v1.0-esco-careercorpus,true
38750659,0.73,0.84,CareerCorpus,Sheet1,163,CareerCorpus-xlsx-raw,norm-v1.0-esco-careercorpus,true
90363254,0.77,0.95,CareerCorpus,Sheet1,164,CareerCorpus-xlsx-raw,norm-v1.0-esco-careercorpus,true
66906212,0.67,0.93,CareerCorpus,Sheet1,165,CareerCorpus-xlsx-raw,norm-v1.0-esco-careercorpus,true
34745915,0.7,0.77,CareerCorpus,Sheet1,166,CareerCorpus-xlsx-raw,norm-v1.0-esco-careercorpus,true
34689720,0.63,0.8,CareerCorpus,Sheet1,167,CareerCorpus-xlsx-raw,norm-v1.0-esco-careercorpus,true
48547319,0.67,0.71,CareerCorpus,Sheet1,168,CareerCorpus-xlsx-raw,norm-v1.0-esco-careercorpus,true
19464810,0.63,0.67,CareerCorpus,Sheet1,169,CareerCorpus-xlsx-raw,norm-v1.0-esco-careercorpus,true
28086303,0.8699999999999999,0.8,CareerCorpus,Sheet1,170,CareerCorpus-xlsx-raw,norm-v1.0-esco-careercorpus,true
13855004,0.77,0.7,CareerCorpus,Sheet1,171,CareerCorpus-xlsx-raw,norm-v1.0-esco-careercorpus,true
35421497,0.73,0.79,CareerCorpus,Sheet1,172,CareerCorpus-xlsx-raw,norm-v1.0-esco-careercorpus,true
35421497,0.73,0.66,CareerCorpus,Sheet1,173,CareerCorpus-xlsx-raw,norm-v1.0-esco-careercorpus,true
18001081,0.8,0.7,CareerCorpus,Sheet1,174,CareerCorpus-xlsx-raw,norm-v1.0-esco-careercorpus,true
14958913,0.67,0.63,CareerCorpus,Sheet1,175,CareerCorpus-xlsx-raw,norm-v1.0-esco-careercorpus,true
13296856,0.67,0.7,CareerCorpus,Sheet1,176,CareerCorpus-xlsx-raw,norm-v1.0-esco-careercorpus,true
63391085,0.8699999999999999,0.92,CareerCorpus,Sheet1,177,CareerCorpus-xlsx-raw,norm-v1.0-esco-careercorpus,true
23939133,0.7,0.65,CareerCorpus,Sheet1,178,CareerCorpus-xlsx-raw,norm-v1.0-esco-careercorpus,true
96547039,0.8,0.86,CareerCorpus,Sheet1,179,CareerCorpus-xlsx-raw,norm-v1.0-esco-careercorpus,true
22807104,0.67,0.7,CareerCorpus,Sheet1,180,CareerCorpus-xlsx-raw,norm-v1.0-esco-careercorpus,true
23628651,0.77,0.86,CareerCorpus,Sheet1,181,CareerCorpus-xlsx-raw,norm-v1.0-esco-careercorpus,true
29486525,0.77,0.83,CareerCorpus,Sheet1,182,CareerCorpus-xlsx-raw,norm-v1.0-esco-careercorpus,true
22510753,0.8300000000000001,0.76,CareerCorpus,Sheet1,183,CareerCorpus-xlsx-raw,norm-v1.0-esco-careercorpus,true
21773106,0.8699999999999999,0.78,CareerCorpus,Sheet1,184,CareerCorpus-xlsx-raw,norm-v1.0-esco-careercorpus,true
34465087,0.67,0.57,CareerCorpus,Sheet1,185,CareerCorpus-xlsx-raw,norm-v1.0-esco-careercorpus,true
24791126,0.77,0.64,CareerCorpus,Sheet1,186,CareerCorpus-xlsx-raw,norm-v1.0-esco-careercorpus,true
15899269,0.8699999999999999,0.89,CareerCorpus,Sheet1,187,CareerCorpus-xlsx-raw,norm-v1.0-esco-careercorpus,true
37402097,0.63,0.64,CareerCorpus,Sheet1,188,CareerCorpus-xlsx-raw,norm-v1.0-esco-careercorpus,true
36206485,0.73,0.74,CareerCorpus,Sheet1,189,CareerCorpus-xlsx-raw,norm-v1.0-esco-careercorpus,true
36569713,0.8,0.82,CareerCorpus,Sheet1,190,CareerCorpus-xlsx-raw,norm-v1.0-esco-careercorpus,true
28013287,0.7,0.71,CareerCorpus,Sheet1,191,CareerCorpus-xlsx-raw,norm-v1.0-esco-careercorpus,true
29267293,0.77,0.79,CareerCorpus,Sheet1,192,CareerCorpus-xlsx-raw,norm-v1.0-esco-careercorpus,true
45286020,0.73,0.74,CareerCorpus,Sheet1,193,CareerCorpus-xlsx-raw,norm-v1.0-esco-careercorpus,true
13330982,0.8699999999999999,0.89,CareerCorpus,Sheet1,194,CareerCorpus-xlsx-raw,norm-v1.0-esco-careercorpus,true
22551979,0.6,0.68,CareerCorpus,Sheet1,195,CareerCorpus-xlsx-raw,norm-v1.0-esco-careercorpus,true
29639533,0.77,0.72,CareerCorpus,Sheet1,196,CareerCorpus-xlsx-raw,norm-v1.0-esco-careercorpus,true
49285644,0.8300000000000001,0.88,CareerCorpus,Sheet1,197,CareerCorpus-xlsx-raw,norm-v1.0-esco-careercorpus,true
16270906,0.67,0.54,CareerCorpus,Sheet1,198,CareerCorpus-xlsx-raw,norm-v1.0-esco-careercorpus,true
27531694,0.8699999999999999,0.95,CareerCorpus,Sheet1,199,CareerCorpus-xlsx-raw,norm-v1.0-esco-careercorpus,true
74816727,0.63,0.64,CareerCorpus,Sheet1,200,CareerCorpus-xlsx-raw,norm-v1.0-esco-careercorpus,true
23398843,0.7,0.82,CareerCorpus,Sheet1,201,CareerCorpus-xlsx-raw,norm-v1.0-esco-careercorpus,true
31552617,0.8,0.89,CareerCorpus,Sheet1,202,CareerCorpus-xlsx-raw,norm-v1.0-esco-careercorpus,true
24533931,0.22,0.42,CareerCorpus,Sheet1,203,CareerCorpus-xlsx-raw,norm-v1.0-esco-careercorpus,true
21807211,0.2,0.3,CareerCorpus,Sheet1,204,CareerCorpus-xlsx-raw,norm-v1.0-esco-careercorpus,true
71767359,0.8,0.65,CareerCorpus,Sheet1,205,CareerCorpus-xlsx-raw,norm-v1.0-esco-careercorpus,true
27694040,0.74,0.58,CareerCorpus,Sheet1,206,CareerCorpus-xlsx-raw,norm-v1.0-esco-careercorpus,true
15535408,0.35,0.47,CareerCorpus,Sheet1,207,CareerCorpus-xlsx-raw,norm-v1.0-esco-careercorpus,true
13386301,0.75,0.87,CareerCorpus,Sheet1,208,CareerCorpus-xlsx-raw,norm-v1.0-esco-careercorpus,true
27091280,0.7,0.59,CareerCorpus,Sheet1,209,CareerCorpus-xlsx-raw,norm-v1.0-esco-careercorpus,true
14413257,0.76,0.83,CareerCorpus,Sheet1,210,CareerCorpus-xlsx-raw,norm-v1.0-esco-careercorpus,true
11677077,0.13,0.28,CareerCorpus,Sheet1,211,CareerCorpus-xlsx-raw,norm-v1.0-esco-careercorpus,true
29521434,0.16,0.32,CareerCorpus,Sheet1,212,CareerCorpus-xlsx-raw,norm-v1.0-esco-careercorpus,true
50324968,0.4,0.65,CareerCorpus,Sheet1,213,CareerCorpus-xlsx-raw,norm-v1.0-esco-careercorpus,true
13764840,0.46,0.37,CareerCorpus,Sheet1,214,CareerCorpus-xlsx-raw,norm-v1.0-esco-careercorpus,true
19070271,0.07,0.14,CareerCorpus,Sheet1,215,CareerCorpus-xlsx-raw,norm-v1.0-esco-careercorpus,true
56151548,0.25,0.34,CareerCorpus,Sheet1,216,CareerCorpus-xlsx-raw,norm-v1.0-esco-careercorpus,true
16391949,0.18,0.46,CareerCorpus,Sheet1,217,CareerCorpus-xlsx-raw,norm-v1.0-esco-careercorpus,true
13418452,0.09,0.15,CareerCorpus,Sheet1,218,CareerCorpus-xlsx-raw,norm-v1.0-esco-careercorpus,true
27099856,0.93,0.85,CareerCorpus,Sheet1,219,CareerCorpus-xlsx-raw,norm-v1.0-esco-careercorpus,true
26046878,0.26,0.38,CareerCorpus,Sheet1,220,CareerCorpus-xlsx-raw,norm-v1.0-esco-careercorpus,true
35121930,0.13,0.38,CareerCorpus,Sheet1,221,CareerCorpus-xlsx-raw,norm-v1.0-esco-careercorpus,true
10182582,0.37,0.58,CareerCorpus,Sheet1,222,CareerCorpus-xlsx-raw,norm-v1.0-esco-careercorpus,true
12669075,0.28,0.14,CareerCorpus,Sheet1,223,CareerCorpus-xlsx-raw,norm-v1.0-esco-careercorpus,true
16915389,0.85,0.75,CareerCorpus,Sheet1,224,CareerCorpus-xlsx-raw,norm-v1.0-esco-careercorpus,true
12668625,0.12,0.27,CareerCorpus,Sheet1,225,CareerCorpus-xlsx-raw,norm-v1.0-esco-careercorpus,true
14698557,0.57,0.69,CareerCorpus,Sheet1,226,CareerCorpus-xlsx-raw,norm-v1.0-esco-careercorpus,true
27549075,0.2,0.39,CareerCorpus,Sheet1,227,CareerCorpus-xlsx-raw,norm-v1.0-esco-careercorpus,true
31225895,0.34,0.43,CareerCorpus,Sheet1,228,CareerCorpus-xlsx-raw,norm-v1.0-esco-careercorpus,true
15479281,0.17,0.27,CareerCorpus,Sheet1,229,CareerCorpus-xlsx-raw,norm-v1.0-esco-careercorpus,true
26691587,0.16,0.1,CareerCorpus,Sheet1,230,CareerCorpus-xlsx-raw,norm-v1.0-esco-careercorpus,true
11232471,0.58,0.78,CareerCorpus,Sheet1,231,CareerCorpus-xlsx-raw,norm-v1.0-esco-careercorpus,true
21007083,0.33,0.25,CareerCorpus,Sheet1,232,CareerCorpus-xlsx-raw,norm-v1.0-esco-careercorpus,true
20905088,0.73,0.65,CareerCorpus,Sheet1,233,CareerCorpus-xlsx-raw,norm-v1.0-esco-careercorpus,true
16723524,0.87,0.72,CareerCorpus,Sheet1,234,CareerCorpus-xlsx-raw,norm-v1.0-esco-careercorpus,true
14937492,0.53,0.61,CareerCorpus,Sheet1,235,CareerCorpus-xlsx-raw,norm-v1.0-esco-careercorpus,true
72807293,0.64,0.71,CareerCorpus,Sheet1,236,CareerCorpus-xlsx-raw,norm-v1.0-esco-careercorpus,true
30344127,0.39,0.47,CareerCorpus,Sheet1,237,CareerCorpus-xlsx-raw,norm-v1.0-esco-careercorpus,true
23719943,0.95,0.84,CareerCorpus,Sheet1,238,CareerCorpus-xlsx-raw,norm-v1.0-esco-careercorpus,true
58208591,0.35,0.56,CareerCorpus,Sheet1,239,CareerCorpus-xlsx-raw,norm-v1.0-esco-careercorpus,true
15154822,0.94,0.98,CareerCorpus,Sheet1,240,CareerCorpus-xlsx-raw,norm-v1.0-esco-careercorpus,true
46514339,0.36,0.26,CareerCorpus,Sheet1,241,CareerCorpus-xlsx-raw,norm-v1.0-esco-careercorpus,true
11409460,0.33,0.24,CareerCorpus,Sheet1,242,CareerCorpus-xlsx-raw,norm-v1.0-esco-careercorpus,true
99806115,0.11,0.05,CareerCorpus,Sheet1,243,CareerCorpus-xlsx-raw,norm-v1.0-esco-careercorpus,true
29640922,0.88,0.76,CareerCorpus,Sheet1,244,CareerCorpus-xlsx-raw,norm-v1.0-esco-careercorpus,true
12860543,0.8,0.61,CareerCorpus,Sheet1,245,CareerCorpus-xlsx-raw,norm-v1.0-esco-careercorpus,true
29764492,0.9,0.71,CareerCorpus,Sheet1,246,CareerCorpus-xlsx-raw,norm-v1.0-esco-careercorpus,true
91533580,0.63,0.56,CareerCorpus,Sheet1,247,CareerCorpus-xlsx-raw,norm-v1.0-esco-careercorpus,true
13807808,0.86,0.75,CareerCorpus,Sheet1,248,CareerCorpus-xlsx-raw,norm-v1.0-esco-careercorpus,true
16605640,0.14,0.14,CareerCorpus,Sheet1,249,CareerCorpus-xlsx-raw,norm-v1.0-esco-careercorpus,true
17714174,0.3,0.38,CareerCorpus,Sheet1,250,CareerCorpus-xlsx-raw,norm-v1.0-esco-careercorpus,true
28998957,0.28,0.36,CareerCorpus,Sheet1,251,CareerCorpus-xlsx-raw,norm-v1.0-esco-careercorpus,true
71499299,0.07,0.01,CareerCorpus,Sheet1,252,CareerCorpus-xlsx-raw,norm-v1.0-esco-careercorpus,true
1,0.9,0.99,CareerCorpus,Sheet1,253,CareerCorpus-xlsx-raw,norm-v1.0-esco-careercorpus,true
2,0.81,0.92,CareerCorpus,Sheet1,254,CareerCorpus-xlsx-raw,norm-v1.0-esco-careercorpus,true
3,0.92,0.95,CareerCorpus,Sheet1,255,CareerCorpus-xlsx-raw,norm-v1.0-esco-careercorpus,true
4,0.89,0.97,CareerCorpus,Sheet1,256,CareerCorpus-xlsx-raw,norm-v1.0-esco-careercorpus,true
5,0.94,0.97,CareerCorpus,Sheet1,257,CareerCorpus-xlsx-raw,norm-v1.0-esco-careercorpus,true
6,0.88,0.9,CareerCorpus,Sheet1,258,CareerCorpus-xlsx-raw,norm-v1.0-esco-careercorpus,true
7,0.7,0.74,CareerCorpus,Sheet1,259,CareerCorpus-xlsx-raw,norm-v1.0-esco-careercorpus,true
8,0.91,0.96,CareerCorpus,Sheet1,260,CareerCorpus-xlsx-raw,norm-v1.0-esco-careercorpus,true
9,0.92,0.95,CareerCorpus,Sheet1,261,CareerCorpus-xlsx-raw,norm-v1.0-esco-careercorpus,true
10,0.78,0.86,CareerCorpus,Sheet1,262,CareerCorpus-xlsx-raw,norm-v1.0-esco-careercorpus,true
11,0.8,0.88,CareerCorpus,Sheet1,263,CareerCorpus-xlsx-raw,norm-v1.0-esco-careercorpus,true
12,0.85,0.88,CareerCorpus,Sheet1,264,CareerCorpus-xlsx-raw,norm-v1.0-esco-careercorpus,true
13,0.75,0.8,CareerCorpus,Sheet1,265,CareerCorpus-xlsx-raw,norm-v1.0-esco-careercorpus,true
14,0.91,0.9,CareerCorpus,Sheet1,266,CareerCorpus-xlsx-raw,norm-v1.0-esco-careercorpus,true
15,0.83,0.85,CareerCorpus,Sheet1,267,CareerCorpus-xlsx-raw,norm-v1.0-esco-careercorpus,true
16,0.81,0.84,CareerCorpus,Sheet1,268,CareerCorpus-xlsx-raw,norm-v1.0-esco-careercorpus,true
17,0.72,0.84,CareerCorpus,Sheet1,269,CareerCorpus-xlsx-raw,norm-v1.0-esco-careercorpus,true
18,0.9,0.92,CareerCorpus,Sheet1,270,CareerCorpus-xlsx-raw,norm-v1.0-esco-careercorpus,true
19,0.97,0.96,CareerCorpus,Sheet1,271,CareerCorpus-xlsx-raw,norm-v1.0-esco-careercorpus,true
20,0.85,0.87,CareerCorpus,Sheet1,272,CareerCorpus-xlsx-raw,norm-v1.0-esco-careercorpus,true
21,0.88,0.92,CareerCorpus,Sheet1,273,CareerCorpus-xlsx-raw,norm-v1.0-esco-careercorpus,true
22,0.91,0.9,CareerCorpus,Sheet1,274,CareerCorpus-xlsx-raw,norm-v1.0-esco-careercorpus,true
23,0.87,0.95,CareerCorpus,Sheet1,275,CareerCorpus-xlsx-raw,norm-v1.0-esco-careercorpus,true
24,0.83,0.89,CareerCorpus,Sheet1,276,CareerCorpus-xlsx-raw,norm-v1.0-esco-careercorpus,true
25,0.86,0.91,CareerCorpus,Sheet1,277,CareerCorpus-xlsx-raw,norm-v1.0-esco-careercorpus,true
26,0.83,0.88,CareerCorpus,Sheet1,278,CareerCorpus-xlsx-raw,norm-v1.0-esco-careercorpus,true
27,0.87,0.91,CareerCorpus,Sheet1,279,CareerCorpus-xlsx-raw,norm-v1.0-esco-careercorpus,true
28,0.84,0.87,CareerCorpus,Sheet1,280,CareerCorpus-xlsx-raw,norm-v1.0-esco-careercorpus,true
29,0.81,0.86,CareerCorpus,Sheet1,281,CareerCorpus-xlsx-raw,norm-v1.0-esco-careercorpus,true
30,0.82,0.82,CareerCorpus,Sheet1,282,CareerCorpus-xlsx-raw,norm-v1.0-esco-careercorpus,true
31,0.79,0.83,CareerCorpus,Sheet1,283,CareerCorpus-xlsx-raw,norm-v1.0-esco-careercorpus,true
32,0.83,0.84,CareerCorpus,Sheet1,284,CareerCorpus-xlsx-raw,norm-v1.0-esco-careercorpus,true
33,0.87,0.95,CareerCorpus,Sheet1,285,CareerCorpus-xlsx-raw,norm-v1.0-esco-careercorpus,true
34,0.89,0.9,CareerCorpus,Sheet1,286,CareerCorpus-xlsx-raw,norm-v1.0-esco-careercorpus,true
35,0.9,0.91,CareerCorpus,Sheet1,287,CareerCorpus-xlsx-raw,norm-v1.0-esco-careercorpus,true
36,0.86,0.9,CareerCorpus,Sheet1,288,CareerCorpus-xlsx-raw,norm-v1.0-esco-careercorpus,true
37,0.8,0.82,CareerCorpus,Sheet1,289,CareerCorpus-xlsx-raw,norm-v1.0-esco-careercorpus,true
38,0.9,0.94,CareerCorpus,Sheet1,290,CareerCorpus-xlsx-raw,norm-v1.0-esco-careercorpus,true
39,0.83,0.86,CareerCorpus,Sheet1,291,CareerCorpus-xlsx-raw,norm-v1.0-esco-careercorpus,true
40,0.73,0.96,CareerCorpus,Sheet1,292,CareerCorpus-xlsx-raw,norm-v1.0-esco-careercorpus,true
41,0.82,0.88,CareerCorpus,Sheet1,293,CareerCorpus-xlsx-raw,norm-v1.0-esco-careercorpus,true
42,0.89,0.86,CareerCorpus,Sheet1,294,CareerCorpus-xlsx-raw,norm-v1.0-esco-careercorpus,true
43,0.89,0.9,CareerCorpus,Sheet1,295,CareerCorpus-xlsx-raw,norm-v1.0-esco-careercorpus,true
44,0.88,0.92,CareerCorpus,Sheet1,296,CareerCorpus-xlsx-raw,norm-v1.0-esco-careercorpus,true
45,0.8,0.92,CareerCorpus,Sheet1,297,CareerCorpus-xlsx-raw,norm-v1.0-esco-careercorpus,true
46,0.82,0.89,CareerCorpus,Sheet1,298,CareerCorpus-xlsx-raw,norm-v1.0-esco-careercorpus,true
47,0.89,0.95,CareerCorpus,Sheet1,299,CareerCorpus-xlsx-raw,norm-v1.0-esco-careercorpus,true
48,0.89,0.86,CareerCorpus,Sheet1,300,CareerCorpus-xlsx-raw,norm-v1.0-esco-careercorpus,true
49,0.91,0.93,CareerCorpus,Sheet1,301,CareerCorpus-xlsx-raw,norm-v1.0-esco-careercorpus,true
50,0.85,0.97,CareerCorpus,Sheet1,302,CareerCorpus-xlsx-raw,norm-v1.0-esco-careercorpus,true
51,0.88,0.96,CareerCorpus,Sheet1,303,CareerCorpus-xlsx-raw,norm-v1.0-esco-careercorpus,true
