source_sheet,source_row_number,reason,raw_preview
Sheet1,304,empty_row,| | | | | | |
Sheet1,305,empty_row,| | | | | | |
Sheet1,306,empty_row,| | | | | | |
Sheet1,307,empty_row,| | | | | | |
Sheet1,308,empty_row,| | | | | | |
Sheet1,309,empty_row,| | | | | | |
Sheet1,310,empty_row,| | | | | | |
Sheet1,311,empty_row,| | | | | | |
Sheet1,312,empty_row,| | | | | | |
Sheet1,313,empty_row,| | | | | | |
Sheet1,314,empty_row,| | | | | | |
Sheet1,315,empty_row,| | | | | | |
Sheet1,316,empty_row,| | | | | | |
Sheet1,317,empty_row,| | | | | | |
Sheet1,318,empty_row,| | | | | | |
Sheet1,319,empty_row,| | | | | | |
Sheet1,320,empty_row,| | | | | | |
Sheet1,321,empty_row,| | | | | | |
Sheet1,322,empty_row,| | | | | | |
Sheet1,323,empty_row,| | | | | | |
Sheet1,324,empty_row,| | | | | | |
Sheet1,325,empty_row,| | | | | | |
Sheet1,326,empty_row,| | | | | | |
Sheet1,327,empty_row,| | | | | | |
Sheet1,328,empty_row,| | | | | | |
Sheet1,329,empty_row,| | | | | | |
Sheet1,330,empty_row,| | | | | | |
Sheet1,331,empty_row,| | | | | | |
Sheet1,332,empty_row,| | | | | | |
Sheet1,333,empty_row,| | | | | | |
Sheet1,334,empty_row,| | | | | | |
Sheet1,335,empty_row,| | | | | | |
Sheet1,336,empty_row,| | | | | | |
Sheet1,337,empty_row,| | | | | | |
Sheet1,338,empty_row,| | | | | | |
Sheet1,339,empty_row,| | | | | | |
Sheet1,340,empty_row,| | | | | | |
Sheet1,341,empty_row,| | | | | | |
Sheet1,342,empty_row,| | | | | | |
Sheet1,343,empty_row,| | | | | | |
Sheet1,344,empty_row,| | | | | | |
Sheet1,345,empty_row,| | | | | | |
Sheet1,346,empty_row,| | | | | | |
Sheet1,347,empty_row,| | | | | | |
Sheet1,348,empty_row,| | | | | | |
Sheet1,349,empty_row,| | | | | | |
Sheet1,350,empty_row,| | | | | | |
Sheet1,351,empty_row,| | | | | | |
Sheet1,352,empty_row,| | | | | | |
Sheet1,353,empty_row,| | | | | | |
Sheet1,354,empty_row,| | | | | | |
Sheet1,355,empty_row,| | | | | | |
Sheet1,356,empty_row,| | | | | | |
Sheet1,357,empty_row,| | | | | | |
Sheet1,358,empty_row,| | | | | | |
Sheet1,359,empty_row,| | | | | | |
Sheet1,360,empty_row,| | | | | | |
Sheet1,361,empty_row,| | | | | | |
Sheet1,362,empty_row,| | | | | | |
Sheet1,363,empty_row,| | | | | | |
Sheet1,364,empty_row,| | | | | | |
Sheet1,365,empty_row,| | | | | | |
Sheet1,366,empty_row,| | | | | | |
Sheet1,367,empty_row,| | | | | | |
Sheet1,368,empty_row,| | | | | | |
Sheet1,369,empty_row,| | | | | | |
Sheet1,370,empty_row,| | | | | | |
Sheet1,371,empty_row,| | | | | | |
Sheet1,372,empty_row,| | | | | | |
Sheet1,373,empty_row,| | | | | | |
Sheet1,374,empty_row,| | | | | | |
Sheet1,375,empty_row,| | | | | | |
Sheet1,376,empty_row,| | | | | | |
Sheet1,377,empty_row,| | | | | | |
Sheet1,378,empty_row,| | | | | | |
Sheet1,379,empty_row,| | | | | | |
Sheet1,380,empty_row,| | | | | | |
Sheet1,381,empty_row,| | | | | | |
Sheet1,382,empty_row,| | | | | | |
Sheet1,383,empty_row,| | | | | | |
Sheet1,384,empty_row,| | | | | | |
Sheet1,385,empty_row,| | | | | | |
Sheet1,386,empty_row,| | | | | | |
Sheet1,387,empty_row,| | | | | | |
Sheet1,388,empty_row,| | | | | | |
Sheet1,389,empty_row,| | | | | | |
Sheet1,390,empty_row,| | | | | | |
Sheet1,391,empty_row,| | | | | | |
Sheet1,392,empty_row,| | | | | | |
Sheet1,393,empty_row,| | | | | | |
Sheet1,394,empty_row,| | | | | | |
Sheet1,395,empty_row,| | | | | | |
Sheet1,396,empty_row,| | | | | | |
Sheet1,397,empty_row,| | | | | | |
Sheet1,398,empty_row,| | | | | | |
Sheet1,399,empty_row,| | | | | | |
Sheet1,400,empty_row,| | | | | | |
Sheet1,401,empty_row,| | | | | | |
Sheet1,402,empty_row,| | | | | | |
Sheet1,403,empty_row,| | | | | | |
Sheet1,404,empty_row,| | | | | | |
Sheet1,405,empty_row,| | | | | | |
Sheet1,406,empty_row,| | | | | | |
Sheet1,407,empty_row,| | | | | | |
Sheet1,408,empty_row,| | | | | | |
Sheet1,409,empty_row,| | | | | | |
Sheet1,410,empty_row,| | | | | | |
Sheet1,411,empty_row,| | | | | | |
Sheet1,412,empty_row,| | | | | | |
Sheet1,413,empty_row,| | | | | | |
Sheet1,414,empty_row,| | | | | | |
Sheet1,415,empty_row,| | | | | | |
Sheet1,416,empty_row,| | | | | | |
Sheet1,417,empty_row,| | | | | | |
Sheet1,418,empty_row,| | | | | | |
Sheet1,419,empty_row,| | | | | | |
Sheet1,420,empty_row,| | | | | | |
Sheet1,421,empty_row,| | | | | | |
Sheet1,422,empty_row,| | | | | | |
Sheet1,423,empty_row,| | | | | | |
Sheet1,424,empty_row,| | | | | | |
Sheet1,425,empty_row,| | | | | | |
Sheet1,426,empty_row,| | | | | | |
Sheet1,427,empty_row,| | | | | | |
Sheet1,428,empty_row,| | | | | | |
Sheet1,429,empty_row,| | | | | | |
Sheet1,430,empty_row,| | | | | | |
Sheet1,431,empty_row,| | | | | | |
Sheet1,432,empty_row,| | | | | | |
Sheet1,433,empty_row,| | | | | | |
Sheet1,434,empty_row,| | | | | | |
Sheet1,435,empty_row,| | | | | | |
Sheet1,436,empty_row,| | | | | | |
Sheet1,437,empty_row,| | | | | | |
Sheet1,438,empty_row,| | | | | | |
Sheet1,439,empty_row,| | | | | | |
Sheet1,440,empty_row,| | | | | | |
Sheet1,441,empty_row,| | | | | | |
Sheet1,442,empty_row,| | | | | | |
Sheet1,443,empty_row,| | | | | | |
Sheet1,444,empty_row,| | | | | | |
Sheet1,445,empty_row,| | | | | | |
Sheet1,446,empty_row,| | | | | | |
Sheet1,447,empty_row,| | | | | | |
Sheet1,448,empty_row,| | | | | | |
Sheet1,449,empty_row,| | | | | | |
Sheet1,450,empty_row,| | | | | | |
Sheet1,451,empty_row,| | | | | | |
Sheet1,452,empty_row,| | | | | | |
Sheet1,453,empty_row,| | | | | | |
Sheet1,454,empty_row,| | | | | | |
Sheet1,455,empty_row,| | | | | | |
Sheet1,456,empty_row,| | | | | | |
Sheet1,457,empty_row,| | | | | | |
Sheet1,458,empty_row,| | | | | | |
Sheet1,459,empty_row,| | | | | | |
Sheet1,460,empty_row,| | | | | | |
Sheet1,461,empty_row,| | | | | | |
Sheet1,462,empty_row,| | | | | | |
Sheet1,463,empty_row,| | | | | | |
Sheet1,464,empty_row,| | | | | | |
Sheet1,465,empty_row,| | | | | | |
Sheet1,466,empty_row,| | | | | | |
Sheet1,467,empty_row,| | | | | | |
Sheet1,468,empty_row,| | | | | | |
Sheet1,469,empty_row,| | | | | | |
Sheet1,470,empty_row,| | | | | | |
Sheet1,471,empty_row,| | | | | | |
Sheet1,472,empty_row,| | | | | | |
Sheet1,473,empty_row,| | | | | | |
Sheet1,474,empty_row,| | | | | | |
Sheet1,475,empty_row,| | | | | | |
Sheet1,476,empty_row,| | | | | | |
Sheet1,477,empty_row,| | | | | | |
Sheet1,478,empty_row,| | | | | | |
Sheet1,479,empty_row,| | | | | | |
Sheet1,480,empty_row,| | | | | | |
Sheet1,481,empty_row,| | | | | | |
Sheet1,482,empty_row,| | | | | | |
Sheet1,483,empty_row,| | | | | | |
Sheet1,484,empty_row,| | | | | | |
Sheet1,485,empty_row,| | | | | | |
Sheet1,486,empty_row,| | | | | | |
Sheet1,487,empty_row,| | | | | | |
Sheet1,488,empty_row,| | | | | | |
Sheet1,489,empty_row,| | | | | | |
Sheet1,490,empty_row,| | | | | | |
Sheet1,491,empty_row,| | | | | | |
Sheet1,492,empty_row,| | | | | | |
Sheet1,493,empty_row,| | | | | | |
Sheet1,494,empty_row,| | | | | | |
Sheet1,495,empty_row,| | | | | | |
Sheet1,496,empty_row,| | | | | | |
Sheet1,497,empty_row,| | | | | | |
Sheet1,498,empty_row,| | | | | | |
Sheet1,499,empty_row,| | | | | | |
Sheet1,500,empty_row,| | | | | | |
Sheet1,501,empty_row,| | | | | | |
Sheet1,502,empty_row,| | | | | | |
Sheet1,503,empty_row,| | | | | | |
Sheet1,504,empty_row,| | | | | | |
Sheet1,505,empty_row,| | | | | | |
Sheet1,506,empty_row,| | | | | | |
Sheet1,507,empty_row,| | | | | | |
Sheet1,508,empty_row,| | | | | | |
Sheet1,509,empty_row,| | | | | | |
Sheet1,510,empty_row,| | | | | | |
Sheet1,511,empty_row,| | | | | | |
Sheet1,512,empty_row,| | | | | | |
Sheet1,513,empty_row,| | | | | | |
Sheet1,514,empty_row,| | | | | | |
Sheet1,515,empty_row,| | | | | | |
Sheet1,516,empty_row,| | | | | | |
Sheet1,517,empty_row,| | | | | | |
Sheet1,518,empty_row,| | | | | | |
Sheet1,519,empty_row,| | | | | | |
Sheet1,520,empty_row,| | | | | | |
Sheet1,521,empty_row,| | | | | | |
Sheet1,522,empty_row,| | | | | | |
Sheet1,523,empty_row,| | | | | | |
Sheet1,524,empty_row,| | | | | | |
Sheet1,525,empty_row,| | | | | | |
Sheet1,526,empty_row,| | | | | | |
Sheet1,527,empty_row,| | | | | | |
Sheet1,528,empty_row,| | | | | | |
Sheet1,529,empty_row,| | | | | | |
Sheet1,530,empty_row,| | | | | | |
Sheet1,531,empty_row,| | | | | | |
Sheet1,532,empty_row,| | | | | | |
Sheet1,533,empty_row,| | | | | | |
Sheet1,534,empty_row,| | | | | | |
Sheet1,535,empty_row,| | | | | | |
Sheet1,536,empty_row,| | | | | | |
Sheet1,537,empty_row,| | | | | | |
Sheet1,538,empty_row,| | | | | | |
Sheet1,539,empty_row,| | | | | | |
Sheet1,540,empty_row,| | | | | | |
Sheet1,541,empty_row,| | | | | | |
Sheet1,542,empty_row,| | | | | | |
Sheet1,543,empty_row,| | | | | | |
Sheet1,544,empty_row,| | | | | | |
Sheet1,545,empty_row,| | | | | | |
Sheet1,546,empty_row,| | | | | | |
Sheet1,547,empty_row,| | | | | | |
Sheet1,548,empty_row,| | | | | | |
Sheet1,549,empty_row,| | | | | | |
Sheet1,550,empty_row,| | | | | | |
Sheet1,551,empty_row,| | | | | | |
Sheet1,552,empty_row,| | | | | | |
Sheet1,553,empty_row,| | | | | | |
Sheet1,554,empty_row,| | | | | | |
Sheet1,555,empty_row,| | | | | | |
Sheet1,556,empty_row,| | | | | | |
Sheet1,557,empty_row,| | | | | | |
Sheet1,558,empty_row,| | | | | | |
Sheet1,559,empty_row,| | | | | | |
Sheet1,560,empty_row,| | | | | | |
Sheet1,561,empty_row,| | | | | | |
Sheet1,562,empty_row,| | | | | | |
Sheet1,563,empty_row,| | | | | | |
Sheet1,564,empty_row,| | | | | | |
Sheet1,565,empty_row,| | | | | | |
Sheet1,566,empty_row,| | | | | | |
Sheet1,567,empty_row,| | | | | | |
Sheet1,568,empty_row,| | | | | | |
Sheet1,569,empty_row,| | | | | | |
Sheet1,570,empty_row,| | | | | | |
Sheet1,571,empty_row,| | | | | | |
Sheet1,572,empty_row,| | | | | | |
Sheet1,573,empty_row,| | | | | | |
Sheet1,574,empty_row,| | | | | | |
Sheet1,575,empty_row,| | | | | | |
Sheet1,576,empty_row,| | | | | | |
Sheet1,577,empty_row,| | | | | | |
Sheet1,578,empty_row,| | | | | | |
Sheet1,579,empty_row,| | | | | | |
Sheet1,580,empty_row,| | | | | | |
Sheet1,581,empty_row,| | | | | | |
Sheet1,582,empty_row,| | | | | | |
Sheet1,583,empty_row,| | | | | | |
Sheet1,584,empty_row,| | | | | | |
Sheet1,585,empty_row,| | | | | | |
Sheet1,586,empty_row,| | | | | | |
Sheet1,587,empty_row,| | | | | | |
Sheet1,588,empty_row,| | | | | | |
Sheet1,589,empty_row,| | | | | | |
Sheet1,590,empty_row,| | | | | | |
Sheet1,591,empty_row,| | | | | | |
Sheet1,592,empty_row,| | | | | | |
Sheet1,593,empty_row,| | | | | | |
Sheet1,594,empty_row,| | | | | | |
Sheet1,595,empty_row,| | | | | | |
Sheet1,596,empty_row,| | | | | | |
Sheet1,597,empty_row,| | | | | | |
Sheet1,598,empty_row,| | | | | | |
Sheet1,599,empty_row,| | | | | | |
Sheet1,600,empty_row,| | | | | | |
Sheet1,601,empty_row,| | | | | | |
Sheet1,602,empty_row,| | | | | | |
Sheet1,603,empty_row,| | | | | | |
Sheet1,604,empty_row,| | | | | | |
Sheet1,605,empty_row,| | | | | | |
Sheet1,606,empty_row,| | | | | | |
Sheet1,607,empty_row,| | | | | | |
Sheet1,608,empty_row,| | | | | | |
Sheet1,609,empty_row,| | | | | | |
Sheet1,610,empty_row,| | | | | | |
Sheet1,611,empty_row,| | | | | | |
Sheet1,612,empty_row,| | | | | | |
Sheet1,613,empty_row,| | | | | | |
Sheet1,614,empty_row,| | | | | | |
Sheet1,615,empty_row,| | | | | | |
Sheet1,616,empty_row,| | | | | | |
Sheet1,617,empty_row,| | | | | | |
Sheet1,618,empty_row,| | | | | | |
Sheet1,619,empty_row,| | | | | | |
Sheet1,620,empty_row,| | | | | | |
Sheet1,621,empty_row,| | | | | | |
Sheet1,622,empty_row,| | | | | | |
Sheet1,623,empty_row,| | | | | | |
Sheet1,624,empty_row,| | | | | | |
Sheet1,625,empty_row,| | | | | | |
Sheet1,626,empty_row,| | | | | | |
Sheet1,627,empty_row,| | | | | | |
Sheet1,628,empty_row,| | | | | | |
Sheet1,629,empty_row,| | | | | | |
Sheet1,630,empty_row,| | | | | | |
Sheet1,631,empty_row,| | | | | | |
Sheet1,632,empty_row,| | | | | | |
Sheet1,633,empty_row,| | | | | | |
Sheet1,634,empty_row,| | | | | | |
Sheet1,635,empty_row,| | | | | | |
Sheet1,636,empty_row,| | | | | | |
Sheet1,637,empty_row,| | | | | | |
Sheet1,638,empty_row,| | | | | | |
Sheet1,639,empty_row,| | | | | | |
Sheet1,640,empty_row,| | | | | | |
Sheet1,641,empty_row,| | | | | | |
Sheet1,642,empty_row,| | | | | | |
Sheet1,643,empty_row,| | | | | | |
Sheet1,644,empty_row,| | | | | | |
Sheet1,645,empty_row,| | | | | | |
Sheet1,646,empty_row,| | | | | | |
Sheet1,647,empty_row,| | | | | | |
Sheet1,648,empty_row,| | | | | | |
Sheet1,649,empty_row,| | | | | | |
Sheet1,650,empty_row,| | | | | | |
Sheet1,651,empty_row,| | | | | | |
Sheet1,652,empty_row,| | | | | | |
Sheet1,653,empty_row,| | | | | | |
Sheet1,654,empty_row,| | | | | | |
Sheet1,655,empty_row,| | | | | | |
Sheet1,656,empty_row,| | | | | | |
Sheet1,657,empty_row,| | | | | | |
Sheet1,658,empty_row,| | | | | | |
Sheet1,659,empty_row,| | | | | | |
Sheet1,660,empty_row,| | | | | | |
Sheet1,661,empty_row,| | | | | | |
Sheet1,662,empty_row,| | | | | | |
Sheet1,663,empty_row,| | | | | | |
Sheet1,664,empty_row,| | | | | | |
Sheet1,665,empty_row,| | | | | | |
Sheet1,666,empty_row,| | | | | | |
Sheet1,667,empty_row,| | | | | | |
Sheet1,668,empty_row,| | | | | | |
Sheet1,669,empty_row,| | | | | | |
Sheet1,670,empty_row,| | | | | | |
Sheet1,671,empty_row,| | | | | | |
Sheet1,672,empty_row,| | | | | | |
Sheet1,673,empty_row,| | | | | | |
Sheet1,674,empty_row,| | | | | | |
Sheet1,675,empty_row,| | | | | | |
Sheet1,676,empty_row,| | | | | | |
Sheet1,677,empty_row,| | | | | | |
Sheet1,678,empty_row,| | | | | | |
Sheet1,679,empty_row,| | | | | | |
Sheet1,680,empty_row,| | | | | | |
Sheet1,681,empty_row,| | | | | | |
Sheet1,682,empty_row,| | | | | | |
Sheet1,683,empty_row,| | | | | | |
Sheet1,684,empty_row,| | | | | | |
Sheet1,685,empty_row,| | | | | | |
Sheet1,686,empty_row,| | | | | | |
Sheet1,687,empty_row,| | | | | | |
Sheet1,688,empty_row,| | | | | | |
Sheet1,689,empty_row,| | | | | | |
Sheet1,690,empty_row,| | | | | | |
Sheet1,691,empty_row,| | | | | | |
Sheet1,692,empty_row,| | | | | | |
Sheet1,693,empty_row,| | | | | | |
Sheet1,694,empty_row,| | | | | | |
Sheet1,695,empty_row,| | | | | | |
Sheet1,696,empty_row,| | | | | | |
Sheet1,697,empty_row,| | | | | | |
Sheet1,698,empty_row,| | | | | | |
Sheet1,699,empty_row,| | | | | | |
Sheet1,700,empty_row,| | | | | | |
Sheet1,701,empty_row,| | | | | | |
Sheet1,702,empty_row,| | | | | | |
Sheet1,703,empty_row,| | | | | | |
Sheet1,704,empty_row,| | | | | | |
Sheet1,705,empty_row,| | | | | | |
Sheet1,706,empty_row,| | | | | | |
Sheet1,707,empty_row,| | | | | | |
Sheet1,708,empty_row,| | | | | | |
Sheet1,709,empty_row,| | | | | | |
Sheet1,710,empty_row,| | | | | | |
Sheet1,711,empty_row,| | | | | | |
Sheet1,712,empty_row,| | | | | | |
Sheet1,713,empty_row,| | | | | | |
Sheet1,714,empty_row,| | | | | | |
Sheet1,715,empty_row,| | | | | | |
Sheet1,716,empty_row,| | | | | | |
Sheet1,717,empty_row,| | | | | | |
Sheet1,718,empty_row,| | | | | | |
Sheet1,719,empty_row,| | | | | | |
Sheet1,720,empty_row,| | | | | | |
Sheet1,721,empty_row,| | | | | | |
Sheet1,722,empty_row,| | | | | | |
Sheet1,723,empty_row,| | | | | | |
Sheet1,724,empty_row,| | | | | | |
Sheet1,725,empty_row,| | | | | | |
Sheet1,726,empty_row,| | | | | | |
Sheet1,727,empty_row,| | | | | | |
Sheet1,728,empty_row,| | | | | | |
Sheet1,729,empty_row,| | | | | | |
Sheet1,730,empty_row,| | | | | | |
Sheet1,731,empty_row,| | | | | | |
Sheet1,732,empty_row,| | | | | | |
Sheet1,733,empty_row,| | | | | | |
Sheet1,734,empty_row,| | | | | | |
Sheet1,735,empty_row,| | | | | | |
Sheet1,736,empty_row,| | | | | | |
Sheet1,737,empty_row,| | | | | | |
Sheet1,738,empty_row,| | | | | | |
Sheet1,739,empty_row,| | | | | | |
Sheet1,740,empty_row,| | | | | | |
Sheet1,741,empty_row,| | | | | | |
Sheet1,742,empty_row,| | | | | | |
Sheet1,743,empty_row,| | | | | | |
Sheet1,744,empty_row,| | | | | | |
Sheet1,745,empty_row,| | | | | | |
Sheet1,746,empty_row,| | | | | | |
Sheet1,747,empty_row,| | | | | | |
Sheet1,748,empty_row,| | | | | | |
Sheet1,749,empty_row,| | | | | | |
Sheet1,750,empty_row,| | | | | | |
Sheet1,751,empty_row,| | | | | | |
Sheet1,752,empty_row,| | | | | | |
Sheet1,753,empty_row,| | | | | | |
Sheet1,754,empty_row,| | | | | | |
Sheet1,755,empty_row,| | | | | | |
Sheet1,756,empty_row,| | | | | | |
Sheet1,757,empty_row,| | | | | | |
Sheet1,758,empty_row,| | | | | | |
Sheet1,759,empty_row,| | | | | | |
Sheet1,760,empty_row,| | | | | | |
Sheet1,761,empty_row,| | | | | | |
Sheet1,762,empty_row,| | | | | | |
Sheet1,763,empty_row,| | | | | | |
Sheet1,764,empty_row,| | | | | | |
Sheet1,765,empty_row,| | | | | | |
Sheet1,766,empty_row,| | | | | | |
Sheet1,767,empty_row,| | | | | | |
Sheet1,768,empty_row,| | | | | | |
Sheet1,769,empty_row,| | | | | | |
Sheet1,770,empty_row,| | | | | | |
Sheet1,771,empty_row,| | | | | | |
Sheet1,772,empty_row,| | | | | | |
Sheet1,773,empty_row,| | | | | | |
Sheet1,774,empty_row,| | | | | | |
Sheet1,775,empty_row,| | | | | | |
Sheet1,776,empty_row,| | | | | | |
Sheet1,777,empty_row,| | | | | | |
Sheet1,778,empty_row,| | | | | | |
Sheet1,779,empty_row,| | | | | | |
Sheet1,780,empty_row,| | | | | | |
Sheet1,781,empty_row,| | | | | | |
Sheet1,782,empty_row,| | | | | | |
Sheet1,783,empty_row,| | | | | | |
Sheet1,784,empty_row,| | | | | | |
Sheet1,785,empty_row,| | | | | | |
Sheet1,786,empty_row,| | | | | | |
Sheet1,787,empty_row,| | | | | | |
Sheet1,788,empty_row,| | | | | | |
Sheet1,789,empty_row,| | | | | | |
Sheet1,790,empty_row,| | | | | | |
Sheet1,791,empty_row,| | | | | | |
Sheet1,792,empty_row,| | | | | | |
Sheet1,793,empty_row,| | | | | | |
Sheet1,794,empty_row,| | | | | | |
Sheet1,795,empty_row,| | | | | | |
Sheet1,796,empty_row,| | | | | | |
Sheet1,797,empty_row,| | | | | | |
Sheet1,798,empty_row,| | | | | | |
Sheet1,799,empty_row,| | | | | | |
Sheet1,800,empty_row,| | | | | | |
Sheet1,801,empty_row,| | | | | | |
Sheet1,802,empty_row,| | | | | | |
Sheet1,803,empty_row,| | | | | | |
Sheet1,804,empty_row,| | | | | | |
Sheet1,805,empty_row,| | | | | | |
Sheet1,806,empty_row,| | | | | | |
Sheet1,807,empty_row,| | | | | | |
Sheet1,808,empty_row,| | | | | | |
Sheet1,809,empty_row,| | | | | | |
Sheet1,810,empty_row,| | | | | | |
Sheet1,811,empty_row,| | | | | | |
Sheet1,812,empty_row,| | | | | | |
Sheet1,813,empty_row,| | | | | | |
Sheet1,814,empty_row,| | | | | | |
Sheet1,815,empty_row,| | | | | | |
Sheet1,816,empty_row,| | | | | | |
Sheet1,817,empty_row,| | | | | | |
Sheet1,818,empty_row,| | | | | | |
Sheet1,819,empty_row,| | | | | | |
Sheet1,820,empty_row,| | | | | | |
Sheet1,821,empty_row,| | | | | | |
Sheet1,822,empty_row,| | | | | | |
Sheet1,823,empty_row,| | | | | | |
Sheet1,824,empty_row,| | | | | | |
Sheet1,825,empty_row,| | | | | | |
Sheet1,826,empty_row,| | | | | | |
Sheet1,827,empty_row,| | | | | | |
Sheet1,828,empty_row,| | | | | | |
Sheet1,829,empty_row,| | | | | | |
Sheet1,830,empty_row,| | | | | | |
Sheet1,831,empty_row,| | | | | | |
Sheet1,832,empty_row,| | | | | | |
Sheet1,833,empty_row,| | | | | | |
Sheet1,834,empty_row,| | | | | | |
Sheet1,835,empty_row,| | | | | | |
Sheet1,836,empty_row,| | | | | | |
Sheet1,837,empty_row,| | | | | | |
Sheet1,838,empty_row,| | | | | | |
Sheet1,839,empty_row,| | | | | | |
Sheet1,840,empty_row,| | | | | | |
Sheet1,841,empty_row,| | | | | | |
Sheet1,842,empty_row,| | | | | | |
Sheet1,843,empty_row,| | | | | | |
Sheet1,844,empty_row,| | | | | | |
Sheet1,845,empty_row,| | | | | | |
Sheet1,846,empty_row,| | | | | | |
Sheet1,847,empty_row,| | | | | | |
Sheet1,848,empty_row,| | | | | | |
Sheet1,849,empty_row,| | | | | | |
Sheet1,850,empty_row,| | | | | | |
Sheet1,851,empty_row,| | | | | | |
Sheet1,852,empty_row,| | | | | | |
Sheet1,853,empty_row,| | | | | | |
Sheet1,854,empty_row,| | | | | | |
Sheet1,855,empty_row,| | | | | | |
Sheet1,856,empty_row,| | | | | | |
Sheet1,857,empty_row,| | | | | | |
Sheet1,858,empty_row,| | | | | | |
Sheet1,859,empty_row,| | | | | | |
Sheet1,860,empty_row,| | | | | | |
Sheet1,861,empty_row,| | | | | | |
Sheet1,862,empty_row,| | | | | | |
Sheet1,863,empty_row,| | | | | | |
Sheet1,864,empty_row,| | | | | | |
Sheet1,865,empty_row,| | | | | | |
Sheet1,866,empty_row,| | | | | | |
Sheet1,867,empty_row,| | | | | | |
Sheet1,868,empty_row,| | | | | | |
Sheet1,869,empty_row,| | | | | | |
Sheet1,870,empty_row,| | | | | | |
Sheet1,871,empty_row,| | | | | | |
Sheet1,872,empty_row,| | | | | | |
Sheet1,873,empty_row,| | | | | | |
Sheet1,874,empty_row,| | | | | | |
Sheet1,875,empty_row,| | | | | | |
Sheet1,876,empty_row,| | | | | | |
Sheet1,877,empty_row,| | | | | | |
Sheet1,878,empty_row,| | | | | | |
Sheet1,879,empty_row,| | | | | | |
Sheet1,880,empty_row,| | | | | | |
Sheet1,881,empty_row,| | | | | | |
Sheet1,882,empty_row,| | | | | | |
Sheet1,883,empty_row,| | | | | | |
Sheet1,884,empty_row,| | | | | | |
Sheet1,885,empty_row,| | | | | | |
Sheet1,886,empty_row,| | | | | | |
Sheet1,887,empty_row,| | | | | | |
Sheet1,888,empty_row,| | | | | | |
Sheet1,889,empty_row,| | | | | | |
Sheet1,890,empty_row,| | | | | | |
Sheet1,891,empty_row,| | | | | | |
Sheet1,892,empty_row,| | | | | | |
Sheet1,893,empty_row,| | | | | | |
Sheet1,894,empty_row,| | | | | | |
Sheet1,895,empty_row,| | | | | | |
Sheet1,896,empty_row,| | | | | | |
Sheet1,897,empty_row,| | | | | | |
Sheet1,898,empty_row,| | | | | | |
Sheet1,899,empty_row,| | | | | | |
Sheet1,900,empty_row,| | | | | | |
Sheet1,901,empty_row,| | | | | | |
Sheet1,902,empty_row,| | | | | | |
Sheet1,903,empty_row,| | | | | | |
Sheet1,904,empty_row,| | | | | | |
Sheet1,905,empty_row,| | | | | | |
Sheet1,906,empty_row,| | | | | | |
Sheet1,907,empty_row,| | | | | | |
Sheet1,908,empty_row,| | | | | | |
Sheet1,909,empty_row,| | | | | | |
Sheet1,910,empty_row,| | | | | | |
Sheet1,911,empty_row,| | | | | | |
Sheet1,912,empty_row,| | | | | | |
Sheet1,913,empty_row,| | | | | | |
Sheet1,914,empty_row,| | | | | | |
Sheet1,915,empty_row,| | | | | | |
Sheet1,916,empty_row,| | | | | | |
Sheet1,917,empty_row,| | | | | | |
Sheet1,918,empty_row,| | | | | | |
Sheet1,919,empty_row,| | | | | | |
Sheet1,920,empty_row,| | | | | | |
Sheet1,921,empty_row,| | | | | | |
Sheet1,922,empty_row,| | | | | | |
Sheet1,923,empty_row,| | | | | | |
Sheet1,924,empty_row,| | | | | | |
Sheet1,925,empty_row,| | | | | | |
Sheet1,926,empty_row,| | | | | | |
Sheet1,927,empty_row,| | | | | | |
Sheet1,928,empty_row,| | | | | | |
Sheet1,929,empty_row,| | | | | | |
Sheet1,930,empty_row,| | | | | | |
Sheet1,931,empty_row,| | | | | | |
Sheet1,932,empty_row,| | | | | | |
Sheet1,933,empty_row,| | | | | | |
Sheet1,934,empty_row,| | | | | | |
Sheet1,935,empty_row,| | | | | | |
Sheet1,936,empty_row,| | | | | | |
Sheet1,937,empty_row,| | | | | | |
Sheet1,938,empty_row,| | | | | | |
Sheet1,939,empty_row,| | | | | | |
Sheet1,940,empty_row,| | | | | | |
Sheet1,941,empty_row,| | | | | | |
Sheet1,942,empty_row,| | | | | | |
Sheet1,943,empty_row,| | | | | | |
Sheet1,944,empty_row,| | | | | | |
Sheet1,945,empty_row,| | | | | | |
Sheet1,946,empty_row,| | | | | | |
Sheet1,947,empty_row,| | | | | | |
Sheet1,948,empty_row,| | | | | | |
Sheet1,949,empty_row,| | | | | | |
Sheet1,950,empty_row,| | | | | | |
Sheet1,951,empty_row,| | | | | | |
Sheet1,952,empty_row,| | | | | | |
Sheet1,953,empty_row,| | | | | | |
Sheet1,954,empty_row,| | | | | | |
Sheet1,955,empty_row,| | | | | | |
Sheet1,956,empty_row,| | | | | | |
Sheet1,957,empty_row,| | | | | | |
Sheet1,958,empty_row,| | | | | | |
Sheet1,959,empty_row,| | | | | | |
Sheet1,960,empty_row,| | | | | | |
Sheet1,961,empty_row,| | | | | | |
Sheet1,962,empty_row,| | | | | | |
Sheet1,963,empty_row,| | | | | | |
Sheet1,964,empty_row,| | | | | | |
Sheet1,965,empty_row,| | | | | | |
Sheet1,966,empty_row,| | | | | | |
Sheet1,967,empty_row,| | | | | | |
Sheet1,968,empty_row,| | | | | | |
Sheet1,969,empty_row,| | | | | | |
Sheet1,970,empty_row,| | | | | | |
Sheet1,971,empty_row,| | | | | | |
Sheet1,972,empty_row,| | | | | | |
Sheet1,973,empty_row,| | | | | | |
Sheet1,974,empty_row,| | | | | | |
Sheet1,975,empty_row,| | | | | | |
Sheet1,976,empty_row,| | | | | | |
Sheet1,977,empty_row,| | | | | | |
Sheet1,978,empty_row,| | | | | | |
Sheet1,979,empty_row,| | | | | | |
Sheet1,980,empty_row,| | | | | | |
Sheet1,981,empty_row,| | | | | | |
Sheet1,982,empty_row,| | | | | | |
Sheet1,983,empty_row,| | | | | | |
Sheet1,984,empty_row,| | | | | | |
Sheet1,985,empty_row,| | | | | | |
Sheet1,986,empty_row,| | | | | | |
Sheet1,987,empty_row,| | | | | | |
Sheet1,988,empty_row,| | | | | | |
Sheet1,989,empty_row,| | | | | | |
Sheet1,990,empty_row,| | | | | | |
Sheet1,991,empty_row,| | | | | | |
Sheet1,992,empty_row,| | | | | | |
Sheet1,993,empty_row,| | | | | | |
Sheet1,994,empty_row,| | | | | | |
Sheet1,995,empty_row,| | | | | | |
Sheet1,996,empty_row,| | | | | | |
Sheet1,997,empty_row,| | | | | | |
Sheet1,998,empty_row,| | | | | | |
Sheet1,999,empty_row,| | | | | | |
