occupation_code,occupation_title,task_count,E0_proportion,E1_proportion,E2_proportion,dominant_category
11-1011.00,Chief Executives,31,0.4838709677419355,0.16129032258064516,0.3548387096774194,E0
11-1011.03,Chief Sustainability Officers,18,0.2777777777777778,0.05555555555555555,0.6666666666666666,E2
11-1021.00,General and Operations Managers,17,0.35294117647058826,0.11764705882352941,0.5294117647058824,E2
11-1031.00,Legislators,30,0.23333333333333334,0.26666666666666666,0.5,E2
11-2011.00,Advertising and Promotions Managers,30,0.16666666666666666,0.2,0.6333333333333333,E2
11-2021.00,Marketing Managers,20,0.05,0.25,0.7,E2
11-2022.00,Sales Managers,17,0.11764705882352941,0.11764705882352941,0.7647058823529411,E2
11-2032.00,Public Relations Managers,20,0.1,0.25,0.65,E2
11-2033.00,Fundraising Managers,16,0.25,0.25,0.5,E2
11-3012.00,Administrative Services Managers,18,0.2777777777777778,0.2777777777777778,0.4444444444444444,E2
11-3013.00,Facilities Managers,11,0.5454545454545454,0.09090909090909091,0.36363636363636365,E0
11-3013.01,Security Managers,28,0.17857142857142858,0.25,0.5714285714285714,E2
11-3021.00,Computer and Information Systems Managers,17,0.17647058823529413,0.29411764705882354,0.5294117647058824,E2
11-3031.00,Financial Managers,21,0.14285714285714285,0.047619047619047616,0.8095238095238095,E2
11-3031.01,Treasurers and Controllers,22,0.3181818181818182,0.13636363636363635,0.5454545454545454,E2
11-3031.03,Investment Fund Managers,20,0.1,0.15,0.75,E2
11-3051.00,Industrial Production Managers,21,0.42857142857142855,0.14285714285714285,0.42857142857142855,E0
11-3051.01,Quality Control Systems Managers,27,0.25925925925925924,0.18518518518518517,0.5555555555555556,E2
11-3051.02,Geothermal Production Managers,17,0.35294117647058826,0.17647058823529413,0.47058823529411764,E2
11-3051.03,Biofuels Production Managers,14,0.7142857142857143,0.07142857142857142,0.21428571428571427,E0
11-3051.04,Biomass Power Plant Managers,19,0.5789473684210527,0.10526315789473684,0.3157894736842105,E0
11-3051.06,Hydroelectric Production Managers,19,0.47368421052631576,0.10526315789473684,0.42105263157894735,E0
11-3061.00,Purchasing Managers,18,0.16666666666666666,0.1111111111111111,0.7222222222222222,E2
11-3071.00,"Transportation, Storage, and Distribution Managers",30,0.23333333333333334,0.16666666666666666,0.6,E2
11-3071.04,Supply Chain Managers,30,0.2,0.13333333333333333,0.6666666666666666,E2
11-3111.00,Compensation and Benefits Managers,24,0.2916666666666667,0.20833333333333334,0.5,E2
11-3121.00,Human Resources Managers,26,0.23076923076923078,0.15384615384615385,0.6153846153846154,E2
11-3131.00,Training and Development Managers,12,0.08333333333333333,0.08333333333333333,0.8333333333333334,E2
11-9013.00,"Farmers, Ranchers, and Other Agricultural Managers",30,0.6333333333333333,0.1,0.26666666666666666,E0
11-9021.00,Construction Managers,25,0.4,0.2,0.4,E2
11-9031.00,"Education and Childcare Administrators, Preschool and Daycare",17,0.23529411764705882,0.29411764705882354,0.47058823529411764,E2
11-9032.00,"Education Administrators, Kindergarten through Secondary",32,0.375,0.28125,0.34375,E0
11-9033.00,"Education Administrators, Postsecondary",29,0.3793103448275862,0.3793103448275862,0.2413793103448276,E0
11-9041.00,Architectural and Engineering Managers,21,0.42857142857142855,0.09523809523809523,0.47619047619047616,E2
11-9041.01,Biofuels/Biodiesel Technology and Product Development Managers,19,0.42105263157894735,0.0,0.5789473684210527,E2
11-9051.00,Food Service Managers,28,0.35714285714285715,0.21428571428571427,0.42857142857142855,E2
11-9071.00,Gambling Managers,19,0.3157894736842105,0.2631578947368421,0.42105263157894735,E2
11-9072.00,"Entertainment and Recreation Managers, Except Gambling",17,0.47058823529411764,0.23529411764705882,0.29411764705882354,E0
11-9081.00,Lodging Managers,24,0.5,0.25,0.25,E0
11-9111.00,Medical and Health Services Managers,18,0.3888888888888889,0.1111111111111111,0.5,E2
11-9121.00,Natural Sciences Managers,16,0.25,0.375,0.375,E1
11-9121.01,Clinical Research Coordinators,33,0.30303030303030304,0.21212121212121213,0.48484848484848486,E2
11-9121.02,Water Resource Specialists,21,0.2857142857142857,0.14285714285714285,0.5714285714285714,E2
11-9131.00,Postmasters and Mail Superintendents,13,0.38461538461538464,0.23076923076923078,0.38461538461538464,E2
11-9141.00,"Property, Real Estate, and Community Association Managers",27,0.37037037037037035,0.18518518518518517,0.4444444444444444,E2
11-9151.00,Social and Community Service Managers,16,0.375,0.25,0.375,E0
11-9161.00,Emergency Management Directors,23,0.21739130434782608,0.391304347826087,0.391304347826087,E2
11-9171.00,Funeral Home Managers,22,0.22727272727272727,0.2727272727272727,0.5,E2
11-9179.01,Fitness and Wellness Coordinators,24,0.5,0.08333333333333333,0.4166666666666667,E0
11-9179.02,Spa Managers,21,0.42857142857142855,0.14285714285714285,0.42857142857142855,E2
11-9199.01,Regulatory Affairs Managers,27,0.1111111111111111,0.18518518518518517,0.7037037037037037,E2
11-9199.02,Compliance Managers,30,0.23333333333333334,0.36666666666666664,0.4,E2
11-9199.08,Loss Prevention Managers,27,0.37037037037037035,0.1111111111111111,0.5185185185185185,E2
11-9199.09,Wind Energy Operations Managers,16,0.375,0.1875,0.4375,E2
11-9199.10,Wind Energy Development Managers,15,0.2,0.26666666666666666,0.5333333333333333,E2
11-9199.11,Brownfield Redevelopment Specialists and Site Managers,23,0.391304347826087,0.21739130434782608,0.391304347826087,E2
13-1011.00,"Agents and Business Managers of Artists, Performers, and Athletes",14,0.5,0.35714285714285715,0.14285714285714285,E0
13-1021.00,"Buyers and Purchasing Agents, Farm Products",12,0.5833333333333334,0.08333333333333333,0.3333333333333333,E0
13-1022.00,"Wholesale and Retail Buyers, Except Farm Products",20,0.25,0.15,0.6,E2
13-1023.00,"Purchasing Agents, Except Wholesale, Retail, and Farm Products",19,0.42105263157894735,0.15789473684210525,0.42105263157894735,E0
13-1031.00,"Claims Adjusters, Examiners, and Investigators",29,0.20689655172413793,0.1724137931034483,0.6206896551724138,E2
13-1032.00,"Insurance Appraisers, Auto Damage",7,0.14285714285714285,0.14285714285714285,0.7142857142857143,E2
13-1041.00,Compliance Officers,16,0.25,0.4375,0.3125,E1
13-1041.01,Environmental Compliance Inspectors,26,0.3076923076923077,0.3076923076923077,0.38461538461538464,E2
13-1041.03,Equal Opportunity Representatives and Officers,19,0.3684210526315789,0.3157894736842105,0.3157894736842105,E0
13-1041.04,Government Property Inspectors and Investigators,14,0.5,0.14285714285714285,0.35714285714285715,E0
13-1041.06,Coroners,20,0.4,0.3,0.3,E0
13-1041.07,Regulatory Affairs Specialists,32,0.09375,0.40625,0.5,E2
13-1041.08,Customs Brokers,23,0.13043478260869565,0.30434782608695654,0.5652173913043478,E2
13-1051.00,Cost Estimators,14,0.21428571428571427,0.14285714285714285,0.6428571428571429,E2
13-1071.00,Human Resources Specialists,26,0.19230769230769232,0.34615384615384615,0.46153846153846156,E2
13-1074.00,Farm Labor Contractors,8,1.0,0.0,0.0,E0
13-1075.00,Labor Relations Specialists,28,0.21428571428571427,0.14285714285714285,0.6428571428571429,E2
13-1081.00,Logisticians,22,0.2727272727272727,0.18181818181818182,0.5454545454545454,E2
13-1081.01,Logistics Engineers,30,0.1,0.4666666666666667,0.43333333333333335,E1
13-1081.02,Logistics Analysts,31,0.0967741935483871,0.3870967741935484,0.5161290322580645,E2
13-1082.00,Project Management Specialists,20,0.25,0.05,0.7,E2
13-1111.00,Management Analysts,11,0.18181818181818182,0.18181818181818182,0.6363636363636364,E2
13-1121.00,"Meeting, Convention, and Event Planners",21,0.3333333333333333,0.09523809523809523,0.5714285714285714,E2
13-1131.00,Fundraisers,28,0.2857142857142857,0.25,0.4642857142857143,E2
13-1141.00,"Compensation, Benefits, and Job Analysis Specialists",24,0.375,0.2916666666666667,0.3333333333333333,E0
13-1151.00,Training and Development Specialists,20,0.25,0.4,0.35,E1
13-1161.00,Market Research Analysts and Marketing Specialists,13,0.07692307692307693,0.23076923076923078,0.6923076923076923,E2
13-1161.01,Search Marketing Strategists,36,0.0,0.027777777777777776,0.9722222222222222,E2
13-1199.04,Business Continuity Planners,21,0.19047619047619047,0.19047619047619047,0.6190476190476191,E2
13-1199.05,Sustainability Specialists,14,0.07142857142857142,0.42857142857142855,0.5,E2
13-1199.06,Online Merchants,34,0.17647058823529413,0.3235294117647059,0.5,E2
13-1199.07,Security Management Specialists,23,0.30434782608695654,0.13043478260869565,0.5652173913043478,E2
13-2011.00,Accountants and Auditors,30,0.13333333333333333,0.16666666666666666,0.7,E2
13-2022.00,Appraisers of Personal and Business Property,14,0.21428571428571427,0.35714285714285715,0.42857142857142855,E2
13-2023.00,Appraisers and Assessors of Real Estate,30,0.26666666666666666,0.2,0.5333333333333333,E2
13-2031.00,Budget Analysts,13,0.07692307692307693,0.3076923076923077,0.6153846153846154,E2
13-2041.00,Credit Analysts,11,0.18181818181818182,0.18181818181818182,0.6363636363636364,E2
13-2051.00,Financial and Investment Analysts,26,0.15384615384615385,0.15384615384615385,0.6923076923076923,E2
13-2052.00,Personal Financial Advisors,21,0.047619047619047616,0.42857142857142855,0.5238095238095238,E2
13-2053.00,Insurance Underwriters,7,0.14285714285714285,0.14285714285714285,0.7142857142857143,E2
13-2054.00,Financial Risk Specialists,30,0.06666666666666667,0.23333333333333334,0.7,E2
13-2061.00,Financial Examiners,17,0.17647058823529413,0.29411764705882354,0.5294117647058824,E2
13-2071.00,Credit Counselors,23,0.08695652173913043,0.43478260869565216,0.4782608695652174,E2
13-2072.00,Loan Officers,30,0.06666666666666667,0.36666666666666664,0.5666666666666667,E2
13-2081.00,"Tax Examiners and Collectors, and Revenue Agents",25,0.12,0.36,0.52,E2
13-2082.00,Tax Preparers,12,0.0,0.25,0.75,E2
13-2099.01,Financial Quantitative Analysts,21,0.0,0.2857142857142857,0.7142857142857143,E2
13-2099.04,"Fraud Examiners, Investigators and Analysts",23,0.17391304347826086,0.17391304347826086,0.6521739130434783,E2
15-1211.00,Computer Systems Analysts,22,0.18181818181818182,0.13636363636363635,0.6818181818181818,E2
15-1211.01,Health Informatics Specialists,17,0.11764705882352941,0.35294117647058826,0.5294117647058824,E2
15-1212.00,Information Security Analysts,12,0.0,0.08333333333333333,0.9166666666666666,E2
15-1221.00,Computer and Information Research Scientists,15,0.2,0.2,0.6,E2
15-1231.00,Computer Network Support Specialists,26,0.15384615384615385,0.23076923076923078,0.6153846153846154,E2
15-1232.00,Computer User Support Specialists,16,0.125,0.4375,0.4375,E1
15-1241.00,Computer Network Architects,33,0.09090909090909091,0.21212121212121213,0.696969696969697,E2
15-1241.01,Telecommunications Engineering Specialists,26,0.19230769230769232,0.23076923076923078,0.5769230769230769,E2
15-1242.00,Database Administrators,18,0.1111111111111111,0.2777777777777778,0.6111111111111112,E2
15-1243.00,Database Architects,25,0.04,0.24,0.72,E2
15-1243.01,Data Warehousing Specialists,18,0.0,0.3888888888888889,0.6111111111111112,E2
15-1244.00,Network and Computer Systems Administrators,20,0.15,0.2,0.65,E2
15-1251.00,Computer Programmers,17,0.058823529411764705,0.47058823529411764,0.47058823529411764,E1
15-1252.00,Software Developers,19,0.15789473684210525,0.05263157894736842,0.7894736842105263,E2
15-1253.00,Software Quality Assurance Analysts and Testers,30,0.1,0.3,0.6,E2
15-1254.00,Web Developers,29,0.034482758620689655,0.3103448275862069,0.6551724137931034,E2
15-1255.00,Web and Digital Interface Designers,30,0.0,0.36666666666666664,0.6333333333333333,E2
15-1255.01,Video Game Designers,24,0.0,0.16666666666666666,0.8333333333333334,E2
15-1299.01,Web Administrators,35,0.08571428571428572,0.42857142857142855,0.4857142857142857,E2
15-1299.02,Geographic Information Systems Technologists and Technicians,29,0.034482758620689655,0.2413793103448276,0.7241379310344828,E2
15-1299.03,Document Management Specialists,23,0.0,0.34782608695652173,0.6521739130434783,E2
15-1299.04,Penetration Testers,22,0.13636363636363635,0.3181818181818182,0.5454545454545454,E2
15-1299.05,Information Security Engineers,20,0.05,0.3,0.65,E2
15-1299.06,Digital Forensics Analysts,20,0.05,0.35,0.6,E2
15-1299.07,Blockchain Engineers,17,0.17647058823529413,0.23529411764705882,0.5882352941176471,E2
15-1299.08,Computer Systems Engineers/Architects,28,0.07142857142857142,0.21428571428571427,0.7142857142857143,E2
15-1299.09,Information Technology Project Managers,21,0.14285714285714285,0.047619047619047616,0.8095238095238095,E2
15-2011.00,Actuaries,15,0.13333333333333333,0.2,0.6666666666666666,E2
15-2021.00,Mathematicians,11,0.0,0.36363636363636365,0.6363636363636364,E2
15-2031.00,Operations Research Analysts,16,0.0,0.25,0.75,E2
15-2041.00,Statisticians,19,0.05263157894736842,0.47368421052631576,0.47368421052631576,E2
15-2041.01,Biostatisticians,25,0.12,0.6,0.28,E1
15-2051.00,Data Scientists,16,0.0625,0.25,0.6875,E2
15-2051.01,Business Intelligence Analysts,17,0.058823529411764705,0.23529411764705882,0.7058823529411765,E2
15-2051.02,Clinical Data Managers,21,0.23809523809523808,0.38095238095238093,0.38095238095238093,E2
15-2099.01,Bioinformatics Technicians,19,0.05263157894736842,0.3157894736842105,0.631578947368421,E2
17-1011.00,"Architects, Except Landscape and Naval",24,0.2916666666666667,0.16666666666666666,0.5416666666666666,E2
17-1012.00,Landscape Architects,19,0.3157894736842105,0.05263157894736842,0.631578947368421,E2
17-1021.00,Cartographers and Photogrammetrists,14,0.14285714285714285,0.14285714285714285,0.7142857142857143,E2
17-1022.00,Surveyors,24,0.25,0.16666666666666666,0.5833333333333334,E2
17-1022.01,Geodetic Surveyors,16,0.375,0.1875,0.4375,E2
17-2011.00,Aerospace Engineers,18,0.1111111111111111,0.16666666666666666,0.7222222222222222,E2
17-2021.00,Agricultural Engineers,14,0.35714285714285715,0.0,0.6428571428571429,E2
17-2031.00,Bioengineers and Biomedical Engineers,30,0.16666666666666666,0.26666666666666666,0.5666666666666667,E2
17-2041.00,Chemical Engineers,13,0.38461538461538464,0.07692307692307693,0.5384615384615384,E2
17-2051.00,Civil Engineers,17,0.35294117647058826,0.11764705882352941,0.5294117647058824,E2
17-2051.01,Transportation Engineers,26,0.2692307692307692,0.19230769230769232,0.5384615384615384,E2
17-2051.02,Water/Wastewater Engineers,28,0.14285714285714285,0.14285714285714285,0.7142857142857143,E2
17-2061.00,Computer Hardware Engineers,18,0.5555555555555556,0.16666666666666666,0.2777777777777778,E0
17-2071.00,Electrical Engineers,22,0.36363636363636365,0.13636363636363635,0.5,E2
17-2072.00,"Electronics Engineers, Except Computer",21,0.2857142857142857,0.38095238095238093,0.3333333333333333,E1
17-2072.01,Radio Frequency Identification Device Specialists,21,0.3333333333333333,0.09523809523809523,0.5714285714285714,E2
17-2081.00,Environmental Engineers,28,0.25,0.25,0.5,E2
17-2111.00,"Health and Safety Engineers, Except Mining Safety Engineers and Inspectors",27,0.4074074074074074,0.37037037037037035,0.2222222222222222,E0
17-2111.02,Fire-Prevention and Protection Engineers,13,0.3076923076923077,0.5384615384615384,0.15384615384615385,E1
17-2112.00,Industrial Engineers,20,0.1,0.35,0.55,E2
17-2112.01,Human Factors Engineers and Ergonomists,26,0.2692307692307692,0.3076923076923077,0.4230769230769231,E2
17-2112.02,Validation Engineers,22,0.36363636363636365,0.2727272727272727,0.36363636363636365,E2
17-2112.03,Manufacturing Engineers,24,0.2916666666666667,0.25,0.4583333333333333,E2
17-2121.00,Marine Engineers and Naval Architects,30,0.43333333333333335,0.26666666666666666,0.3,E0
17-2131.00,Materials Engineers,21,0.5238095238095238,0.14285714285714285,0.3333333333333333,E0
17-2141.00,Mechanical Engineers,28,0.39285714285714285,0.17857142857142858,0.42857142857142855,E2
17-2141.01,Fuel Cell Engineers,26,0.3076923076923077,0.3076923076923077,0.38461538461538464,E2
17-2141.02,Automotive Engineers,25,0.16,0.44,0.4,E1
17-2151.00,"Mining and Geological Engineers, Including Mining Safety Engineers",18,0.4444444444444444,0.3333333333333333,0.2222222222222222,E0
17-2161.00,Nuclear Engineers,20,0.3,0.25,0.45,E2
17-2171.00,Petroleum Engineers,23,0.30434782608695654,0.08695652173913043,0.6086956521739131,E2
17-2199.03,"Energy Engineers, Except Wind and Solar",21,0.23809523809523808,0.23809523809523808,0.5238095238095238,E2
17-2199.05,Mechatronics Engineers,23,0.391304347826087,0.0,0.6086956521739131,E2
17-2199.06,Microsystems Engineers,31,0.2903225806451613,0.2903225806451613,0.41935483870967744,E2
17-2199.07,Photonics Engineers,26,0.5769230769230769,0.11538461538461539,0.3076923076923077,E0
17-2199.08,Robotics Engineers,24,0.25,0.20833333333333334,0.5416666666666666,E2
17-2199.09,Nanosystems Engineers,25,0.2,0.16,0.64,E2
17-2199.10,Wind Energy Engineers,16,0.3125,0.3125,0.375,E2
17-2199.11,Solar Energy Systems Engineers,13,0.3076923076923077,0.23076923076923078,0.46153846153846156,E2
17-3011.00,Architectural and Civil Drafters,28,0.14285714285714285,0.17857142857142858,0.6785714285714286,E2
17-3012.00,Electrical and Electronics Drafters,30,0.3,0.23333333333333334,0.4666666666666667,E2
17-3013.00,Mechanical Drafters,15,0.13333333333333333,0.06666666666666667,0.8,E2
17-3021.00,Aerospace Engineering and Operations Technologists and Technicians,12,0.5833333333333334,0.0,0.4166666666666667,E0
17-3022.00,Civil Engineering Technologists and Technicians,15,0.4,0.26666666666666666,0.3333333333333333,E0
17-3023.00,Electrical and Electronic Engineering Technologists and Technicians,30,0.43333333333333335,0.1,0.4666666666666667,E2
17-3024.00,Electro-Mechanical and Mechatronics Technologists and Technicians,29,0.6206896551724138,0.10344827586206896,0.27586206896551724,E0
17-3024.01,Robotics Technicians,23,0.5652173913043478,0.0,0.43478260869565216,E0
17-3025.00,Environmental Engineering Technologists and Technicians,26,0.34615384615384615,0.23076923076923078,0.4230769230769231,E2
17-3026.00,Industrial Engineering Technologists and Technicians,30,0.43333333333333335,0.16666666666666666,0.4,E0
17-3026.01,Nanotechnology Engineering Technologists and Technicians,25,0.44,0.16,0.4,E0
17-3027.00,Mechanical Engineering Technologists and Technicians,30,0.4,0.2,0.4,E0
17-3027.01,Automotive Engineering Technicians,18,0.6666666666666666,0.1111111111111111,0.2222222222222222,E0
17-3028.00,Calibration Technologists and Technicians,15,0.5333333333333333,0.06666666666666667,0.4,E0
17-3029.01,Non-Destructive Testing Specialists,16,0.5,0.0,0.5,E2
17-3029.08,Photonics Technicians,30,0.6333333333333333,0.06666666666666667,0.3,E0
17-3031.00,Surveying and Mapping Technicians,30,0.1,0.1,0.8,E2
19-1011.00,Animal Scientists,9,0.1111111111111111,0.6666666666666666,0.2222222222222222,E1
19-1012.00,Food Scientists and Technologists,13,0.23076923076923078,0.23076923076923078,0.5384615384615384,E2
19-1013.00,Soil and Plant Scientists,27,0.18518518518518517,0.4444444444444444,0.37037037037037035,E1
19-1021.00,Biochemists and Biophysicists,24,0.3333333333333333,0.20833333333333334,0.4583333333333333,E2
19-1022.00,Microbiologists,14,0.42857142857142855,0.07142857142857142,0.5,E2
19-1023.00,Zoologists and Wildlife Biologists,14,0.35714285714285715,0.21428571428571427,0.42857142857142855,E2
19-1029.01,Bioinformatics Scientists,20,0.05,0.15,0.8,E2
19-1029.02,Molecular and Cellular Biologists,22,0.3181818181818182,0.18181818181818182,0.5,E2
19-1029.03,Geneticists,24,0.20833333333333334,0.16666666666666666,0.625,E2
19-1029.04,Biologists,22,0.5454545454545454,0.3181818181818182,0.13636363636363635,E0
19-1031.00,Conservation Scientists,30,0.16666666666666666,0.26666666666666666,0.5666666666666667,E2
19-1031.02,Range Managers,17,0.4117647058823529,0.23529411764705882,0.35294117647058826,E0
19-1031.03,Park Naturalists,18,0.16666666666666666,0.1111111111111111,0.7222222222222222,E2
19-1032.00,Foresters,25,0.44,0.16,0.4,E0
19-1041.00,Epidemiologists,15,0.26666666666666666,0.3333333333333333,0.4,E2
19-1042.00,"Medical Scientists, Except Epidemiologists",14,0.21428571428571427,0.35714285714285715,0.42857142857142855,E2
19-2011.00,Astronomers,17,0.4117647058823529,0.23529411764705882,0.35294117647058826,E0
19-2012.00,Physicists,15,0.2,0.4666666666666667,0.3333333333333333,E1
19-2021.00,Atmospheric and Space Scientists,27,0.18518518518518517,0.3333333333333333,0.48148148148148145,E2
19-2031.00,Chemists,13,0.46153846153846156,0.3076923076923077,0.23076923076923078,E0
19-2032.00,Materials Scientists,16,0.4375,0.4375,0.125,E1
19-2041.00,"Environmental Scientists and Specialists, Including Health",22,0.045454545454545456,0.5,0.45454545454545453,E1
19-2041.01,Climate Change Policy Analysts,14,0.07142857142857142,0.5714285714285714,0.35714285714285715,E1
19-2041.02,Environmental Restoration Planners,23,0.043478260869565216,0.34782608695652173,0.6086956521739131,E2
19-2041.03,Industrial Ecologists,38,0.02631578947368421,0.4473684210526316,0.5263157894736842,E2
19-2042.00,"Geoscientists, Except Hydrologists and Geographers",32,0.3125,0.3125,0.375,E2
19-2043.00,Hydrologists,25,0.24,0.28,0.48,E2
19-2099.01,Remote Sensing Scientists and Technologists,24,0.25,0.16666666666666666,0.5833333333333334,E2
19-3011.00,Economists,13,0.46153846153846156,0.3076923076923077,0.23076923076923078,E0
19-3011.01,Environmental Economists,20,0.0,0.55,0.45,E1
19-3022.00,Survey Researchers,16,0.0625,0.75,0.1875,E1
19-3032.00,Industrial-Organizational Psychologists,25,0.16,0.32,0.52,E2
19-3033.00,Clinical and Counseling Psychologists,30,0.3,0.36666666666666664,0.3333333333333333,E1
19-3034.00,School Psychologists,19,0.15789473684210525,0.3157894736842105,0.5263157894736842,E2
19-3039.02,Neuropsychologists,14,0.6428571428571429,0.21428571428571427,0.14285714285714285,E0
19-3039.03,Clinical Neuropsychologists,18,0.6666666666666666,0.2222222222222222,0.1111111111111111,E0
19-3041.00,Sociologists,13,0.15384615384615385,0.38461538461538464,0.46153846153846156,E2
19-3051.00,Urban and Regional Planners,25,0.12,0.28,0.6,E2
19-3091.00,Anthropologists and Archeologists,30,0.26666666666666666,0.3,0.43333333333333335,E2
19-3092.00,Geographers,12,0.3333333333333333,0.08333333333333333,0.5833333333333334,E2
19-3093.00,Historians,21,0.3333333333333333,0.3333333333333333,0.3333333333333333,E0
19-3094.00,Political Scientists,14,0.14285714285714285,0.2857142857142857,0.5714285714285714,E2
19-3099.01,Transportation Planners,22,0.045454545454545456,0.36363636363636365,0.5909090909090909,E2
19-4012.00,Agricultural Technicians,26,0.8076923076923077,0.07692307692307693,0.11538461538461539,E0
19-4012.01,Precision Agriculture Technicians,22,0.22727272727272727,0.22727272727272727,0.5454545454545454,E2
19-4013.00,Food Science Technicians,16,0.5625,0.125,0.3125,E0
19-4021.00,Biological Technicians,18,0.5555555555555556,0.05555555555555555,0.3888888888888889,E0
19-4031.00,Chemical Technicians,16,0.5,0.25,0.25,E0
19-4042.00,"Environmental Science and Protection Technicians, Including Health",26,0.4230769230769231,0.2692307692307692,0.3076923076923077,E0
19-4043.00,"Geological Technicians, Except Hydrologic Technicians",30,0.4666666666666667,0.1,0.43333333333333335,E0
19-4044.00,Hydrologic Technicians,16,0.1875,0.25,0.5625,E2
19-4051.00,Nuclear Technicians,21,0.5714285714285714,0.09523809523809523,0.3333333333333333,E0
19-4051.02,Nuclear Monitoring Technicians,19,0.5263157894736842,0.15789473684210525,0.3157894736842105,E0
19-4061.00,Social Science Research Assistants,23,0.21739130434782608,0.34782608695652173,0.43478260869565216,E2
19-4071.00,Forest and Conservation Technicians,21,0.42857142857142855,0.14285714285714285,0.42857142857142855,E0
19-4092.00,Forensic Science Technicians,21,0.6666666666666666,0.047619047619047616,0.2857142857142857,E0
19-4099.01,Quality Control Analysts,26,0.2692307692307692,0.2692307692307692,0.46153846153846156,E2
19-4099.03,Remote Sensing Technicians,22,0.18181818181818182,0.13636363636363635,0.6818181818181818,E2
19-5011.00,Occupational Health and Safety Specialists,21,0.5714285714285714,0.2857142857142857,0.14285714285714285,E0
19-5012.00,Occupational Health and Safety Technicians,26,0.4230769230769231,0.23076923076923078,0.34615384615384615,E0
21-1011.00,Substance Abuse and Behavioral Disorder Counselors,23,0.6086956521739131,0.17391304347826086,0.21739130434782608,E0
21-1012.00,"Educational, Guidance, and Career Counselors and Advisors",34,0.5588235294117647,0.29411764705882354,0.14705882352941177,E0
21-1013.00,Marriage and Family Therapists,16,0.625,0.1875,0.1875,E0
21-1014.00,Mental Health Counselors,27,0.5925925925925926,0.1111111111111111,0.2962962962962963,E0
21-1015.00,Rehabilitation Counselors,17,0.35294117647058826,0.23529411764705882,0.4117647058823529,E2
21-1021.00,"Child, Family, and School Social Workers",23,0.6086956521739131,0.17391304347826086,0.21739130434782608,E0
21-1022.00,Healthcare Social Workers,17,0.35294117647058826,0.17647058823529413,0.47058823529411764,E2
21-1023.00,Mental Health and Substance Abuse Social Workers,13,0.46153846153846156,0.15384615384615385,0.38461538461538464,E0
21-1091.00,Health Education Specialists,16,0.25,0.25,0.5,E2
21-1092.00,Probation Officers and Correctional Treatment Specialists,21,0.38095238095238093,0.2857142857142857,0.3333333333333333,E0
21-1093.00,Social and Human Service Assistants,20,0.55,0.3,0.15,E0
21-1094.00,Community Health Workers,29,0.5862068965517241,0.27586206896551724,0.13793103448275862,E0
21-2011.00,Clergy,21,0.7142857142857143,0.19047619047619047,0.09523809523809523,E0
21-2021.00,"Directors, Religious Activities and Education",19,0.42105263157894735,0.3157894736842105,0.2631578947368421,E0
23-1011.00,Lawyers,22,0.18181818181818182,0.13636363636363635,0.6818181818181818,E2
23-1012.00,Judicial Law Clerks,19,0.15789473684210525,0.0,0.8421052631578947,E2
23-1021.00,"Administrative Law Judges, Adjudicators, and Hearing Officers",14,0.35714285714285715,0.07142857142857142,0.5714285714285714,E2
23-1022.00,"Arbitrators, Mediators, and Conciliators",20,0.35,0.1,0.55,E2
23-1023.00,"Judges, Magistrate Judges, and Magistrates",21,0.5714285714285714,0.047619047619047616,0.38095238095238093,E0
23-2011.00,Paralegals and Legal Assistants,12,0.16666666666666666,0.08333333333333333,0.75,E2
23-2093.00,"Title Examiners, Abstractors, and Searchers",17,0.17647058823529413,0.23529411764705882,0.5882352941176471,E2
25-1011.00,"Business Teachers, Postsecondary",25,0.36,0.2,0.44,E2
25-1021.00,"Computer Science Teachers, Postsecondary",26,0.4230769230769231,0.19230769230769232,0.38461538461538464,E0
25-1022.00,"Mathematical Science Teachers, Postsecondary",24,0.3333333333333333,0.25,0.4166666666666667,E2
25-1031.00,"Architecture Teachers, Postsecondary",22,0.36363636363636365,0.22727272727272727,0.4090909090909091,E2
25-1032.00,"Engineering Teachers, Postsecondary",24,0.375,0.25,0.375,E2
25-1041.00,"Agricultural Sciences Teachers, Postsecondary",23,0.2608695652173913,0.43478260869565216,0.30434782608695654,E1
25-1042.00,"Biological Science Teachers, Postsecondary",27,0.4074074074074074,0.2222222222222222,0.37037037037037035,E0
25-1043.00,"Forestry and Conservation Science Teachers, Postsecondary",25,0.36,0.24,0.4,E2
25-1051.00,"Atmospheric, Earth, Marine, and Space Sciences Teachers, Postsecondary",26,0.34615384615384615,0.19230769230769232,0.46153846153846156,E2
25-1052.00,"Chemistry Teachers, Postsecondary",28,0.42857142857142855,0.25,0.32142857142857145,E0
25-1053.00,"Environmental Science Teachers, Postsecondary",25,0.36,0.2,0.44,E2
25-1054.00,"Physics Teachers, Postsecondary",24,0.4166666666666667,0.20833333333333334,0.375,E0
25-1061.00,"Anthropology and Archeology Teachers, Postsecondary",26,0.38461538461538464,0.19230769230769232,0.4230769230769231,E2
25-1062.00,"Area, Ethnic, and Cultural Studies Teachers, Postsecondary",23,0.34782608695652173,0.2608695652173913,0.391304347826087,E2
25-1063.00,"Economics Teachers, Postsecondary",22,0.36363636363636365,0.22727272727272727,0.4090909090909091,E2
25-1064.00,"Geography Teachers, Postsecondary",25,0.32,0.28,0.4,E2
25-1065.00,"Political Science Teachers, Postsecondary",22,0.36363636363636365,0.22727272727272727,0.4090909090909091,E2
25-1066.00,"Psychology Teachers, Postsecondary",29,0.41379310344827586,0.1724137931034483,0.41379310344827586,E0
25-1067.00,"Sociology Teachers, Postsecondary",24,0.4166666666666667,0.20833333333333334,0.375,E0
25-1071.00,"Health Specialties Teachers, Postsecondary",23,0.391304347826087,0.21739130434782608,0.391304347826087,E0
25-1072.00,"Nursing Instructors and Teachers, Postsecondary",29,0.3793103448275862,0.1724137931034483,0.4482758620689655,E2
25-1081.00,"Education Teachers, Postsecondary",24,0.3333333333333333,0.20833333333333334,0.4583333333333333,E2
25-1082.00,"Library Science Teachers, Postsecondary",25,0.4,0.24,0.36,E0
25-1111.00,"Criminal Justice and Law Enforcement Teachers, Postsecondary",23,0.30434782608695654,0.2608695652173913,0.43478260869565216,E2
25-1112.00,"Law Teachers, Postsecondary",23,0.2608695652173913,0.43478260869565216,0.30434782608695654,E1
25-1113.00,"Social Work Teachers, Postsecondary",24,0.25,0.3333333333333333,0.4166666666666667,E2
25-1121.00,"Art, Drama, and Music Teachers, Postsecondary",28,0.21428571428571427,0.39285714285714285,0.39285714285714285,E2
25-1122.00,"Communications Teachers, Postsecondary",23,0.17391304347826086,0.34782608695652173,0.4782608695652174,E2
25-1123.00,"English Language and Literature Teachers, Postsecondary",33,0.21212121212121213,0.3939393939393939,0.3939393939393939,E2
25-1124.00,"Foreign Language and Literature Teachers, Postsecondary",25,0.16,0.32,0.52,E2
25-1125.00,"History Teachers, Postsecondary",25,0.2,0.36,0.44,E2
25-1126.00,"Philosophy and Religion Teachers, Postsecondary",23,0.17391304347826086,0.391304347826087,0.43478260869565216,E2
25-1192.00,"Family and Consumer Sciences Teachers, Postsecondary",23,0.08695652173913043,0.43478260869565216,0.4782608695652174,E2
25-1193.00,"Recreation and Fitness Studies Teachers, Postsecondary",24,0.16666666666666666,0.375,0.4583333333333333,E2
25-1194.00,"Career/Technical Education Teachers, Postsecondary",20,0.3,0.2,0.5,E2
25-2011.00,"Preschool Teachers, Except Special Education",34,0.5294117647058824,0.14705882352941177,0.3235294117647059,E0
25-2012.00,"Kindergarten Teachers, Except Special Education",37,0.5405405405405406,0.13513513513513514,0.32432432432432434,E0
25-2021.00,"Elementary School Teachers, Except Special Education",38,0.5263157894736842,0.13157894736842105,0.34210526315789475,E0
25-2022.00,"Middle School Teachers, Except Special and Career/Technical Education",35,0.5142857142857142,0.2,0.2857142857142857,E0
25-2023.00,"Career/Technical Education Teachers, Middle School",31,0.4838709677419355,0.16129032258064516,0.3548387096774194,E0
25-2031.00,"Secondary School Teachers, Except Special and Career/Technical Education",32,0.46875,0.15625,0.375,E0
25-2032.00,"Career/Technical Education Teachers, Secondary School",33,0.45454545454545453,0.12121212121212122,0.42424242424242425,E0
25-2051.00,"Special Education Teachers, Preschool",36,0.5555555555555556,0.16666666666666666,0.2777777777777778,E0
25-2055.00,"Special Education Teachers, Kindergarten",30,0.4666666666666667,0.16666666666666666,0.36666666666666664,E0
25-2056.00,"Special Education Teachers, Elementary School",30,0.4666666666666667,0.16666666666666666,0.36666666666666664,E0
25-2057.00,"Special Education Teachers, Middle School",40,0.525,0.125,0.35,E0
25-2058.00,"Special Education Teachers, Secondary School",40,0.575,0.15,0.275,E0
25-2059.01,Adapted Physical Education Specialists,20,0.7,0.2,0.1,E0
25-3011.00,"Adult Basic Education, Adult Secondary Education, and English as a Second Language Instructors",39,0.3333333333333333,0.2564102564102564,0.41025641025641024,E2
25-3021.00,Self-Enrichment Teachers,30,0.43333333333333335,0.2,0.36666666666666664,E0
25-3031.00,"Substitute Teachers, Short-Term",18,0.8333333333333334,0.0,0.16666666666666666,E0
25-3041.00,Tutors,19,0.42105263157894735,0.15789473684210525,0.42105263157894735,E0
25-4011.00,Archivists,13,0.23076923076923078,0.23076923076923078,0.5384615384615384,E2
25-4012.00,Curators,15,0.2,0.26666666666666666,0.5333333333333333,E2
25-4013.00,Museum Technicians and Conservators,26,0.5769230769230769,0.11538461538461539,0.3076923076923077,E0
25-4022.00,Librarians and Media Collections Specialists,30,0.26666666666666666,0.26666666666666666,0.4666666666666667,E2
25-4031.00,Library Technicians,35,0.22857142857142856,0.2571428571428571,0.5142857142857142,E2
25-9021.00,Farm and Home Management Educators,15,0.3333333333333333,0.3333333333333333,0.3333333333333333,E1
25-9031.00,Instructional Coordinators,30,0.16666666666666666,0.3,0.5333333333333333,E2
25-9042.00,"Teaching Assistants, Preschool, Elementary, Middle, and Secondary School, Except Special Education",30,0.6,0.16666666666666666,0.23333333333333334,E0
25-9043.00,"Teaching Assistants, Special Education",30,0.6333333333333333,0.13333333333333333,0.23333333333333334,E0
25-9044.00,"Teaching Assistants, Postsecondary",20,0.45,0.25,0.3,E0
27-1011.00,Art Directors,16,0.1875,0.0625,0.75,E2
27-1012.00,Craft Artists,15,0.6,0.06666666666666667,0.3333333333333333,E0
27-1013.00,"Fine Artists, Including Painters, Sculptors, and Illustrators",32,0.4375,0.0625,0.5,E2
27-1014.00,Special Effects Artists and Animators,14,0.14285714285714285,0.07142857142857142,0.7857142857142857,E2
27-1021.00,Commercial and Industrial Designers,17,0.23529411764705882,0.11764705882352941,0.6470588235294118,E2
27-1022.00,Fashion Designers,20,0.4,0.15,0.45,E2
27-1023.00,Floral Designers,16,0.5625,0.125,0.3125,E0
27-1024.00,Graphic Designers,16,0.25,0.0,0.75,E2
27-1025.00,Interior Designers,15,0.4,0.13333333333333333,0.4666666666666667,E2
27-1026.00,Merchandise Displayers and Window Trimmers,25,0.56,0.12,0.32,E0
27-1027.00,Set and Exhibit Designers,27,0.48148148148148145,0.14814814814814814,0.37037037037037035,E0
27-2011.00,Actors,19,0.7894736842105263,0.15789473684210525,0.05263157894736842,E0
27-2012.00,Producers and Directors,30,0.26666666666666666,0.3,0.43333333333333335,E2
27-2012.03,Media Programming Directors,23,0.30434782608695654,0.43478260869565216,0.2608695652173913,E1
27-2012.04,Talent Directors,15,0.4,0.06666666666666667,0.5333333333333333,E2
27-2012.05,Media Technical Directors/Managers,15,0.4666666666666667,0.06666666666666667,0.4666666666666667,E0
27-2021.00,Athletes and Sports Competitors,9,1.0,0.0,0.0,E0
27-2022.00,Coaches and Scouts,28,0.75,0.07142857142857142,0.17857142857142858,E0
27-2023.00,"Umpires, Referees, and Other Sports Officials",16,0.75,0.125,0.125,E0
27-2031.00,Dancers,14,0.9285714285714286,0.0,0.07142857142857142,E0
27-2032.00,Choreographers,18,0.7777777777777778,0.16666666666666666,0.05555555555555555,E0
27-2041.00,Music Directors and Composers,30,0.6,0.16666666666666666,0.23333333333333334,E0
27-2042.00,Musicians and Singers,30,0.8333333333333334,0.1,0.06666666666666667,E0
27-2091.00,"Disc Jockeys, Except Radio",19,0.42105263157894735,0.15789473684210525,0.42105263157894735,E0
27-3011.00,Broadcast Announcers and Radio Disc Jockeys,24,0.4166666666666667,0.4166666666666667,0.16666666666666666,E0
27-3023.00,"News Analysts, Reporters, and Journalists",30,0.16666666666666666,0.43333333333333335,0.4,E1
27-3031.00,Public Relations Specialists,18,0.05555555555555555,0.6666666666666666,0.2777777777777778,E1
27-3041.00,Editors,21,0.23809523809523808,0.5238095238095238,0.23809523809523808,E1
27-3042.00,Technical Writers,15,0.06666666666666667,0.3333333333333333,0.6,E2
27-3043.00,Writers and Authors,20,0.0,0.65,0.35,E1
27-3043.05,"Poets, Lyricists and Creative Writers",16,0.1875,0.6875,0.125,E1
27-3091.00,Interpreters and Translators,17,0.11764705882352941,0.7647058823529411,0.11764705882352941,E1
27-3092.00,Court Reporters and Simultaneous Captioners,14,0.07142857142857142,0.14285714285714285,0.7857142857142857,E2
27-4011.00,Audio and Video Technicians,29,0.4482758620689655,0.13793103448275862,0.41379310344827586,E0
27-4012.00,Broadcast Technicians,29,0.6206896551724138,0.13793103448275862,0.2413793103448276,E0
27-4014.00,Sound Engineering Technicians,14,0.42857142857142855,0.0,0.5714285714285714,E2
27-4015.00,Lighting Technicians,16,0.8125,0.0,0.1875,E0
27-4021.00,Photographers,29,0.5862068965517241,0.034482758620689655,0.3793103448275862,E0
27-4031.00,"Camera Operators, Television, Video, and Film",24,0.625,0.041666666666666664,0.3333333333333333,E0
27-4032.00,Film and Video Editors,23,0.21739130434782608,0.17391304347826086,0.6086956521739131,E2
29-1011.00,Chiropractors,11,0.45454545454545453,0.09090909090909091,0.45454545454545453,E0
29-1021.00,"Dentists, General",20,0.7,0.15,0.15,E0
29-1022.00,Oral and Maxillofacial Surgeons,14,0.8571428571428571,0.0,0.14285714285714285,E0
29-1023.00,Orthodontists,10,0.6,0.0,0.4,E0
29-1024.00,Prosthodontists,11,0.8181818181818182,0.0,0.18181818181818182,E0
29-1031.00,Dietitians and Nutritionists,28,0.32142857142857145,0.2857142857142857,0.39285714285714285,E2
29-1041.00,Optometrists,10,0.9,0.0,0.1,E0
29-1051.00,Pharmacists,21,0.47619047619047616,0.23809523809523808,0.2857142857142857,E0
29-1071.00,Physician Assistants,12,0.75,0.0,0.25,E0
29-1071.01,Anesthesiologist Assistants,16,0.8125,0.0,0.1875,E0
29-1081.00,Podiatrists,11,0.6363636363636364,0.18181818181818182,0.18181818181818182,E0
29-1122.00,Occupational Therapists,17,0.35294117647058826,0.11764705882352941,0.5294117647058824,E2
29-1122.01,"Low Vision Therapists, Orientation and Mobility Specialists, and Vision Rehabilitation Therapists",21,0.6190476190476191,0.19047619047619047,0.19047619047619047,E0
29-1123.00,Physical Therapists,24,0.4583333333333333,0.125,0.4166666666666667,E0
29-1124.00,Radiation Therapists,22,0.6818181818181818,0.045454545454545456,0.2727272727272727,E0
29-1125.00,Recreational Therapists,11,0.36363636363636365,0.09090909090909091,0.5454545454545454,E2
29-1126.00,Respiratory Therapists,22,0.7272727272727273,0.09090909090909091,0.18181818181818182,E0
29-1127.00,Speech-Language Pathologists,24,0.3333333333333333,0.125,0.5416666666666666,E2
29-1128.00,Exercise Physiologists,25,0.6,0.28,0.12,E0
29-1129.01,Art Therapists,25,0.48,0.08,0.44,E0
29-1129.02,Music Therapists,30,0.16666666666666666,0.16666666666666666,0.6666666666666666,E2
29-1131.00,Veterinarians,23,0.6086956521739131,0.043478260869565216,0.34782608695652173,E0
29-1141.00,Registered Nurses,27,0.4444444444444444,0.18518518518518517,0.37037037037037035,E0
29-1141.01,Acute Care Nurses,27,0.48148148148148145,0.14814814814814814,0.37037037037037035,E0
29-1141.02,Advanced Practice Psychiatric Nurses,24,0.4583333333333333,0.2916666666666667,0.25,E0
29-1141.03,Critical Care Nurses,29,0.6551724137931034,0.034482758620689655,0.3103448275862069,E0
29-1141.04,Clinical Nurse Specialists,30,0.4666666666666667,0.13333333333333333,0.4,E0
29-1151.00,Nurse Anesthetists,24,0.75,0.0,0.25,E0
29-1161.00,Nurse Midwives,21,0.5238095238095238,0.09523809523809523,0.38095238095238093,E0
29-1171.00,Nurse Practitioners,27,0.4444444444444444,0.07407407407407407,0.48148148148148145,E2
29-1181.00,Audiologists,22,0.3181818181818182,0.22727272727272727,0.45454545454545453,E2
29-1211.00,Anesthesiologists,18,0.4444444444444444,0.05555555555555555,0.5,E2
29-1212.00,Cardiologists,26,0.6153846153846154,0.07692307692307693,0.3076923076923077,E0
29-1213.00,Dermatologists,18,0.5,0.16666666666666666,0.3333333333333333,E0
29-1214.00,Emergency Medicine Physicians,17,0.47058823529411764,0.17647058823529413,0.35294117647058826,E0
29-1215.00,Family Medicine Physicians,13,0.46153846153846156,0.23076923076923078,0.3076923076923077,E0
29-1216.00,General Internal Medicine Physicians,19,0.5263157894736842,0.2631578947368421,0.21052631578947367,E0
29-1217.00,Neurologists,24,0.4166666666666667,0.125,0.4583333333333333,E2
29-1218.00,Obstetricians and Gynecologists,15,0.5333333333333333,0.2,0.26666666666666666,E0
29-1221.00,"Pediatricians, General",17,0.47058823529411764,0.23529411764705882,0.29411764705882354,E0
29-1222.00,"Physicians, Pathologists",19,0.47368421052631576,0.05263157894736842,0.47368421052631576,E0
29-1223.00,Psychiatrists,12,0.25,0.25,0.5,E2
29-1224.00,Radiologists,30,0.3333333333333333,0.3,0.36666666666666664,E2
29-1229.01,Allergists and Immunologists,16,0.375,0.125,0.5,E2
29-1229.02,Hospitalists,14,0.35714285714285715,0.07142857142857142,0.5714285714285714,E2
29-1229.03,Urologists,14,0.6428571428571429,0.14285714285714285,0.21428571428571427,E0
29-1229.04,Physical Medicine and Rehabilitation Physicians,15,0.7333333333333333,0.0,0.26666666666666666,E0
29-1229.05,Preventive Medicine Physicians,15,0.3333333333333333,0.06666666666666667,0.6,E2
29-1229.06,Sports Medicine Physicians,27,0.4074074074074074,0.2962962962962963,0.2962962962962963,E0
29-1241.00,"Ophthalmologists, Except Pediatric",18,0.4444444444444444,0.1111111111111111,0.4444444444444444,E0
29-1242.00,"Orthopedic Surgeons, Except Pediatric",15,0.6,0.06666666666666667,0.3333333333333333,E0
29-1243.00,Pediatric Surgeons,18,0.6111111111111112,0.05555555555555555,0.3333333333333333,E0
29-1291.00,Acupuncturists,18,0.5555555555555556,0.16666666666666666,0.2777777777777778,E0
29-1292.00,Dental Hygienists,18,0.8333333333333334,0.0,0.16666666666666666,E0
29-1299.01,Naturopathic Physicians,20,0.6,0.1,0.3,E0
29-1299.02,Orthoptists,16,0.4375,0.1875,0.375,E0
29-2011.00,Medical and Clinical Laboratory Technologists,16,0.6875,0.125,0.1875,E0
29-2011.01,Cytogenetic Technologists,30,0.5666666666666667,0.23333333333333334,0.2,E0
29-2011.02,Cytotechnologists,13,0.6923076923076923,0.0,0.3076923076923077,E0
29-2011.04,Histotechnologists,16,0.9375,0.0625,0.0,E0
29-2012.00,Medical and Clinical Laboratory Technicians,15,0.7333333333333333,0.0,0.26666666666666666,E0
29-2012.01,Histology Technicians,8,1.0,0.0,0.0,E0
29-2031.00,Cardiovascular Technologists and Technicians,25,0.76,0.12,0.12,E0
29-2032.00,Diagnostic Medical Sonographers,20,0.55,0.15,0.3,E0
29-2033.00,Nuclear Medicine Technologists,17,0.6470588235294118,0.17647058823529413,0.17647058823529413,E0
29-2034.00,Radiologic Technologists and Technicians,30,0.5333333333333333,0.1,0.36666666666666664,E0
29-2035.00,Magnetic Resonance Imaging Technologists,23,0.6956521739130435,0.13043478260869565,0.17391304347826086,E0
29-2036.00,Medical Dosimetrists,20,0.5,0.1,0.4,E0
29-2042.00,Emergency Medical Technicians,12,0.5833333333333334,0.0,0.4166666666666667,E0
29-2043.00,Paramedics,13,0.6153846153846154,0.0,0.38461538461538464,E0
29-2051.00,Dietetic Technicians,13,0.23076923076923078,0.07692307692307693,0.6923076923076923,E2
29-2052.00,Pharmacy Technicians,21,0.38095238095238093,0.19047619047619047,0.42857142857142855,E2
29-2053.00,Psychiatric Technicians,16,0.5,0.1875,0.3125,E0
29-2055.00,Surgical Technologists,16,0.9375,0.0,0.0625,E0
29-2056.00,Veterinary Technologists and Technicians,31,0.7741935483870968,0.06451612903225806,0.16129032258064516,E0
29-2057.00,Ophthalmic Medical Technicians,20,0.8,0.05,0.15,E0
29-2061.00,Licensed Practical and Licensed Vocational Nurses,23,0.6086956521739131,0.043478260869565216,0.34782608695652173,E0
29-2072.00,Medical Records Specialists,17,0.11764705882352941,0.23529411764705882,0.6470588235294118,E2
29-2081.00,"Opticians, Dispensing",21,0.6666666666666666,0.14285714285714285,0.19047619047619047,E0
29-2091.00,Orthotists and Prosthetists,15,0.6,0.0,0.4,E0
29-2092.00,Hearing Aid Specialists,11,0.9090909090909091,0.0,0.09090909090909091,E0
29-2099.01,Neurodiagnostic Technologists,16,0.75,0.125,0.125,E0
29-2099.05,Ophthalmic Medical Technologists,31,0.8709677419354839,0.0,0.12903225806451613,E0
29-2099.08,Patient Representatives,13,0.23076923076923078,0.3076923076923077,0.46153846153846156,E2
29-9021.00,Health Information Technologists and Medical Registrars,16,0.25,0.3125,0.4375,E2
29-9091.00,Athletic Trainers,23,0.5217391304347826,0.30434782608695654,0.17391304347826086,E0
29-9092.00,Genetic Counselors,19,0.10526315789473684,0.3684210526315789,0.5263157894736842,E2
29-9093.00,Surgical Assistants,28,0.9285714285714286,0.0,0.07142857142857142,E0
29-9099.01,Midwives,36,0.5833333333333334,0.1111111111111111,0.3055555555555556,E0
31-1121.00,Home Health Aides,15,0.9333333333333333,0.0,0.06666666666666667,E0
31-1122.00,Personal Care Aides,11,0.6363636363636364,0.18181818181818182,0.18181818181818182,E0
31-1131.00,Nursing Assistants,33,0.7878787878787878,0.030303030303030304,0.18181818181818182,E0
31-1132.00,Orderlies,24,0.9166666666666666,0.0,0.08333333333333333,E0
31-1133.00,Psychiatric Aides,17,0.7058823529411765,0.0,0.29411764705882354,E0
31-2011.00,Occupational Therapy Assistants,22,0.6818181818181818,0.13636363636363635,0.18181818181818182,E0
31-2012.00,Occupational Therapy Aides,15,0.8666666666666667,0.0,0.13333333333333333,E0
31-2021.00,Physical Therapist Assistants,21,0.8095238095238095,0.0,0.19047619047619047,E0
31-2022.00,Physical Therapist Aides,19,0.7894736842105263,0.05263157894736842,0.15789473684210525,E0
31-9011.00,Massage Therapists,14,0.7142857142857143,0.07142857142857142,0.21428571428571427,E0
31-9091.00,Dental Assistants,16,0.8125,0.0,0.1875,E0
31-9092.00,Medical Assistants,20,0.75,0.05,0.2,E0
31-9093.00,Medical Equipment Preparers,16,0.9375,0.0,0.0625,E0
31-9094.00,Medical Transcriptionists,15,0.6666666666666666,0.13333333333333333,0.2,E0
31-9095.00,Pharmacy Aides,17,0.7058823529411765,0.11764705882352941,0.17647058823529413,E0
31-9096.00,Veterinary Assistants and Laboratory Animal Caretakers,28,0.8571428571428571,0.14285714285714285,0.0,E0
31-9097.00,Phlebotomists,24,0.8333333333333334,0.041666666666666664,0.125,E0
31-9099.01,Speech-Language Pathology Assistants,11,0.7272727272727273,0.09090909090909091,0.18181818181818182,E0
31-9099.02,Endoscopy Technicians,12,1.0,0.0,0.0,E0
33-1011.00,First-Line Supervisors of Correctional Officers,23,0.6521739130434783,0.21739130434782608,0.13043478260869565,E0
33-1012.00,First-Line Supervisors of Police and Detectives,20,0.45,0.15,0.4,E0
33-1021.00,First-Line Supervisors of Firefighting and Prevention Workers,30,0.5,0.3333333333333333,0.16666666666666666,E0
33-1091.00,First-Line Supervisors of Security Workers,21,0.6190476190476191,0.14285714285714285,0.23809523809523808,E0
33-2011.00,Firefighters,30,0.9,0.06666666666666667,0.03333333333333333,E0
33-2021.00,Fire Inspectors and Investigators,30,0.5,0.23333333333333334,0.26666666666666666,E0
33-2022.00,Forest Fire Inspectors and Prevention Specialists,16,0.5,0.25,0.25,E0
33-3011.00,Bailiffs,15,0.7333333333333333,0.06666666666666667,0.2,E0
33-3012.00,Correctional Officers and Jailers,26,0.6538461538461539,0.11538461538461539,0.23076923076923078,E0
33-3021.00,Detectives and Criminal Investigators,30,0.4666666666666667,0.06666666666666667,0.4666666666666667,E0
33-3021.02,Police Identification and Records Officers,15,0.4,0.06666666666666667,0.5333333333333333,E2
33-3021.06,Intelligence Analysts,20,0.3,0.1,0.6,E2
33-3031.00,Fish and Game Wardens,24,0.7083333333333334,0.041666666666666664,0.25,E0
33-3041.00,Parking Enforcement Workers,23,0.5217391304347826,0.08695652173913043,0.391304347826087,E0
33-3051.00,Police and Sheriff's Patrol Officers,30,0.6666666666666666,0.13333333333333333,0.2,E0
33-3051.04,Customs and Border Protection Officers,11,0.5454545454545454,0.09090909090909091,0.36363636363636365,E0
33-3052.00,Transit and Railroad Police,14,0.35714285714285715,0.2857142857142857,0.35714285714285715,E2
33-9011.00,Animal Control Workers,16,0.75,0.0,0.25,E0
33-9021.00,Private Detectives and Investigators,17,0.47058823529411764,0.17647058823529413,0.35294117647058826,E0
33-9031.00,Gambling Surveillance Officers and Gambling Investigators,8,0.375,0.0,0.625,E2
33-9032.00,Security Guards,14,0.7142857142857143,0.14285714285714285,0.14285714285714285,E0
33-9091.00,Crossing Guards and Flaggers,12,0.5,0.0,0.5,E0
33-9092.00,"Lifeguards, Ski Patrol, and Other Recreational Protective Service Workers",15,0.8,0.06666666666666667,0.13333333333333333,E0
33-9093.00,Transportation Security Screeners,26,0.5769230769230769,0.038461538461538464,0.38461538461538464,E0
33-9094.00,School Bus Monitors,18,0.6111111111111112,0.0,0.3888888888888889,E0
33-9099.02,Retail Loss Prevention Specialists,21,0.47619047619047616,0.14285714285714285,0.38095238095238093,E0
35-1011.00,Chefs and Head Cooks,21,0.6190476190476191,0.14285714285714285,0.23809523809523808,E0
35-1012.00,First-Line Supervisors of Food Preparation and Serving Workers,26,0.5384615384615384,0.07692307692307693,0.38461538461538464,E0
35-2011.00,"Cooks, Fast Food",19,0.9473684210526315,0.0,0.05263157894736842,E0
35-2012.00,"Cooks, Institution and Cafeteria",17,0.8235294117647058,0.058823529411764705,0.11764705882352941,E0
35-2013.00,"Cooks, Private Household",13,0.6153846153846154,0.15384615384615385,0.23076923076923078,E0
35-2014.00,"Cooks, Restaurant",20,0.8,0.1,0.1,E0
35-2015.00,"Cooks, Short Order",11,1.0,0.0,0.0,E0
35-2021.00,Food Preparation Workers,31,0.9032258064516129,0.0,0.0967741935483871,E0
35-3011.00,Bartenders,20,0.8,0.1,0.1,E0
35-3023.00,Fast Food and Counter Workers,28,0.8571428571428571,0.03571428571428571,0.10714285714285714,E0
35-3023.01,Baristas,19,0.8421052631578947,0.15789473684210525,0.0,E0
35-3031.00,Waiters and Waitresses,25,0.76,0.2,0.04,E0
35-3041.00,"Food Servers, Nonrestaurant",14,0.7857142857142857,0.0,0.21428571428571427,E0
35-9011.00,Dining Room and Cafeteria Attendants and Bartender Helpers,24,1.0,0.0,0.0,E0
35-9021.00,Dishwashers,13,1.0,0.0,0.0,E0
35-9031.00,"Hosts and Hostesses, Restaurant, Lounge, and Coffee Shop",22,0.5,0.22727272727272727,0.2727272727272727,E0
37-1011.00,First-Line Supervisors of Housekeeping and Janitorial Workers,26,0.5769230769230769,0.07692307692307693,0.34615384615384615,E0
37-1012.00,"First-Line Supervisors of Landscaping, Lawn Service, and Groundskeeping Workers",28,0.5714285714285714,0.07142857142857142,0.35714285714285715,E0
37-2011.00,"Janitors and Cleaners, Except Maids and Housekeeping Cleaners",23,0.9565217391304348,0.0,0.043478260869565216,E0
37-2012.00,Maids and Housekeeping Cleaners,25,0.92,0.08,0.0,E0
37-2021.00,Pest Control Workers,15,0.6666666666666666,0.06666666666666667,0.26666666666666666,E0
37-3011.00,Landscaping and Groundskeeping Workers,27,0.9259259259259259,0.0,0.07407407407407407,E0
37-3012.00,"Pesticide Handlers, Sprayers, and Applicators, Vegetation",10,0.9,0.1,0.0,E0
37-3013.00,Tree Trimmers and Pruners,26,0.8846153846153846,0.0,0.11538461538461539,E0
39-1013.00,First-Line Supervisors of Gambling Services Workers,30,0.5,0.16666666666666666,0.3333333333333333,E0
39-1014.00,"First-Line Supervisors of Entertainment and Recreation Workers, Except Gambling Services",19,0.5789473684210527,0.2631578947368421,0.15789473684210525,E0
39-1022.00,First-Line Supervisors of Personal Service Workers,17,0.47058823529411764,0.23529411764705882,0.29411764705882354,E0
39-2011.00,Animal Trainers,19,0.8947368421052632,0.10526315789473684,0.0,E0
39-2021.00,Animal Caretakers,22,0.8181818181818182,0.13636363636363635,0.045454545454545456,E0
39-3011.00,Gambling Dealers,21,0.8095238095238095,0.09523809523809523,0.09523809523809523,E0
39-3012.00,Gambling and Sports Book Writers and Runners,22,0.6363636363636364,0.045454545454545456,0.3181818181818182,E0
39-3021.00,Motion Picture Projectionists,22,0.8636363636363636,0.0,0.13636363636363635,E0
39-3031.00,"Ushers, Lobby Attendants, and Ticket Takers",23,0.6956521739130435,0.17391304347826086,0.13043478260869565,E0
39-3091.00,Amusement and Recreation Attendants,19,0.631578947368421,0.2631578947368421,0.10526315789473684,E0
39-3092.00,Costume Attendants,21,0.5714285714285714,0.0,0.42857142857142855,E0
39-3093.00,"Locker Room, Coatroom, and Dressing Room Attendants",23,0.782608695652174,0.043478260869565216,0.17391304347826086,E0
39-4011.00,Embalmers,26,0.9230769230769231,0.0,0.07692307692307693,E0
39-4012.00,Crematory Operators,12,0.75,0.0,0.25,E0
39-4021.00,Funeral Attendants,26,0.6538461538461539,0.19230769230769232,0.15384615384615385,E0
39-4031.00,"Morticians, Undertakers, and Funeral Arrangers",22,0.8181818181818182,0.0,0.18181818181818182,E0
39-5011.00,Barbers,20,0.85,0.0,0.15,E0
39-5012.00,"Hairdressers, Hairstylists, and Cosmetologists",23,0.9130434782608695,0.0,0.08695652173913043,E0
39-5091.00,"Makeup Artists, Theatrical and Performance",21,0.5714285714285714,0.047619047619047616,0.38095238095238093,E0
39-5092.00,Manicurists and Pedicurists,18,0.8888888888888888,0.0,0.1111111111111111,E0
39-5093.00,Shampooers,4,0.75,0.0,0.25,E0
39-5094.00,Skincare Specialists,18,0.8333333333333334,0.05555555555555555,0.1111111111111111,E0
39-6011.00,Baggage Porters and Bellhops,17,0.6470588235294118,0.29411764705882354,0.058823529411764705,E0
39-6012.00,Concierges,16,0.3125,0.625,0.0625,E1
39-7011.00,Tour Guides and Escorts,19,0.6842105263157895,0.2631578947368421,0.05263157894736842,E0
39-7012.00,Travel Guides,17,0.5294117647058824,0.29411764705882354,0.17647058823529413,E0
39-9011.00,Childcare Workers,25,0.56,0.2,0.24,E0
39-9011.01,Nannies,19,0.5789473684210527,0.2631578947368421,0.15789473684210525,E0
39-9031.00,Exercise Trainers and Group Fitness Instructors,22,0.6818181818181818,0.13636363636363635,0.18181818181818182,E0
39-9032.00,Recreation Workers,24,0.5833333333333334,0.08333333333333333,0.3333333333333333,E0
39-9041.00,Residential Advisors,30,0.6333333333333333,0.16666666666666666,0.2,E0
41-1011.00,First-Line Supervisors of Retail Sales Workers,21,0.3333333333333333,0.19047619047619047,0.47619047619047616,E2
41-1012.00,First-Line Supervisors of Non-Retail Sales Workers,18,0.3333333333333333,0.2222222222222222,0.4444444444444444,E2
41-2011.00,Cashiers,29,0.4827586206896552,0.1724137931034483,0.3448275862068966,E0
41-2012.00,Gambling Change Persons and Booth Cashiers,15,0.4,0.0,0.6,E2
41-2021.00,Counter and Rental Clerks,16,0.1875,0.5625,0.25,E1
41-2022.00,Parts Salespersons,19,0.631578947368421,0.2631578947368421,0.10526315789473684,E0
41-2031.00,Retail Salespersons,24,0.5,0.2916666666666667,0.20833333333333334,E0
41-3011.00,Advertising Sales Agents,20,0.05,0.45,0.5,E2
41-3021.00,Insurance Sales Agents,19,0.2631578947368421,0.3157894736842105,0.42105263157894735,E2
41-3031.00,"Securities, Commodities, and Financial Services Sales Agents",30,0.26666666666666666,0.23333333333333334,0.5,E2
41-3041.00,Travel Agents,8,0.125,0.25,0.625,E2
41-3091.00,"Sales Representatives of Services, Except Advertising, Insurance, Financial Services, and Travel",15,0.2,0.3333333333333333,0.4666666666666667,E2
41-4011.00,"Sales Representatives, Wholesale and Manufacturing, Technical and Scientific Products",36,0.25,0.3611111111111111,0.3888888888888889,E2
41-4011.07,Solar Sales Representatives and Assessors,13,0.23076923076923078,0.38461538461538464,0.38461538461538464,E1
41-4012.00,"Sales Representatives, Wholesale and Manufacturing, Except Technical and Scientific Products",19,0.10526315789473684,0.42105263157894735,0.47368421052631576,E2
41-9011.00,Demonstrators and Product Promoters,24,0.4166666666666667,0.20833333333333334,0.375,E0
41-9012.00,Models,14,0.2857142857142857,0.07142857142857142,0.6428571428571429,E2
41-9021.00,Real Estate Brokers,19,0.2631578947368421,0.10526315789473684,0.631578947368421,E2
41-9022.00,Real Estate Sales Agents,33,0.45454545454545453,0.2727272727272727,0.2727272727272727,E0
41-9031.00,Sales Engineers,25,0.24,0.32,0.44,E2
41-9041.00,Telemarketers,12,0.16666666666666666,0.25,0.5833333333333334,E2
41-9091.00,"Door-to-Door Sales Workers, News and Street Vendors, and Related Workers",12,0.5,0.5,0.0,E1
43-1011.00,First-Line Supervisors of Office and Administrative Support Workers,29,0.1724137931034483,0.20689655172413793,0.6206896551724138,E2
43-2011.00,"Switchboard Operators, Including Answering Service",19,0.42105263157894735,0.42105263157894735,0.15789473684210525,E0
43-2021.00,Telephone Operators,16,0.1875,0.4375,0.375,E1
43-3011.00,Bill and Account Collectors,15,0.26666666666666666,0.13333333333333333,0.6,E2
43-3021.00,Billing and Posting Clerks,30,0.3333333333333333,0.2,0.4666666666666667,E2
43-3031.00,"Bookkeeping, Accounting, and Auditing Clerks",30,0.5,0.13333333333333333,0.36666666666666664,E0
43-3041.00,Gambling Cage Workers,17,0.47058823529411764,0.29411764705882354,0.23529411764705882,E0
43-3051.00,Payroll and Timekeeping Clerks,22,0.18181818181818182,0.18181818181818182,0.6363636363636364,E2
43-3061.00,Procurement Clerks,19,0.3157894736842105,0.2631578947368421,0.42105263157894735,E2
43-3071.00,Tellers,29,0.4827586206896552,0.27586206896551724,0.2413793103448276,E0
43-4011.00,Brokerage Clerks,10,0.2,0.6,0.2,E1
43-4021.00,Correspondence Clerks,21,0.14285714285714285,0.5238095238095238,0.3333333333333333,E1
43-4031.00,"Court, Municipal, and License Clerks",30,0.13333333333333333,0.3,0.5666666666666667,E2
43-4041.00,"Credit Authorizers, Checkers, and Clerks",16,0.125,0.3125,0.5625,E2
43-4051.00,Customer Service Representatives,15,0.2,0.5333333333333333,0.26666666666666666,E1
43-4061.00,"Eligibility Interviewers, Government Programs",17,0.058823529411764705,0.23529411764705882,0.7058823529411765,E2
43-4071.00,File Clerks,19,0.3157894736842105,0.15789473684210525,0.5263157894736842,E2
43-4081.00,"Hotel, Motel, and Resort Desk Clerks",20,0.4,0.2,0.4,E0
43-4111.00,"Interviewers, Except Eligibility and Loan",17,0.4117647058823529,0.29411764705882354,0.29411764705882354,E0
43-4121.00,"Library Assistants, Clerical",33,0.36363636363636365,0.2727272727272727,0.36363636363636365,E0
43-4131.00,Loan Interviewers and Clerks,18,0.16666666666666666,0.1111111111111111,0.7222222222222222,E2
43-4141.00,New Accounts Clerks,15,0.3333333333333333,0.4666666666666667,0.2,E1
43-4151.00,Order Clerks,19,0.21052631578947367,0.42105263157894735,0.3684210526315789,E1
43-4161.00,"Human Resources Assistants, Except Payroll and Timekeeping",19,0.21052631578947367,0.10526315789473684,0.6842105263157895,E2
43-4171.00,Receptionists and Information Clerks,19,0.2631578947368421,0.42105263157894735,0.3157894736842105,E1
43-4181.00,Reservation and Transportation Ticket Agents and Travel Clerks,21,0.2857142857142857,0.3333333333333333,0.38095238095238093,E2
43-5011.00,Cargo and Freight Agents,24,0.625,0.08333333333333333,0.2916666666666667,E0
43-5011.01,Freight Forwarders,31,0.16129032258064516,0.3548387096774194,0.4838709677419355,E2
43-5021.00,Couriers and Messengers,17,0.7058823529411765,0.0,0.29411764705882354,E0
43-5031.00,Public Safety Telecommunicators,18,0.3333333333333333,0.3888888888888889,0.2777777777777778,E1
43-5032.00,"Dispatchers, Except Police, Fire, and Ambulance",13,0.07692307692307693,0.38461538461538464,0.5384615384615384,E2
43-5041.00,"Meter Readers, Utilities",13,0.38461538461538464,0.07692307692307693,0.5384615384615384,E2
43-5051.00,Postal Service Clerks,21,0.6190476190476191,0.14285714285714285,0.23809523809523808,E0
43-5052.00,Postal Service Mail Carriers,22,0.5,0.18181818181818182,0.3181818181818182,E0
43-5053.00,"Postal Service Mail Sorters, Processors, and Processing Machine Operators",17,0.7647058823529411,0.058823529411764705,0.17647058823529413,E0
43-5061.00,"Production, Planning, and Expediting Clerks",17,0.11764705882352941,0.17647058823529413,0.7058823529411765,E2
43-5071.00,"Shipping, Receiving, and Inventory Clerks",11,0.45454545454545453,0.18181818181818182,0.36363636363636365,E0
43-5111.00,"Weighers, Measurers, Checkers, and Samplers, Recordkeeping",22,0.5909090909090909,0.18181818181818182,0.22727272727272727,E0
43-6011.00,Executive Secretaries and Executive Administrative Assistants,22,0.13636363636363635,0.5909090909090909,0.2727272727272727,E1
43-6012.00,Legal Secretaries and Administrative Assistants,14,0.0,0.5,0.5,E2
43-6013.00,Medical Secretaries and Administrative Assistants,16,0.125,0.375,0.5,E2
43-6014.00,"Secretaries and Administrative Assistants, Except Legal, Medical, and Executive",32,0.21875,0.40625,0.375,E1
43-9021.00,Data Entry Keyers,9,0.2222222222222222,0.2222222222222222,0.5555555555555556,E2
43-9022.00,Word Processors and Typists,20,0.2,0.2,0.6,E2
43-9031.00,Desktop Publishers,18,0.1111111111111111,0.05555555555555555,0.8333333333333334,E2
43-9041.00,Insurance Claims and Policy Processing Clerks,27,0.2222222222222222,0.2962962962962963,0.48148148148148145,E2
43-9051.00,"Mail Clerks and Mail Machine Operators, Except Postal Service",29,0.8275862068965517,0.06896551724137931,0.10344827586206896,E0
43-9061.00,"Office Clerks, General",21,0.23809523809523808,0.23809523809523808,0.5238095238095238,E2
43-9071.00,"Office Machine Operators, Except Computer",18,0.6666666666666666,0.0,0.3333333333333333,E0
43-9081.00,Proofreaders and Copy Markers,11,0.0,0.18181818181818182,0.8181818181818182,E2
43-9111.00,Statistical Assistants,14,0.0,0.35714285714285715,0.6428571428571429,E2
45-1011.00,"First-Line Supervisors of Farming, Fishing, and Forestry Workers",30,0.7,0.0,0.3,E0
45-2011.00,Agricultural Inspectors,22,0.5454545454545454,0.13636363636363635,0.3181818181818182,E0
45-2021.00,Animal Breeders,24,0.875,0.041666666666666664,0.08333333333333333,E0
45-2041.00,"Graders and Sorters, Agricultural Products",6,0.8333333333333334,0.0,0.16666666666666666,E0
45-2091.00,Agricultural Equipment Operators,17,1.0,0.0,0.0,E0
45-2092.00,"Farmworkers and Laborers, Crop, Nursery, and Greenhouse",30,0.8666666666666667,0.0,0.13333333333333333,E0
45-2093.00,"Farmworkers, Farm, Ranch, and Aquacultural Animals",22,0.8636363636363636,0.0,0.13636363636363635,E0
45-3031.00,Fishing and Hunting Workers,30,0.9666666666666667,0.0,0.03333333333333333,E0
45-4011.00,Forest and Conservation Workers,21,0.9047619047619048,0.0,0.09523809523809523,E0
45-4021.00,Fallers,19,0.8947368421052632,0.10526315789473684,0.0,E0
45-4022.00,Logging Equipment Operators,9,0.8888888888888888,0.0,0.1111111111111111,E0
45-4023.00,Log Graders and Scalers,13,0.6923076923076923,0.0,0.3076923076923077,E0
47-1011.00,First-Line Supervisors of Construction Trades and Extraction Workers,15,0.6,0.0,0.4,E0
47-1011.03,Solar Energy Installation Managers,15,0.5333333333333333,0.06666666666666667,0.4,E0
47-2011.00,Boilermakers,17,1.0,0.0,0.0,E0
47-2021.00,Brickmasons and Blockmasons,14,1.0,0.0,0.0,E0
47-2022.00,Stonemasons,17,1.0,0.0,0.0,E0
47-2031.00,Carpenters,29,0.8620689655172413,0.034482758620689655,0.10344827586206896,E0
47-2041.00,Carpet Installers,16,0.9375,0.0,0.0625,E0
47-2042.00,"Floor Layers, Except Carpet, Wood, and Hard Tiles",14,1.0,0.0,0.0,E0
47-2043.00,Floor Sanders and Finishers,7,1.0,0.0,0.0,E0
47-2044.00,Tile and Stone Setters,25,0.92,0.0,0.08,E0
47-2051.00,Cement Masons and Concrete Finishers,26,1.0,0.0,0.0,E0
47-2053.00,Terrazzo Workers and Finishers,26,0.9615384615384616,0.0,0.038461538461538464,E0
47-2061.00,Construction Laborers,32,0.96875,0.0,0.03125,E0
47-2071.00,"Paving, Surfacing, and Tamping Equipment Operators",20,1.0,0.0,0.0,E0
47-2072.00,Pile Driver Operators,5,1.0,0.0,0.0,E0
47-2073.00,Operating Engineers and Other Construction Equipment Operators,28,0.8214285714285714,0.0,0.17857142857142858,E0
47-2081.00,Drywall and Ceiling Tile Installers,26,0.9615384615384616,0.0,0.038461538461538464,E0
47-2082.00,Tapers,16,1.0,0.0,0.0,E0
47-2111.00,Electricians,21,0.7619047619047619,0.047619047619047616,0.19047619047619047,E0
47-2121.00,Glaziers,27,0.9259259259259259,0.0,0.07407407407407407,E0
47-2131.00,"Insulation Workers, Floor, Ceiling, and Wall",10,0.9,0.1,0.0,E0
47-2132.00,"Insulation Workers, Mechanical",13,0.9230769230769231,0.0,0.07692307692307693,E0
47-2141.00,"Painters, Construction and Maintenance",19,0.9473684210526315,0.0,0.05263157894736842,E0
47-2142.00,Paperhangers,20,1.0,0.0,0.0,E0
47-2151.00,Pipelayers,14,1.0,0.0,0.0,E0
47-2152.00,"Plumbers, Pipefitters, and Steamfitters",30,0.9,0.0,0.1,E0
47-2152.04,Solar Thermal Installers and Technicians,21,0.9047619047619048,0.047619047619047616,0.047619047619047616,E0
47-2161.00,Plasterers and Stucco Masons,15,0.9333333333333333,0.0,0.06666666666666667,E0
47-2171.00,Reinforcing Iron and Rebar Workers,7,1.0,0.0,0.0,E0
47-2181.00,Roofers,28,1.0,0.0,0.0,E0
47-2211.00,Sheet Metal Workers,24,0.9166666666666666,0.0,0.08333333333333333,E0
47-2221.00,Structural Iron and Steel Workers,20,1.0,0.0,0.0,E0
47-2231.00,Solar Photovoltaic Installers,26,0.7692307692307693,0.0,0.23076923076923078,E0
47-3011.00,"Helpers--Brickmasons, Blockmasons, Stonemasons, and Tile and Marble Setters",15,1.0,0.0,0.0,E0
47-3012.00,Helpers--Carpenters,18,1.0,0.0,0.0,E0
47-3013.00,Helpers--Electricians,24,1.0,0.0,0.0,E0
47-3014.00,"Helpers--Painters, Paperhangers, Plasterers, and Stucco Masons",11,1.0,0.0,0.0,E0
47-3015.00,"Helpers--Pipelayers, Plumbers, Pipefitters, and Steamfitters",15,1.0,0.0,0.0,E0
47-3016.00,Helpers--Roofers,18,1.0,0.0,0.0,E0
47-4011.00,Construction and Building Inspectors,19,0.7368421052631579,0.0,0.2631578947368421,E0
47-4011.01,Energy Auditors,21,0.2857142857142857,0.14285714285714285,0.5714285714285714,E2
47-4021.00,Elevator and Escalator Installers and Repairers,20,0.85,0.0,0.15,E0
47-4031.00,Fence Erectors,20,0.95,0.0,0.05,E0
47-4041.00,Hazardous Materials Removal Workers,21,0.9047619047619048,0.0,0.09523809523809523,E0
47-4051.00,Highway Maintenance Workers,19,1.0,0.0,0.0,E0
47-4061.00,Rail-Track Laying and Maintenance Equipment Operators,26,1.0,0.0,0.0,E0
47-4071.00,Septic Tank Servicers and Sewer Pipe Cleaners,22,0.8636363636363636,0.045454545454545456,0.09090909090909091,E0
47-4091.00,Segmental Pavers,12,0.8333333333333334,0.0,0.16666666666666666,E0
47-4099.03,Weatherization Installers and Technicians,20,0.65,0.05,0.3,E0
47-5011.00,"Derrick Operators, Oil and Gas",15,1.0,0.0,0.0,E0
47-5012.00,"Rotary Drill Operators, Oil and Gas",22,0.9545454545454546,0.0,0.045454545454545456,E0
47-5013.00,"Service Unit Operators, Oil and Gas",19,0.7894736842105263,0.05263157894736842,0.15789473684210525,E0
47-5022.00,"Excavating and Loading Machine and Dragline Operators, Surface Mining",16,1.0,0.0,0.0,E0
47-5023.00,"Earth Drillers, Except Oil and Gas",30,0.7333333333333333,0.0,0.26666666666666666,E0
47-5032.00,"Explosives Workers, Ordnance Handling Experts, and Blasters",30,0.7666666666666667,0.03333333333333333,0.2,E0
47-5041.00,Continuous Mining Machine Operators,15,0.8666666666666667,0.0,0.13333333333333333,E0
47-5043.00,"Roof Bolters, Mining",14,1.0,0.0,0.0,E0
47-5044.00,"Loading and Moving Machine Operators, Underground Mining",28,0.8214285714285714,0.03571428571428571,0.14285714285714285,E0
47-5051.00,"Rock Splitters, Quarry",9,0.8888888888888888,0.0,0.1111111111111111,E0
47-5071.00,"Roustabouts, Oil and Gas",13,1.0,0.0,0.0,E0
47-5081.00,Helpers--Extraction Workers,14,0.8571428571428571,0.0,0.14285714285714285,E0
49-1011.00,"First-Line Supervisors of Mechanics, Installers, and Repairers",22,0.5,0.09090909090909091,0.4090909090909091,E0
49-2011.00,"Computer, Automated Teller, and Office Machine Repairers",25,0.68,0.08,0.24,E0
49-2021.00,"Radio, Cellular, and Tower Equipment Installers and Repairers",30,0.9,0.03333333333333333,0.06666666666666667,E0
49-2022.00,"Telecommunications Equipment Installers and Repairers, Except Line Installers",40,0.675,0.1,0.225,E0
49-2091.00,Avionics Technicians,13,0.7692307692307693,0.07692307692307693,0.15384615384615385,E0
49-2092.00,"Electric Motor, Power Tool, and Related Repairers",39,0.9743589743589743,0.0,0.02564102564102564,E0
49-2093.00,"Electrical and Electronics Installers and Repairers, Transportation Equipment",15,0.7333333333333333,0.06666666666666667,0.2,E0
49-2094.00,"Electrical and Electronics Repairers, Commercial and Industrial Equipment",20,0.6,0.2,0.2,E0
49-2095.00,"Electrical and Electronics Repairers, Powerhouse, Substation, and Relay",16,0.6875,0.0,0.3125,E0
49-2096.00,"Electronic Equipment Installers and Repairers, Motor Vehicles",12,0.75,0.0,0.25,E0
49-2097.00,Audiovisual Equipment Installers and Repairers,11,0.8181818181818182,0.0,0.18181818181818182,E0
49-2098.00,Security and Fire Alarm Systems Installers,16,0.6875,0.125,0.1875,E0
49-3011.00,Aircraft Mechanics and Service Technicians,38,0.8947368421052632,0.02631578947368421,0.07894736842105263,E0
49-3021.00,Automotive Body and Related Repairers,25,0.92,0.04,0.04,E0
49-3022.00,Automotive Glass Installers and Repairers,18,1.0,0.0,0.0,E0
49-3023.00,Automotive Service Technicians and Mechanics,30,0.9,0.03333333333333333,0.06666666666666667,E0
49-3031.00,Bus and Truck Mechanics and Diesel Engine Specialists,26,1.0,0.0,0.0,E0
49-3041.00,Farm Equipment Mechanics and Service Technicians,14,0.7857142857142857,0.14285714285714285,0.07142857142857142,E0
49-3042.00,"Mobile Heavy Equipment Mechanics, Except Engines",20,0.8,0.05,0.15,E0
49-3043.00,Rail Car Repairers,20,0.95,0.05,0.0,E0
49-3051.00,Motorboat Mechanics and Service Technicians,13,0.9230769230769231,0.0,0.07692307692307693,E0
49-3052.00,Motorcycle Mechanics,13,1.0,0.0,0.0,E0
49-3053.00,Outdoor Power Equipment and Other Small Engine Mechanics,14,0.8571428571428571,0.07142857142857142,0.07142857142857142,E0
49-3091.00,Bicycle Repairers,16,0.9375,0.0625,0.0,E0
49-3092.00,Recreational Vehicle Service Technicians,17,0.8823529411764706,0.058823529411764705,0.058823529411764705,E0
49-3093.00,Tire Repairers and Changers,26,1.0,0.0,0.0,E0
49-9011.00,Mechanical Door Repairers,25,0.92,0.04,0.04,E0
49-9012.00,"Control and Valve Installers and Repairers, Except Mechanical Door",39,0.9230769230769231,0.02564102564102564,0.05128205128205128,E0
49-9021.00,"Heating, Air Conditioning, and Refrigeration Mechanics and Installers",30,0.8,0.06666666666666667,0.13333333333333333,E0
49-9031.00,Home Appliance Repairers,31,0.8709677419354839,0.06451612903225806,0.06451612903225806,E0
49-9041.00,Industrial Machinery Mechanics,16,0.75,0.0625,0.1875,E0
49-9043.00,"Maintenance Workers, Machinery",18,0.8888888888888888,0.1111111111111111,0.0,E0
49-9044.00,Millwrights,23,0.9130434782608695,0.0,0.08695652173913043,E0
49-9045.00,"Refractory Materials Repairers, Except Brickmasons",16,1.0,0.0,0.0,E0
49-9051.00,Electrical Power-Line Installers and Repairers,23,1.0,0.0,0.0,E0
49-9052.00,Telecommunications Line Installers and Repairers,20,0.95,0.0,0.05,E0
49-9061.00,Camera and Photographic Equipment Repairers,15,0.8666666666666667,0.0,0.13333333333333333,E0
49-9062.00,Medical Equipment Repairers,19,0.6842105263157895,0.21052631578947367,0.10526315789473684,E0
49-9063.00,Musical Instrument Repairers and Tuners,37,1.0,0.0,0.0,E0
49-9064.00,Watch and Clock Repairers,15,0.7333333333333333,0.06666666666666667,0.2,E0
49-9071.00,"Maintenance and Repair Workers, General",30,0.8666666666666667,0.0,0.13333333333333333,E0
49-9081.00,Wind Turbine Service Technicians,13,0.9230769230769231,0.0,0.07692307692307693,E0
49-9091.00,"Coin, Vending, and Amusement Machine Servicers and Repairers",19,0.7894736842105263,0.15789473684210525,0.05263157894736842,E0
49-9092.00,Commercial Divers,25,0.84,0.0,0.16,E0
49-9094.00,Locksmiths and Safe Repairers,14,0.9285714285714286,0.07142857142857142,0.0,E0
49-9095.00,Manufactured Building and Mobile Home Installers,14,0.8571428571428571,0.07142857142857142,0.07142857142857142,E0
49-9096.00,Riggers,14,0.9285714285714286,0.0,0.07142857142857142,E0
49-9097.00,Signal and Track Switch Repairers,14,0.9285714285714286,0.0,0.07142857142857142,E0
49-9098.00,"Helpers--Installation, Maintenance, and Repair Workers",16,1.0,0.0,0.0,E0
49-9099.01,Geothermal Technicians,24,0.75,0.20833333333333334,0.041666666666666664,E0
51-1011.00,First-Line Supervisors of Production and Operating Workers,20,0.55,0.0,0.45,E0
51-2011.00,"Aircraft Structure, Surfaces, Rigging, and Systems Assemblers",30,0.9666666666666667,0.0,0.03333333333333333,E0
51-2021.00,"Coil Winders, Tapers, and Finishers",11,0.7272727272727273,0.0,0.2727272727272727,E0
51-2022.00,Electrical and Electronic Equipment Assemblers,17,0.8235294117647058,0.0,0.17647058823529413,E0
51-2023.00,Electromechanical Equipment Assemblers,14,1.0,0.0,0.0,E0
51-2031.00,Engine and Other Machine Assemblers,12,1.0,0.0,0.0,E0
51-2041.00,Structural Metal Fabricators and Fitters,23,0.9565217391304348,0.0,0.043478260869565216,E0
51-2051.00,Fiberglass Laminators and Fabricators,16,0.9375,0.0625,0.0,E0
51-2061.00,Timing Device Assemblers and Adjusters,17,1.0,0.0,0.0,E0
51-2092.00,Team Assemblers,11,0.8181818181818182,0.0,0.18181818181818182,E0
51-3011.00,Bakers,18,0.8333333333333334,0.1111111111111111,0.05555555555555555,E0
51-3021.00,Butchers and Meat Cutters,12,0.9166666666666666,0.0,0.08333333333333333,E0
51-3022.00,"Meat, Poultry, and Fish Cutters and Trimmers",13,1.0,0.0,0.0,E0
51-3023.00,Slaughterers and Meat Packers,15,1.0,0.0,0.0,E0
51-3091.00,"Food and Tobacco Roasting, Baking, and Drying Machine Operators and Tenders",20,0.9,0.0,0.1,E0
51-3092.00,Food Batchmakers,25,0.84,0.12,0.04,E0
51-3093.00,Food Cooking Machine Operators and Tenders,17,0.9411764705882353,0.0,0.058823529411764705,E0
51-4021.00,"Extruding and Drawing Machine Setters, Operators, and Tenders, Metal and Plastic",16,0.875,0.0625,0.0625,E0
51-4022.00,"Forging Machine Setters, Operators, and Tenders, Metal and Plastic",13,0.9230769230769231,0.0,0.07692307692307693,E0
51-4023.00,"Rolling Machine Setters, Operators, and Tenders, Metal and Plastic",19,0.8421052631578947,0.0,0.15789473684210525,E0
51-4031.00,"Cutting, Punching, and Press Machine Setters, Operators, and Tenders, Metal and Plastic",32,0.96875,0.0,0.03125,E0
51-4032.00,"Drilling and Boring Machine Tool Setters, Operators, and Tenders, Metal and Plastic",17,1.0,0.0,0.0,E0
51-4033.00,"Grinding, Lapping, Polishing, and Buffing Machine Tool Setters, Operators, and Tenders, Metal and Plastic",18,0.8888888888888888,0.0,0.1111111111111111,E0
51-4034.00,"Lathe and Turning Machine Tool Setters, Operators, and Tenders, Metal and Plastic",16,0.9375,0.0,0.0625,E0
51-4035.00,"Milling and Planing Machine Setters, Operators, and Tenders, Metal and Plastic",15,0.8666666666666667,0.0,0.13333333333333333,E0
51-4041.00,Machinists,29,0.7241379310344828,0.0,0.27586206896551724,E0
51-4051.00,Metal-Refining Furnace Operators and Tenders,15,0.9333333333333333,0.0,0.06666666666666667,E0
51-4052.00,"Pourers and Casters, Metal",16,1.0,0.0,0.0,E0
51-4061.00,"Model Makers, Metal and Plastic",16,0.8125,0.0,0.1875,E0
51-4062.00,"Patternmakers, Metal and Plastic",15,0.6666666666666666,0.0,0.3333333333333333,E0
51-4071.00,Foundry Mold and Coremakers,13,1.0,0.0,0.0,E0
51-4072.00,"Molding, Coremaking, and Casting Machine Setters, Operators, and Tenders, Metal and Plastic",33,0.9090909090909091,0.0,0.09090909090909091,E0
51-4081.00,"Multiple Machine Tool Setters, Operators, and Tenders, Metal and Plastic",21,0.8095238095238095,0.09523809523809523,0.09523809523809523,E0
51-4111.00,Tool and Die Makers,17,0.7647058823529411,0.0,0.23529411764705882,E0
51-4121.00,"Welders, Cutters, Solderers, and Brazers",30,0.9333333333333333,0.0,0.06666666666666667,E0
51-4122.00,"Welding, Soldering, and Brazing Machine Setters, Operators, and Tenders",29,0.8275862068965517,0.0,0.1724137931034483,E0
51-4191.00,"Heat Treating Equipment Setters, Operators, and Tenders, Metal and Plastic",26,0.8846153846153846,0.0,0.11538461538461539,E0
51-4192.00,"Layout Workers, Metal and Plastic",14,0.7142857142857143,0.0,0.2857142857142857,E0
51-4193.00,"Plating Machine Setters, Operators, and Tenders, Metal and Plastic",38,0.9210526315789473,0.0,0.07894736842105263,E0
51-4194.00,"Tool Grinders, Filers, and Sharpeners",18,1.0,0.0,0.0,E0
51-5111.00,Prepress Technicians and Workers,25,0.84,0.04,0.12,E0
51-5112.00,Printing Press Operators,23,0.6956521739130435,0.0,0.30434782608695654,E0
51-5113.00,Print Binding and Finishing Workers,26,0.8846153846153846,0.0,0.11538461538461539,E0
51-6011.00,Laundry and Dry-Cleaning Workers,32,0.90625,0.0,0.09375,E0
51-6021.00,"Pressers, Textile, Garment, and Related Materials",28,0.9642857142857143,0.0,0.03571428571428571,E0
51-6031.00,Sewing Machine Operators,26,0.9615384615384616,0.0,0.038461538461538464,E0
51-6041.00,Shoe and Leather Workers and Repairers,27,0.8518518518518519,0.0,0.14814814814814814,E0
51-6042.00,Shoe Machine Operators and Tenders,19,0.9473684210526315,0.0,0.05263157894736842,E0
51-6051.00,"Sewers, Hand",13,0.9230769230769231,0.0,0.07692307692307693,E0
51-6052.00,"Tailors, Dressmakers, and Custom Sewers",22,0.8636363636363636,0.0,0.13636363636363635,E0
51-6061.00,Textile Bleaching and Dyeing Machine Operators and Tenders,24,0.7916666666666666,0.0,0.20833333333333334,E0
51-6062.00,"Textile Cutting Machine Setters, Operators, and Tenders",18,0.7222222222222222,0.0,0.2777777777777778,E0
51-6063.00,"Textile Knitting and Weaving Machine Setters, Operators, and Tenders",20,0.75,0.0,0.25,E0
51-6064.00,"Textile Winding, Twisting, and Drawing Out Machine Setters, Operators, and Tenders",24,0.875,0.0,0.125,E0
51-6091.00,"Extruding and Forming Machine Setters, Operators, and Tenders, Synthetic and Glass Fibers",21,0.8571428571428571,0.0,0.14285714285714285,E0
51-6092.00,Fabric and Apparel Patternmakers,16,0.625,0.0,0.375,E0
51-6093.00,Upholsterers,22,0.7727272727272727,0.045454545454545456,0.18181818181818182,E0
51-7011.00,Cabinetmakers and Bench Carpenters,20,0.85,0.0,0.15,E0
51-7021.00,Furniture Finishers,22,0.8181818181818182,0.0,0.18181818181818182,E0
51-7031.00,"Model Makers, Wood",14,0.7142857142857143,0.0,0.2857142857142857,E0
51-7032.00,"Patternmakers, Wood",20,0.6,0.15,0.25,E0
51-7041.00,"Sawing Machine Setters, Operators, and Tenders, Wood",24,0.9583333333333334,0.0,0.041666666666666664,E0
51-7042.00,"Woodworking Machine Setters, Operators, and Tenders, Except Sawing",26,0.9230769230769231,0.0,0.07692307692307693,E0
51-8011.00,Nuclear Power Reactor Operators,20,0.8,0.0,0.2,E0
51-8012.00,Power Distributors and Dispatchers,15,0.6,0.06666666666666667,0.3333333333333333,E0
51-8013.00,Power Plant Operators,30,0.7666666666666667,0.0,0.23333333333333334,E0
51-8013.03,Biomass Plant Technicians,18,0.8333333333333334,0.0,0.16666666666666666,E0
51-8013.04,Hydroelectric Plant Technicians,21,0.8571428571428571,0.0,0.14285714285714285,E0
51-8021.00,Stationary Engineers and Boiler Operators,25,0.8,0.0,0.2,E0
51-8031.00,Water and Wastewater Treatment Plant and System Operators,8,0.75,0.0,0.25,E0
51-8091.00,Chemical Plant and System Operators,19,0.7894736842105263,0.10526315789473684,0.10526315789473684,E0
51-8092.00,Gas Plant Operators,19,0.8421052631578947,0.0,0.15789473684210525,E0
51-8093.00,"Petroleum Pump System Operators, Refinery Operators, and Gaugers",24,0.6666666666666666,0.041666666666666664,0.2916666666666667,E0
51-8099.01,Biofuels Processing Technicians,19,0.8421052631578947,0.0,0.15789473684210525,E0
51-9011.00,Chemical Equipment Operators and Tenders,23,0.9130434782608695,0.043478260869565216,0.043478260869565216,E0
51-9012.00,"Separating, Filtering, Clarifying, Precipitating, and Still Machine Setters, Operators, and Tenders",21,0.8571428571428571,0.0,0.14285714285714285,E0
51-9021.00,"Crushing, Grinding, and Polishing Machine Setters, Operators, and Tenders",22,0.8636363636363636,0.0,0.13636363636363635,E0
51-9022.00,"Grinding and Polishing Workers, Hand",20,0.9,0.0,0.1,E0
51-9023.00,"Mixing and Blending Machine Setters, Operators, and Tenders",19,0.8947368421052632,0.05263157894736842,0.05263157894736842,E0
51-9031.00,"Cutters and Trimmers, Hand",18,1.0,0.0,0.0,E0
51-9032.00,"Cutting and Slicing Machine Setters, Operators, and Tenders",28,0.8928571428571429,0.0,0.10714285714285714,E0
51-9041.00,"Extruding, Forming, Pressing, and Compacting Machine Setters, Operators, and Tenders",28,0.8571428571428571,0.03571428571428571,0.10714285714285714,E0
51-9051.00,"Furnace, Kiln, Oven, Drier, and Kettle Operators and Tenders",18,0.9444444444444444,0.0,0.05555555555555555,E0
51-9061.00,"Inspectors, Testers, Sorters, Samplers, and Weighers",32,0.6875,0.0625,0.25,E0
51-9071.00,Jewelers and Precious Stone and Metal Workers,30,0.8,0.03333333333333333,0.16666666666666666,E0
51-9071.06,Gem and Diamond Workers,22,0.7727272727272727,0.0,0.22727272727272727,E0
51-9081.00,Dental Laboratory Technicians,17,0.9411764705882353,0.0,0.058823529411764705,E0
51-9082.00,Medical Appliance Technicians,15,0.8666666666666667,0.06666666666666667,0.06666666666666667,E0
51-9083.00,Ophthalmic Laboratory Technicians,18,0.8888888888888888,0.0,0.1111111111111111,E0
51-9111.00,Packaging and Filling Machine Operators and Tenders,20,0.85,0.0,0.15,E0
51-9123.00,"Painting, Coating, and Decorating Workers",13,0.9230769230769231,0.0,0.07692307692307693,E0
51-9124.00,"Coating, Painting, and Spraying Machine Setters, Operators, and Tenders",30,0.9666666666666667,0.0,0.03333333333333333,E0
51-9141.00,Semiconductor Processing Technicians,24,0.9166666666666666,0.041666666666666664,0.041666666666666664,E0
51-9151.00,Photographic Process Workers and Processing Machine Operators,32,0.6875,0.0,0.3125,E0
51-9161.00,Computer Numerically Controlled Tool Operators,27,0.6296296296296297,0.0,0.37037037037037035,E0
51-9162.00,Computer Numerically Controlled Tool Programmers,16,0.3125,0.0,0.6875,E2
51-9191.00,Adhesive Bonding Machine Operators and Tenders,17,1.0,0.0,0.0,E0
51-9192.00,"Cleaning, Washing, and Metal Pickling Equipment Operators and Tenders",11,0.9090909090909091,0.0,0.09090909090909091,E0
51-9193.00,Cooling and Freezing Equipment Operators and Tenders,19,0.9473684210526315,0.0,0.05263157894736842,E0
51-9194.00,Etchers and Engravers,30,0.9333333333333333,0.0,0.06666666666666667,E0
51-9195.00,"Molders, Shapers, and Casters, Except Metal and Plastic",27,0.9629629629629629,0.0,0.037037037037037035,E0
51-9195.03,"Stone Cutters and Carvers, Manufacturing",16,0.9375,0.0,0.0625,E0
51-9195.04,"Glass Blowers, Molders, Benders, and Finishers",19,0.7894736842105263,0.0,0.21052631578947367,E0
51-9195.05,"Potters, Manufacturing",24,0.9583333333333334,0.0,0.041666666666666664,E0
51-9196.00,"Paper Goods Machine Setters, Operators, and Tenders",15,0.9333333333333333,0.0,0.06666666666666667,E0
51-9197.00,Tire Builders,23,1.0,0.0,0.0,E0
51-9198.00,Helpers--Production Workers,34,0.8529411764705882,0.0,0.14705882352941177,E0
53-1041.00,Aircraft Cargo Handling Supervisors,6,1.0,0.0,0.0,E0
53-1042.00,"First-Line Supervisors of Helpers, Laborers, and Material Movers, Hand",24,0.4583333333333333,0.20833333333333334,0.3333333333333333,E0
53-1042.01,Recycling Coordinators,23,0.34782608695652173,0.34782608695652173,0.30434782608695654,E0
53-1043.00,First-Line Supervisors of Material-Moving Machine and Vehicle Operators,22,0.5454545454545454,0.13636363636363635,0.3181818181818182,E0
53-1044.00,First-Line Supervisors of Passenger Attendants,19,0.631578947368421,0.2631578947368421,0.10526315789473684,E0
53-2011.00,"Airline Pilots, Copilots, and Flight Engineers",26,0.5384615384615384,0.0,0.46153846153846156,E0
53-2012.00,Commercial Pilots,26,0.6153846153846154,0.0,0.38461538461538464,E0
53-2021.00,Air Traffic Controllers,23,0.391304347826087,0.0,0.6086956521739131,E2
53-2022.00,Airfield Operations Specialists,27,0.2962962962962963,0.0,0.7037037037037037,E2
53-2031.00,Flight Attendants,25,0.76,0.04,0.2,E0
53-3011.00,"Ambulance Drivers and Attendants, Except Emergency Medical Technicians",11,0.9090909090909091,0.0,0.09090909090909091,E0
53-3031.00,Driver/Sales Workers,12,0.75,0.0,0.25,E0
53-3032.00,Heavy and Tractor-Trailer Truck Drivers,31,0.7419354838709677,0.03225806451612903,0.22580645161290322,E0
53-3033.00,Light Truck Drivers,14,0.5,0.0,0.5,E0
53-3051.00,"Bus Drivers, School",17,0.6470588235294118,0.0,0.35294117647058826,E0
53-3052.00,"Bus Drivers, Transit and Intercity",15,0.6666666666666666,0.0,0.3333333333333333,E0
53-3053.00,Shuttle Drivers and Chauffeurs,26,0.6923076923076923,0.038461538461538464,0.2692307692307692,E0
53-3054.00,Taxi Drivers,16,0.625,0.125,0.25,E0
53-4011.00,Locomotive Engineers,15,0.6,0.06666666666666667,0.3333333333333333,E0
53-4013.00,"Rail Yard Engineers, Dinkey Operators, and Hostlers",25,0.88,0.0,0.12,E0
53-4022.00,"Railroad Brake, Signal, and Switch Operators and Locomotive Firers",28,0.8928571428571429,0.0,0.10714285714285714,E0
53-4031.00,Railroad Conductors and Yardmasters,22,0.5909090909090909,0.0,0.4090909090909091,E0
53-4041.00,Subway and Streetcar Operators,12,0.5833333333333334,0.0,0.4166666666666667,E0
53-5011.00,Sailors and Marine Oilers,28,0.9642857142857143,0.0,0.03571428571428571,E0
53-5021.00,"Captains, Mates, and Pilots of Water Vessels",30,0.6666666666666666,0.06666666666666667,0.26666666666666666,E0
53-5022.00,Motorboat Operators,17,0.7647058823529411,0.0,0.23529411764705882,E0
53-5031.00,Ship Engineers,17,0.7058823529411765,0.0,0.29411764705882354,E0
53-6011.00,Bridge and Lock Tenders,18,0.7222222222222222,0.0,0.2777777777777778,E0
53-6021.00,Parking Attendants,18,0.7777777777777778,0.05555555555555555,0.16666666666666666,E0
53-6031.00,Automotive and Watercraft Service Attendants,15,0.8,0.0,0.2,E0
53-6032.00,Aircraft Service Attendants,18,0.8888888888888888,0.1111111111111111,0.0,E0
53-6041.00,Traffic Technicians,24,0.2916666666666667,0.041666666666666664,0.6666666666666666,E2
53-6051.00,Transportation Inspectors,21,0.47619047619047616,0.047619047619047616,0.47619047619047616,E2
53-6051.01,Aviation Inspectors,15,0.6,0.13333333333333333,0.26666666666666666,E0
53-6051.07,"Transportation Vehicle, Equipment and Systems Inspectors, Except Aviation",21,0.7142857142857143,0.0,0.2857142857142857,E0
53-6061.00,Passenger Attendants,14,0.7142857142857143,0.0,0.2857142857142857,E0
53-7011.00,Conveyor Operators and Tenders,23,0.7391304347826086,0.0,0.2608695652173913,E0
53-7021.00,Crane and Tower Operators,11,0.9090909090909091,0.0,0.09090909090909091,E0
53-7031.00,Dredge Operators,6,1.0,0.0,0.0,E0
53-7041.00,Hoist and Winch Operators,13,0.8461538461538461,0.0,0.15384615384615385,E0
53-7051.00,Industrial Truck and Tractor Operators,11,0.9090909090909091,0.0,0.09090909090909091,E0
53-7061.00,Cleaners of Vehicles and Equipment,21,1.0,0.0,0.0,E0
53-7062.00,"Laborers and Freight, Stock, and Material Movers, Hand",21,0.9047619047619048,0.0,0.09523809523809523,E0
53-7062.04,Recycling and Reclamation Workers,18,0.9444444444444444,0.0,0.05555555555555555,E0
53-7063.00,Machine Feeders and Offbearers,13,0.8461538461538461,0.0,0.15384615384615385,E0
53-7064.00,"Packers and Packagers, Hand",12,0.8333333333333334,0.0,0.16666666666666666,E0
53-7065.00,Stockers and Order Fillers,30,0.7333333333333333,0.1,0.16666666666666666,E0
53-7071.00,Gas Compressor and Gas Pumping Station Operators,13,0.8461538461538461,0.0,0.15384615384615385,E0
53-7072.00,"Pump Operators, Except Wellhead Pumpers",14,0.7142857142857143,0.0,0.2857142857142857,E0
53-7073.00,Wellhead Pumpers,16,1.0,0.0,0.0,E0
53-7081.00,Refuse and Recyclable Material Collectors,16,0.625,0.125,0.25,E0
53-7121.00,"Tank Car, Truck, and Ship Loaders",19,0.7894736842105263,0.0,0.21052631578947367,E0
