model,class,precision,recall,f1,support
majority,E0,0.5458028561476838,1.0,0.7061739522307345,1567
majority,E1,0.0,0.0,0.0,431
majority,E2,0.0,0.0,0.0,873
dummy_stratified,E0,0.5303430079155673,0.5130823229100191,0.521569899448589,1567
dummy_stratified,E1,0.1475,0.1368909512761021,0.14199759326113118,431
dummy_stratified,E2,0.2942408376963351,0.3218785796105384,0.3074398249452954,873
tfidf_logreg,E0,0.7974463145676146,0.8768347160178686,0.835258358662614,1567
tfidf_logreg,E1,0.6926605504587156,0.3503480278422274,0.46533127889060094,431
tfidf_logreg,E2,0.6301075268817204,0.6712485681557846,0.6500277315585136,873
tfidf_linearsvm,E0,0.8025210084033614,0.8532227185705169,0.8270955768635941,1567
tfidf_linearsvm,E1,0.5895765472312704,0.419953596287703,0.4905149051490515,431
tfidf_linearsvm,E2,0.6291759465478842,0.6471935853379153,0.6380575945793338,873
