soc_major_group,n_tasks,n_occupations,accuracy,macro_f1,note
49,298,15,0.87248322147651,0.5287157287157287,
29,265,14,0.6943396226415094,0.6042623033133115,
51,257,11,0.9377431906614786,0.5418039059121004,
43,224,10,0.5982142857142857,0.5788456906103966,
25,222,8,0.8873873873873874,0.8768925957881955,
47,218,11,0.9174311926605505,0.46901948259342063,
17,188,9,0.5851063829787234,0.5398958647825013,
19,150,8,0.6466666666666666,0.6281602063410955,
39,139,6,0.6834532374100719,0.5448717948717948,
13,133,6,0.5413533834586466,0.5033374033374033,
11,133,7,0.631578947368421,0.5750496258970835,
15,124,6,0.6532258064516129,0.5185958512331901,
53,107,5,0.7850467289719626,0.6979088544305935,
41,87,4,0.632183908045977,0.6266576250753466,
27,76,4,0.5921052631578947,0.5867521367521368,
35,69,4,0.855072463768116,0.5749482401656315,
23,51,3,0.5294117647058824,0.31626120358514725,
31,46,3,0.9130434782608695,0.5209876543209876,
33,33,2,0.6060606060606061,0.6551924473493101,
45,22,1,0.4090909090909091,0.25813692480359146,
21,19,1,0.3684210526315789,0.32051282051282054,small_group_descriptive_only
37,10,1,0.8,0.2962962962962963,small_group_descriptive_only
