field_name,data_type,required,meaning,derivation_rule,prohibited_behavior
profile_id,string,TRUE,Scope grouping to one profile/result context.,Profile result profile_input_id/profile_id,"Never aggregate, select a preferred SOC, imply independent evidence or reduce the eligible-SOC denominator."
historical_source_id,string,TRUE,"Group key; one historical record identity, not a modern SOC.",Source trace historical_source_id,"Never aggregate, select a preferred SOC, imply independent evidence or reduce the eligible-SOC denominator."
historical_source_title,string,TRUE,Exact source label; never replace with modern title.,Source trace historical_source_title,"Never aggregate, select a preferred SOC, imply independent evidence or reduce the eligible-SOC denominator."
modern_socs,array<string>,TRUE,"Every modern SOC using this source within the profile, unique in stable candidate order.","Group all source traces by (profile_id,historical_source_id); preserve all candidate rows separately.","Never aggregate, select a preferred SOC, imply independent evidence or reduce the eligible-SOC denominator."
candidate_references,array<object>,TRUE,References to candidate SOC/title/audit rank; null ranks remain null.,Candidate results plus source trace,"Never aggregate, select a preferred SOC, imply independent evidence or reduce the eligible-SOC denominator."
relationship_edges,array<object>,TRUE,Retain relationship type/interpretation/limitation separately for EACH modern SOC-source edge.,Nested source_records; do not flatten edge-specific semantics into one group relationship.,"Never aggregate, select a preferred SOC, imply independent evidence or reduce the eligible-SOC denominator."
historical_exposure_value,number_or_null,TRUE,One unchanged source-owned value; valid zero preserved; null if invalid.,"All records for same source must agree; mismatch is validation failure, never choose/average.","Never aggregate, select a preferred SOC, imply independent evidence or reduce the eligible-SOC denominator."
source_trace_references,array<object>,TRUE,All original trace row references for reconstructability.,Source trace row index and artifact hash,"Never aggregate, select a preferred SOC, imply independent evidence or reduce the eligible-SOC denominator."
shared_within_profile,boolean,TRUE,True if at least two modern SOCs in this profile use this source; not independent confirmations.,len(modern_socs)>1,"Never aggregate, select a preferred SOC, imply independent evidence or reduce the eligible-SOC denominator."
shared_across_frozen_graph,array<string>,TRUE,Additional cross-graph SOC sharing is a separate concept from within-profile sharing.,"Source shared_with_modern_socs plus current SOC, from full V4 graph","Never aggregate, select a preferred SOC, imply independent evidence or reduce the eligible-SOC denominator."
provenance_and_limitations,object,TRUE,"Preserve source version/date only when supported, raw cell, local lineage limitations and all edge scope restrictions.",Source trace and candidate source_records,"Never aggregate, select a preferred SOC, imply independent evidence or reduce the eligible-SOC denominator."
value_available,boolean,TRUE,"Availability only, not applicability or certainty.",Source value validity; missing != zero,"Never aggregate, select a preferred SOC, imply independent evidence or reduce the eligible-SOC denominator."
