occupation_code,split,seed
11-9031.00,test,20261003
11-9199.10,test,20261003
21-2011.00,test,20261003
23-2093.00,test,20261003
25-1194.00,test,20261003
29-1127.00,test,20261003
33-9093.00,test,20261003
35-2015.00,test,20261003
43-5053.00,test,20261003
47-1011.03,test,20261003
47-2043.00,test,20261003
47-2142.00,test,20261003
49-2093.00,test,20261003
51-3021.00,test,20261003
51-9124.00,test,20261003
11-2033.00,train,20261003
11-3013.01,train,20261003
11-3031.03,train,20261003
13-1081.01,train,20261003
13-1121.00,train,20261003
13-1161.01,train,20261003
13-1199.05,train,20261003
13-2072.00,train,20261003
15-1243.00,train,20261003
15-1252.00,train,20261003
15-1299.08,train,20261003
15-2051.00,train,20261003
17-2021.00,train,20261003
17-2071.00,train,20261003
17-2112.00,train,20261003
17-3011.00,train,20261003
17-3024.00,train,20261003
17-3031.00,train,20261003
19-1023.00,train,20261003
19-3039.03,train,20261003
19-4012.00,train,20261003
19-4071.00,train,20261003
19-4099.03,train,20261003
25-1031.00,train,20261003
25-1113.00,train,20261003
25-1121.00,train,20261003
25-1126.00,train,20261003
25-2056.00,train,20261003
27-1022.00,train,20261003
27-2012.05,train,20261003
27-2022.00,train,20261003
27-3092.00,train,20261003
29-1011.00,train,20261003
29-1031.00,train,20261003
29-1071.01,train,20261003
29-1124.00,train,20261003
29-1129.01,train,20261003
29-1241.00,train,20261003
29-2099.05,train,20261003
29-9091.00,train,20261003
31-9099.01,train,20261003
33-3012.00,train,20261003
39-1022.00,train,20261003
39-9032.00,train,20261003
41-4011.00,train,20261003
41-9011.00,train,20261003
43-4061.00,train,20261003
43-5011.00,train,20261003
43-6013.00,train,20261003
43-6014.00,train,20261003
45-4022.00,train,20261003
47-2031.00,train,20261003
47-2073.00,train,20261003
49-2091.00,train,20261003
49-9031.00,train,20261003
49-9091.00,train,20261003
49-9099.01,train,20261003
51-1011.00,train,20261003
51-2092.00,train,20261003
51-6041.00,train,20261003
51-6063.00,train,20261003
51-9194.00,train,20261003
51-9196.00,train,20261003
51-9198.00,train,20261003
53-1041.00,train,20261003
53-3033.00,train,20261003
53-5031.00,train,20261003
53-6021.00,train,20261003
53-7031.00,train,20261003
53-7065.00,train,20261003
11-3013.00,validation,20261003
19-1011.00,validation,20261003
25-4011.00,validation,20261003
29-1229.01,validation,20261003
31-1133.00,validation,20261003
33-2022.00,validation,20261003
35-2012.00,validation,20261003
37-1011.00,validation,20261003
39-3091.00,validation,20261003
43-5061.00,validation,20261003
47-2152.00,validation,20261003
47-3015.00,validation,20261003
51-2051.00,validation,20261003
51-7011.00,validation,20261003
51-8099.01,validation,20261003
