task_id,task_text,normalized_task_text,task_group_id,occupation_code,occupation_title,soc_code,reviewer_1_score,reviewer_2_score,adjudicated_exposure_score,label_confidence,resolution_method,adjudication_status,label_source,not_human_ground_truth,split_key,n_source_rows,occupation_codes_all,task_ids_all
22473,"Plan, prepare, and develop various teaching aids, such as bibliographies, charts, and graphs.","plan, prepare, and develop various teaching aids, such as bibliographies, charts, and graphs",tg_003b6b86f8a84bc9,25-9042.00,"Teaching Assistants, Preschool, Elementary, Middle, and Secondary School, Except Special Education",25,0.75,0.75,0.75,1.00,identical_scores,identical,provisional_ai_weak_supervision,true,tg_003b6b86f8a84bc9,1,25-9042.00,22473
3976,Assist in laying out material for publication.,assist in laying out material for publication,tg_0076afa9a67d0619,27-3042.00,Technical Writers,27,0.50,0.50,0.50,1.00,identical_scores,identical,provisional_ai_weak_supervision,true,tg_0076afa9a67d0619,1,27-3042.00,3976
8963,Supervise and provide instructions for workers collecting and tabulating data.,supervise and provide instructions for workers collecting and tabulating data,tg_01fe9ec0462c3062,15-2041.00,Statisticians,15,0.25,0.25,0.25,1.00,identical_scores,identical,provisional_ai_weak_supervision,true,tg_01fe9ec0462c3062,1,15-2041.00,8963
19953,"Evaluate the power output, system cost, or environmental impact of new hydrogen or non-hydrogen fuel cell system designs.","evaluate the power output, system cost, or environmental impact of new hydrogen or non-hydrogen fuel cell system designs",tg_02b1b779f9dc9c8c,17-2141.01,Fuel Cell Engineers,17,0.50,0.50,0.50,1.00,identical_scores,identical,provisional_ai_weak_supervision,true,tg_02b1b779f9dc9c8c,1,17-2141.01,19953
736,Explain necessary bookkeeping requirements for customer to implement and provide group insurance program.,explain necessary bookkeeping requirements for customer to implement and provide group insurance program,tg_02d417729d91f8aa,41-3021.00,Insurance Sales Agents,41,0.25,0.50,0.25,0.85,deterministic_mean_snap,deterministic_mean,provisional_ai_weak_supervision,true,tg_02d417729d91f8aa,1,41-3021.00,736
7272,"Apply for federal funding for emergency-management-related needs, and administer and report on the progress of such grants.","apply for federal funding for emergency-management-related needs, and administer and report on the progress of such grants",tg_038d2804b12146e5,11-9161.00,Emergency Management Directors,11,0.50,0.50,0.50,1.00,identical_scores,identical,provisional_ai_weak_supervision,true,tg_038d2804b12146e5,1,11-9161.00,7272
22469,Operate and maintain audio-visual equipment.,operate and maintain audio-visual equipment,tg_03ad1ab1c676ec68,25-9042.00,"Teaching Assistants, Preschool, Elementary, Middle, and Secondary School, Except Special Education",25,0.00,0.25,0.00,0.85,deterministic_mean_snap,deterministic_mean,provisional_ai_weak_supervision,true,tg_03ad1ab1c676ec68,1,25-9042.00,22469
11788,"Dismantle meters, and replace or adjust defective parts such as cases, shafts, gears, disks, and recording mechanisms, using soldering irons and hand tools.","dismantle meters, and replace or adjust defective parts such as cases, shafts, gears, disks, and recording mechanisms, using soldering irons and hand tools",tg_03f4e527e51b0d7e,49-9012.00,"Control and Valve Installers and Repairers, Except Mechanical Door",49,0.00,0.00,0.00,1.00,identical_scores,identical,provisional_ai_weak_supervision,true,tg_03f4e527e51b0d7e,1,49-9012.00,11788
21367,Plan or implement improvements to internal or external systems or processes.,plan or implement improvements to internal or external systems or processes,tg_04b0d21afd068426,11-3071.00,"Transportation, Storage, and Distribution Managers",11,0.50,0.50,0.50,1.00,identical_scores,identical,provisional_ai_weak_supervision,true,tg_04b0d21afd068426,1,11-3071.00,21367
11027,"Locate performers or extras for crowd and background scenes, and stand-ins or photo doubles for actors, by direct contact or through agents.","locate performers or extras for crowd and background scenes, and stand-ins or photo doubles for actors, by direct contact or through agents",tg_04b3be9efad0e304,27-2012.04,Talent Directors,27,0.25,0.25,0.25,1.00,identical_scores,identical,provisional_ai_weak_supervision,true,tg_04b3be9efad0e304,1,27-2012.04,11027
13994,Shackle hind legs of animals to raise them for slaughtering or skinning.,shackle hind legs of animals to raise them for slaughtering or skinning,tg_098dcba808a5f90d,51-3023.00,Slaughterers and Meat Packers,51,0.00,0.00,0.00,1.00,identical_scores,identical,provisional_ai_weak_supervision,true,tg_098dcba808a5f90d,1,51-3023.00,13994
778,"Receive and route messages or documents, such as laboratory results, to appropriate staff.","receive and route messages or documents, such as laboratory results, to appropriate staff",tg_09b0dfd9f842b735,43-6013.00,Medical Secretaries and Administrative Assistants,43,0.75,0.75,0.75,1.00,identical_scores,identical,provisional_ai_weak_supervision,true,tg_09b0dfd9f842b735,1,43-6013.00,778
14099,Test machinery to ensure proper functioning before beginning production.,test machinery to ensure proper functioning before beginning production,tg_09cfeadcf8dca892,51-6042.00,Shoe Machine Operators and Tenders,51,0.00,0.25,0.00,0.85,deterministic_mean_snap,deterministic_mean,provisional_ai_weak_supervision,true,tg_09cfeadcf8dca892,1,51-6042.00,14099
21934,Locate and identify symbols on topographical surveys to denote geological and geophysical formations or oil field installations.,locate and identify symbols on topographical surveys to denote geological and geophysical formations or oil field installations,tg_0a02f6b18c8cd788,17-3011.00,Architectural and Civil Drafters,17,0.50,0.50,0.50,1.00,identical_scores,identical,provisional_ai_weak_supervision,true,tg_0a02f6b18c8cd788,1,17-3011.00,21934
6938,"Remove diseased tissue, using surgical instruments.","remove diseased tissue, using surgical instruments",tg_0b826a11689cf60a,29-1021.00,"Dentists, General",29,0.00,0.00,0.00,1.00,identical_scores,identical,provisional_ai_weak_supervision,true,tg_0b826a11689cf60a,1,29-1021.00,6938
11789,Advise customers on proper installation of valves or regulators and related equipment.,advise customers on proper installation of valves or regulators and related equipment,tg_0c6eef2f05553642,49-9012.00,"Control and Valve Installers and Repairers, Except Mechanical Door",49,0.25,0.25,0.25,1.00,identical_scores,identical,provisional_ai_weak_supervision,true,tg_0c6eef2f05553642,1,49-9012.00,11789
1915,"Prepare standard volumetric solutions or reagents to be combined with samples, following standardized formulas or experimental procedures.","prepare standard volumetric solutions or reagents to be combined with samples, following standardized formulas or experimental procedures",tg_0f53ebf1a7234ac6,29-2012.00,Medical and Clinical Laboratory Technicians,29,0.00,0.25,0.00,0.85,deterministic_mean_snap,deterministic_mean,provisional_ai_weak_supervision,true,tg_0f53ebf1a7234ac6,1,29-2012.00,1915
1224,Organize registration of event participants.,organize registration of event participants,tg_0ff986eae5098877,13-1121.00,"Meeting, Convention, and Event Planners",13,0.75,0.75,0.75,1.00,identical_scores,identical,provisional_ai_weak_supervision,true,tg_0ff986eae5098877,1,13-1121.00,1224
640,"Update and maintain customer information records, such as beauty services provided.","update and maintain customer information records, such as beauty services provided",tg_11026df00aba8ed2,39-5012.00,"Hairdressers, Hairstylists, and Cosmetologists",39,0.75,0.75,0.75,1.00,identical_scores,identical,provisional_ai_weak_supervision,true,tg_11026df00aba8ed2,1,39-5012.00,640
3140,"Package the product in the form in which it will be sent out, for example, filling bags with flour from a chute or spout.","package the product in the form in which it will be sent out, for example, filling bags with flour from a chute or spout",tg_121fa1850d5f9665,51-9111.00,Packaging and Filling Machine Operators and Tenders,51,0.00,0.00,0.00,1.00,identical_scores,identical,provisional_ai_weak_supervision,true,tg_121fa1850d5f9665,1,51-9111.00,3140
16998,"Manipulate raw data to enhance interpretation, either on the ground or during remote sensing flights.","manipulate raw data to enhance interpretation, either on the ground or during remote sensing flights",tg_126a8aa84207f03c,19-4099.03,Remote Sensing Technicians,19,0.50,0.50,0.50,1.00,identical_scores,identical,provisional_ai_weak_supervision,true,tg_126a8aa84207f03c,1,19-4099.03,16998
4510,Press diaphragm to evacuate air from lungs.,press diaphragm to evacuate air from lungs,tg_13551a56fce38d05,39-4011.00,Embalmers,39,0.00,0.00,0.00,1.00,identical_scores,identical,provisional_ai_weak_supervision,true,tg_13551a56fce38d05,1,39-4011.00,4510
17709,"Analyze or manipulate bioinformatics data using software packages, statistical applications, or data mining techniques.","analyze or manipulate bioinformatics data using software packages, statistical applications, or data mining techniques",tg_13b679aa27a2b213,15-2099.01,Bioinformatics Technicians,15,0.50,0.75,0.50,0.85,deterministic_mean_snap,deterministic_mean,provisional_ai_weak_supervision,true,tg_13b679aa27a2b213,1,15-2099.01,17709
17487,"Provide, or refer patients to other providers for, education or counseling on topics such as genetic testing, newborn care, contraception, or breastfeeding.","provide, or refer patients to other providers for, education or counseling on topics such as genetic testing, newborn care, contraception, or breastfeeding",tg_13c27e5f882759cf,29-9099.01,Midwives,29,0.25,0.25,0.25,1.00,identical_scores,identical,provisional_ai_weak_supervision,true,tg_13c27e5f882759cf,1,29-9099.01,17487
16849,"Provide analytical support for policy briefs related to renewable energy, energy efficiency, or climate change.","provide analytical support for policy briefs related to renewable energy, energy efficiency, or climate change",tg_18215a149e0cf321,19-2041.01,Climate Change Policy Analysts,19,0.50,0.50,0.50,1.00,identical_scores,identical,provisional_ai_weak_supervision,true,tg_18215a149e0cf321,1,19-2041.01,16849
18559,Answer customer questions regarding problems with their accounts.,answer customer questions regarding problems with their accounts,tg_18adab771fa4b460,43-3011.00,Bill and Account Collectors,43,0.50,0.50,0.50,1.00,identical_scores,identical,provisional_ai_weak_supervision,true,tg_18adab771fa4b460,1,43-3011.00,18559
18675,Participate in conferences or training to update or share knowledge of new hearing or balance disorder treatment methods or technologies.,participate in conferences or training to update or share knowledge of new hearing or balance disorder treatment methods or technologies,tg_18d2dba480ee6022,29-1181.00,Audiologists,29,0.00,0.25,0.00,0.85,deterministic_mean_snap,deterministic_mean,provisional_ai_weak_supervision,true,tg_18d2dba480ee6022,1,29-1181.00,18675
23816,"Maintain boats or equipment on board, such as engines, winches, navigational systems, fire extinguishers, or life preservers.","maintain boats or equipment on board, such as engines, winches, navigational systems, fire extinguishers, or life preservers",tg_1c3edea77664f4b7,53-5021.00,"Captains, Mates, and Pilots of Water Vessels",53,0.00,0.00,0.00,1.00,identical_scores,identical,provisional_ai_weak_supervision,true,tg_1c3edea77664f4b7,1,53-5021.00,23816
1758,"Explain and demonstrate the use of sports and training equipment, such as trampolines or weights.","explain and demonstrate the use of sports and training equipment, such as trampolines or weights",tg_1dce85be430e5b77,27-2022.00,Coaches and Scouts,27,0.00,0.25,0.00,0.85,deterministic_mean_snap,deterministic_mean,provisional_ai_weak_supervision,true,tg_1dce85be430e5b77,1,27-2022.00,1758
7,Confer or consult with department heads to plan advertising services and to secure information on equipment and customer specifications.,confer or consult with department heads to plan advertising services and to secure information on equipment and customer specifications,tg_1fd2f5c63e6e5647,11-2022.00,Sales Managers,11,0.25,0.25,0.25,1.00,identical_scores,identical,provisional_ai_weak_supervision,true,tg_1fd2f5c63e6e5647,1,11-2022.00,7
22001,Conduct statistical studies to analyze or compare production costs for sustainable or nonsustainable designs.,conduct statistical studies to analyze or compare production costs for sustainable or nonsustainable designs,tg_2055265c6f97a48f,17-3023.00,Electrical and Electronic Engineering Technologists and Technicians,17,0.50,0.75,0.50,0.85,deterministic_mean_snap,deterministic_mean,provisional_ai_weak_supervision,true,tg_2055265c6f97a48f,1,17-3023.00,22001
20523,Determine the effects of regulatory limitations on land use projects.,determine the effects of regulatory limitations on land use projects,tg_2087fa9156229067,19-3051.00,Urban and Regional Planners,19,0.50,0.50,0.50,1.00,identical_scores,identical,provisional_ai_weak_supervision,true,tg_2087fa9156229067,1,19-3051.00,20523
13535,Sand or patch nicks or cracks in plasterboard or wallboard.,sand or patch nicks or cracks in plasterboard or wallboard,tg_215bc6df7725e8d4,47-2082.00,Tapers,47,0.00,0.00,0.00,1.00,identical_scores,identical,provisional_ai_weak_supervision,true,tg_215bc6df7725e8d4,1,47-2082.00,13535
9591,"Care for established lawns by mulching, aerating, weeding, grubbing, removing thatch, or trimming or edging around flower beds, walks, or walls.","care for established lawns by mulching, aerating, weeding, grubbing, removing thatch, or trimming or edging around flower beds, walks, or walls",tg_23242fc4883e173d,37-3011.00,Landscaping and Groundskeeping Workers,37,0.00,0.00,0.00,1.00,identical_scores,identical,provisional_ai_weak_supervision,true,tg_23242fc4883e173d,1,37-3011.00,9591
19625,Prepare or present public briefings on the status of environmental engineering projects.,prepare or present public briefings on the status of environmental engineering projects,tg_237ef8f2e5c4f28e,17-2081.00,Environmental Engineers,17,0.50,0.50,0.50,1.00,identical_scores,identical,provisional_ai_weak_supervision,true,tg_237ef8f2e5c4f28e,1,17-2081.00,19625
16785,"Direct the work of technicians and information technology staff applying bioinformatics tools or applications in areas such as proteomics, transcriptomics, metabolomics, or clinical bioinformatics.","direct the work of technicians and information technology staff applying bioinformatics tools or applications in areas such as proteomics, transcriptomics, metabolomics, or clinical bioinformatics",tg_24c53408a6b060c3,19-1029.01,Bioinformatics Scientists,19,0.25,0.25,0.25,1.00,identical_scores,identical,provisional_ai_weak_supervision,true,tg_24c53408a6b060c3,1,19-1029.01,16785
259,Investigate child abuse or neglect cases and take authorized protective action when necessary.,investigate child abuse or neglect cases and take authorized protective action when necessary,tg_27d8a68730bab961,21-1022.00,Healthcare Social Workers,21,0.25,0.25,0.25,1.00,identical_scores,identical,provisional_ai_weak_supervision,true,tg_27d8a68730bab961,1,21-1022.00,259
18361,"Manage patients' airway or pulmonary status, using techniques such as endotracheal intubation, mechanical ventilation, pharmacological support, respiratory therapy, and extubation.","manage patients' airway or pulmonary status, using techniques such as endotracheal intubation, mechanical ventilation, pharmacological support, respiratory therapy, and extubation",tg_283dba30c717adb5,29-1151.00,Nurse Anesthetists,29,0.00,0.00,0.00,1.00,identical_scores,identical,provisional_ai_weak_supervision,true,tg_283dba30c717adb5,1,29-1151.00,18361
6172,"Prepare and deliver lectures to undergraduate or graduate students on topics such as collection development, archival methods, and indexing and abstracting.","prepare and deliver lectures to undergraduate or graduate students on topics such as collection development, archival methods, and indexing and abstracting",tg_28b16016846edc34,25-1082.00,"Library Science Teachers, Postsecondary",25,0.25,0.25,0.25,1.00,identical_scores,identical,provisional_ai_weak_supervision,true,tg_28b16016846edc34,1,25-1082.00,6172
23446,"Remove damaged or defective parts or sections of structures and repair or replace, using hand tools.","remove damaged or defective parts or sections of structures and repair or replace, using hand tools",tg_298d3f2ec1c51f20,47-2031.00,Carpenters,47,0.00,0.00,0.00,1.00,identical_scores,identical,provisional_ai_weak_supervision,true,tg_298d3f2ec1c51f20,1,47-2031.00,23446
1019,Prepare training budget for department or organization.,prepare training budget for department or organization,tg_2a2d02675a616a43,11-3131.00,Training and Development Managers,11,0.50,0.50,0.50,1.00,identical_scores,identical,provisional_ai_weak_supervision,true,tg_2a2d02675a616a43,1,11-3131.00,1019
17217,Identify groups at risk for specific preventable diseases or injuries.,identify groups at risk for specific preventable diseases or injuries,tg_2dc0b932f9a099c9,29-1229.05,Preventive Medicine Physicians,29,0.50,0.50,0.50,1.00,identical_scores,identical,provisional_ai_weak_supervision,true,tg_2dc0b932f9a099c9,1,29-1229.05,17217
6160,"Conduct research in a particular field of knowledge and publish findings in professional journals, books, or electronic media.","conduct research in a particular field of knowledge and publish findings in professional journals, books, or electronic media",tg_2f1b996667a4a799,25-1081.00,"Education Teachers, Postsecondary",25,0.50,0.50,0.50,1.00,identical_scores,identical,provisional_ai_weak_supervision,true,tg_2f1b996667a4a799,1,25-1081.00,6160
16599,"Set up mechanical, hydraulic, or electric test equipment in accordance with engineering specifications, standards, or test procedures.","set up mechanical, hydraulic, or electric test equipment in accordance with engineering specifications, standards, or test procedures",tg_30080587e202c4e0,17-3027.01,Automotive Engineering Technicians,17,0.00,0.25,0.00,0.85,deterministic_mean_snap,deterministic_mean,provisional_ai_weak_supervision,true,tg_30080587e202c4e0,1,17-3027.01,16599
22015,"Modify, maintain, or repair electrical, electronic, or mechanical components, equipment, or systems to ensure proper functioning.","modify, maintain, or repair electrical, electronic, or mechanical components, equipment, or systems to ensure proper functioning",tg_32960d88ae988e1f,17-3024.00,Electro-Mechanical and Mechatronics Technologists and Technicians,17,0.00,0.00,0.00,1.00,identical_scores,identical,provisional_ai_weak_supervision,true,tg_32960d88ae988e1f,1,17-3024.00,22015
1008,Conduct orientation sessions and arrange on-the-job training for new hires.,conduct orientation sessions and arrange on-the-job training for new hires,tg_345e16b68b6d593d,11-3131.00,Training and Development Managers,11,0.25,0.25,0.25,1.00,identical_scores,identical,provisional_ai_weak_supervision,true,tg_345e16b68b6d593d,1,11-3131.00,1008
7661,"Construct puppets and ventriloquist dummies, and sew accessory clothing, using hand tools and machines.","construct puppets and ventriloquist dummies, and sew accessory clothing, using hand tools and machines",tg_35269e9b236d9333,27-2011.00,Actors,27,0.00,0.00,0.00,1.00,identical_scores,identical,provisional_ai_weak_supervision,true,tg_35269e9b236d9333,1,27-2011.00,7661
17029,"Maintain records of students' assessment results, progress, feedback, or school performance, ensuring confidentiality of all records.","maintain records of students' assessment results, progress, feedback, or school performance, ensuring confidentiality of all records",tg_372b70648e504757,25-3041.00,Tutors,25,0.75,0.75,0.75,1.00,identical_scores,identical,provisional_ai_weak_supervision,true,tg_372b70648e504757,1,25-3041.00,17029
11070,Provide new-employee health and safety orientations and develop materials for these presentations.,provide new-employee health and safety orientations and develop materials for these presentations,tg_372f15d99fc5dee7,19-5011.00,Occupational Health and Safety Specialists,19,0.50,0.25,0.25,0.85,deterministic_mean_snap,deterministic_mean,provisional_ai_weak_supervision,true,tg_372f15d99fc5dee7,1,19-5011.00,11070
20495,"Analyze electronics system requirements, capacity, cost, or customer needs to determine project feasibility.","analyze electronics system requirements, capacity, cost, or customer needs to determine project feasibility",tg_377f1cfdfe9ff646,17-2072.00,"Electronics Engineers, Except Computer",17,0.50,0.50,0.50,1.00,identical_scores,identical,provisional_ai_weak_supervision,true,tg_377f1cfdfe9ff646,1,17-2072.00,20495
13863,Install pilings or footings for piers or bridges.,install pilings or footings for piers or bridges,tg_381956b151e30d58,49-9092.00,Commercial Divers,49,0.00,0.00,0.00,1.00,identical_scores,identical,provisional_ai_weak_supervision,true,tg_381956b151e30d58,1,49-9092.00,13863
6592,"Use computers, audio-visual aids, and other equipment and materials to supplement presentations.","use computers, audio-visual aids, and other equipment and materials to supplement presentations",tg_38372a1b783e95c5,25-2022.00,"Middle School Teachers, Except Special and Career/Technical Education",25,0.25,0.25,0.25,1.00,identical_scores,identical,provisional_ai_weak_supervision,true,tg_38372a1b783e95c5,1,25-2022.00,6592
4056,Verify key numbers and time codes on materials.,verify key numbers and time codes on materials,tg_38e082dc8a26baa3,27-4032.00,Film and Video Editors,27,0.75,0.75,0.75,1.00,identical_scores,identical,provisional_ai_weak_supervision,true,tg_38e082dc8a26baa3,1,27-4032.00,4056
5066,"Prepare dough, following recipe.","prepare dough, following recipe",tg_38e171afd7666930,35-2011.00,"Cooks, Fast Food",35,0.00,0.00,0.00,1.00,identical_scores,identical,provisional_ai_weak_supervision,true,tg_38e171afd7666930,1,35-2011.00,5066
10175,"Set up, operate, or tend metal or plastic molding, casting, or coremaking machines to mold or cast metal or thermoplastic parts or products.","set up, operate, or tend metal or plastic molding, casting, or coremaking machines to mold or cast metal or thermoplastic parts or products",tg_3a0d70031498a580,51-4072.00,"Molding, Coremaking, and Casting Machine Setters, Operators, and Tenders, Metal and Plastic",51,0.00,0.00,0.00,1.00,identical_scores,identical,provisional_ai_weak_supervision,true,tg_3a0d70031498a580,1,51-4072.00,10175
15381,Develop methodologies to assess the viability or success of sustainability initiatives.,develop methodologies to assess the viability or success of sustainability initiatives,tg_3a90f8f75ebfcdef,11-1011.03,Chief Sustainability Officers,11,0.50,0.50,0.50,1.00,identical_scores,identical,provisional_ai_weak_supervision,true,tg_3a90f8f75ebfcdef,1,11-1011.03,15381
16135,"Maintain library of model documents, templates, or other reusable knowledge assets.","maintain library of model documents, templates, or other reusable knowledge assets",tg_3bb19660f2a38293,15-2051.01,Business Intelligence Analysts,15,0.75,0.75,0.75,1.00,identical_scores,identical,provisional_ai_weak_supervision,true,tg_3bb19660f2a38293,1,15-2051.01,16135
20491,"Plan and design transportation or hydraulic systems or structures, using computer-assisted design or drawing tools.","plan and design transportation or hydraulic systems or structures, using computer-assisted design or drawing tools",tg_3cce46fc9e39c9fb,17-2051.00,Civil Engineers,17,0.50,0.50,0.50,1.00,identical_scores,identical,provisional_ai_weak_supervision,true,tg_3cce46fc9e39c9fb,1,17-2051.00,20491
23654,Clean equipment and work areas.,clean equipment and work areas,tg_3d96db0f64e10a72,51-9124.00,"Coating, Painting, and Spraying Machine Setters, Operators, and Tenders",51,0.00,0.00,0.00,1.00,identical_scores,identical,provisional_ai_weak_supervision,true,tg_3d96db0f64e10a72,1,51-9124.00,23654
17266,Supervise the rehabilitation of injured athletes.,supervise the rehabilitation of injured athletes,tg_41f9a41557fd53ec,29-1229.06,Sports Medicine Physicians,29,0.25,0.25,0.25,1.00,identical_scores,identical,provisional_ai_weak_supervision,true,tg_41f9a41557fd53ec,1,29-1229.06,17266
17553,Prepare plans to intercept foreign communications transmissions.,prepare plans to intercept foreign communications transmissions,tg_42677bf2348a08b4,33-3021.06,Intelligence Analysts,33,0.50,0.50,0.50,1.00,identical_scores,identical,provisional_ai_weak_supervision,true,tg_42677bf2348a08b4,1,33-3021.06,17553
6294,"Plan, evaluate, and revise curricula, course content, course materials, and methods of instruction.","plan, evaluate, and revise curricula, course content, course materials, and methods of instruction",tg_4364a3426fe82750,25-1122.00,"Communications Teachers, Postsecondary",25,0.50,0.50,0.50,1.00,identical_scores,identical,provisional_ai_weak_supervision,true,tg_4364a3426fe82750,1,25-1122.00,6294
13235,Arrange buying parties and solicit sponsorship of such parties to sell merchandise.,arrange buying parties and solicit sponsorship of such parties to sell merchandise,tg_43c1024c654da64f,41-9091.00,"Door-to-Door Sales Workers, News and Street Vendors, and Related Workers",41,0.25,0.25,0.25,1.00,identical_scores,identical,provisional_ai_weak_supervision,true,tg_43c1024c654da64f,1,41-9091.00,13235
17113,"Counsel patients or others on the background of neurological disorders including risk factors, or genetic or environmental concerns.","counsel patients or others on the background of neurological disorders including risk factors, or genetic or environmental concerns",tg_4472cfec7bb2a190,29-1217.00,Neurologists,29,0.25,0.25,0.25,1.00,identical_scores,identical,provisional_ai_weak_supervision,true,tg_4472cfec7bb2a190,1,29-1217.00,17113
7009,Accept credit applications and verify credit references to provide check-cashing authorization or to establish house credit accounts.,accept credit applications and verify credit references to provide check-cashing authorization or to establish house credit accounts,tg_44b036c8e810d845,41-2012.00,Gambling Change Persons and Booth Cashiers,41,0.50,0.75,0.50,0.85,deterministic_mean_snap,deterministic_mean,provisional_ai_weak_supervision,true,tg_44b036c8e810d845,1,41-2012.00,7009
24051,"Use forklifts or cranes to move construction material, such as rebar.","use forklifts or cranes to move construction material, such as rebar",tg_453cb98ad08e27fe,47-2171.00,Reinforcing Iron and Rebar Workers,47,0.00,0.00,0.00,1.00,identical_scores,identical,provisional_ai_weak_supervision,true,tg_453cb98ad08e27fe,1,47-2171.00,24051
22210,Design or implement rehabilitation plans for patients with cognitive dysfunction.,design or implement rehabilitation plans for patients with cognitive dysfunction,tg_4561f62f31539c82,19-3039.03,Clinical Neuropsychologists,19,0.25,0.50,0.25,0.85,deterministic_mean_snap,deterministic_mean,provisional_ai_weak_supervision,true,tg_4561f62f31539c82,1,19-3039.03,22210
14317,"Patrol units to monitor the amount of oil in storage tanks, and to verify that activities and operations are safe, efficient, and in compliance with regulations.","patrol units to monitor the amount of oil in storage tanks, and to verify that activities and operations are safe, efficient, and in compliance with regulations",tg_45e8cb204b937fea,51-8093.00,"Petroleum Pump System Operators, Refinery Operators, and Gaugers",51,0.00,0.00,0.00,1.00,identical_scores,identical,provisional_ai_weak_supervision,true,tg_45e8cb204b937fea,1,51-8093.00,14317
12177,"Measure parts, such as sleeves or pant legs, and mark or pin-fold alteration lines.","measure parts, such as sleeves or pant legs, and mark or pin-fold alteration lines",tg_469636df6377752f,51-6052.00,"Tailors, Dressmakers, and Custom Sewers",51,0.00,0.00,0.00,1.00,identical_scores,identical,provisional_ai_weak_supervision,true,tg_469636df6377752f,1,51-6052.00,12177
22533,Compose and edit scripts or provide screenwriters with story outlines from which scripts can be written.,compose and edit scripts or provide screenwriters with story outlines from which scripts can be written,tg_482b6c3d985f1731,27-2012.00,Producers and Directors,27,0.50,0.50,0.50,1.00,identical_scores,identical,provisional_ai_weak_supervision,true,tg_482b6c3d985f1731,1,27-2012.00,22533
21056,"Document photonics system or component design processes, including objectives, issues, or outcomes.","document photonics system or component design processes, including objectives, issues, or outcomes",tg_483518245578fae2,17-2199.07,Photonics Engineers,17,0.50,0.75,0.50,0.85,deterministic_mean_snap,deterministic_mean,provisional_ai_weak_supervision,true,tg_483518245578fae2,1,17-2199.07,21056
1767,Confer with production or support personnel to produce or coordinate production of advertisements or promotions.,confer with production or support personnel to produce or coordinate production of advertisements or promotions,tg_48e95c53360de1ec,27-3031.00,Public Relations Specialists,27,0.25,0.25,0.25,1.00,identical_scores,identical,provisional_ai_weak_supervision,true,tg_48e95c53360de1ec,1,27-3031.00,1767
18384,"Diagnose or treat chronic health care problems, such as high blood pressure and diabetes.","diagnose or treat chronic health care problems, such as high blood pressure and diabetes",tg_4906aa713f532c1f,29-1171.00,Nurse Practitioners,29,0.25,0.25,0.25,1.00,identical_scores,identical,provisional_ai_weak_supervision,true,tg_4906aa713f532c1f,1,29-1171.00,18384
17243,"Obtain patients' histories from electronic records, patient interviews, dictated reports, or by communicating with referring clinicians.","obtain patients' histories from electronic records, patient interviews, dictated reports, or by communicating with referring clinicians",tg_4c266cf2376e79ed,29-1224.00,Radiologists,29,0.50,0.50,0.50,1.00,identical_scores,identical,provisional_ai_weak_supervision,true,tg_4c266cf2376e79ed,1,29-1224.00,17243
21432,Confer with legal counsel on claims requiring litigation.,confer with legal counsel on claims requiring litigation,tg_4c6dcdcb1e2f328d,13-1031.00,"Claims Adjusters, Examiners, and Investigators",13,0.25,0.25,0.25,1.00,identical_scores,identical,provisional_ai_weak_supervision,true,tg_4c6dcdcb1e2f328d,1,13-1031.00,21432
13730,Confer with customers to determine the nature of malfunctions.,confer with customers to determine the nature of malfunctions,tg_4f1b4547c4e084ad,49-2096.00,"Electronic Equipment Installers and Repairers, Motor Vehicles",49,0.25,0.25,0.25,1.00,identical_scores,identical,provisional_ai_weak_supervision,true,tg_4f1b4547c4e084ad,1,49-2096.00,13730
3327,Develop or implement quality control programs.,develop or implement quality control programs,tg_4f515e166d3d1293,11-9021.00,Construction Managers,11,0.50,0.50,0.50,1.00,identical_scores,identical,provisional_ai_weak_supervision,true,tg_4f515e166d3d1293,1,11-9021.00,3327
3568,"Select or develop mineral location, extraction, and production methods, based on factors such as safety, cost, and deposit characteristics.","select or develop mineral location, extraction, and production methods, based on factors such as safety, cost, and deposit characteristics",tg_4f9a1be930ff76e4,17-2151.00,"Mining and Geological Engineers, Including Mining Safety Engineers",17,0.50,0.50,0.50,1.00,identical_scores,identical,provisional_ai_weak_supervision,true,tg_4f9a1be930ff76e4,1,17-2151.00,3568
11232,"Connect hoses and nozzles selected according to terrain, distribution pattern requirements, types of infestations, and velocities.","connect hoses and nozzles selected according to terrain, distribution pattern requirements, types of infestations, and velocities",tg_500329c373240fcb,37-3012.00,"Pesticide Handlers, Sprayers, and Applicators, Vegetation",37,0.00,0.00,0.00,1.00,identical_scores,identical,provisional_ai_weak_supervision,true,tg_500329c373240fcb,1,37-3012.00,11232
16171,Develop and manage work breakdown structure (WBS) of information technology projects.,develop and manage work breakdown structure (wbs) of information technology projects,tg_5178b43fbc3b856e,15-1299.09,Information Technology Project Managers,15,0.50,0.50,0.50,1.00,identical_scores,identical,provisional_ai_weak_supervision,true,tg_5178b43fbc3b856e,1,15-1299.09,16171
15864,Direct the work of logistics analysts.,direct the work of logistics analysts,tg_51b1bd6d9f7cca5a,13-1081.01,Logistics Engineers,13,0.25,0.25,0.25,1.00,identical_scores,identical,provisional_ai_weak_supervision,true,tg_51b1bd6d9f7cca5a,1,13-1081.01,15864
843,"Prepare meeting agendas, attend meetings, and record and transcribe minutes.","prepare meeting agendas, attend meetings, and record and transcribe minutes",tg_541f274f788aec91,43-9061.00,"Office Clerks, General",43,0.75,0.50,0.50,0.85,deterministic_mean_snap,deterministic_mean,provisional_ai_weak_supervision,true,tg_541f274f788aec91,1,43-9061.00,843
19465,Create prints according to customer specifications and laboratory protocols.,create prints according to customer specifications and laboratory protocols,tg_551837e53a6be89b,51-9151.00,Photographic Process Workers and Processing Machine Operators,51,0.50,0.50,0.50,1.00,identical_scores,identical,provisional_ai_weak_supervision,true,tg_551837e53a6be89b,1,51-9151.00,19465
22952,"Order materials or supplies, such as keys, uniforms, and badges.","order materials or supplies, such as keys, uniforms, and badges",tg_5591b6131e1a9866,33-1091.00,First-Line Supervisors of Security Workers,33,0.50,0.75,0.50,0.85,deterministic_mean_snap,deterministic_mean,provisional_ai_weak_supervision,true,tg_5591b6131e1a9866,1,33-1091.00,22952
9435,"Monitor behavior of subordinates to ensure alert, courteous, and professional behavior toward inmates, parolees, fellow employees, visitors, and the public.","monitor behavior of subordinates to ensure alert, courteous, and professional behavior toward inmates, parolees, fellow employees, visitors, and the public",tg_5676b9f9d750b7e9,33-1011.00,First-Line Supervisors of Correctional Officers,33,0.00,0.00,0.00,1.00,identical_scores,identical,provisional_ai_weak_supervision,true,tg_5676b9f9d750b7e9,1,33-1011.00,9435
6895,Implement and maintain configuration control systems.,implement and maintain configuration control systems,tg_567d16c7aebd0f8e,27-1014.00,Special Effects Artists and Animators,27,0.50,0.75,0.50,0.85,deterministic_mean_snap,deterministic_mean,provisional_ai_weak_supervision,true,tg_567d16c7aebd0f8e,1,27-1014.00,6895
22507,"Provide students with disabilities with assistive devices, supportive technology, and assistance accessing facilities, such as restrooms.","provide students with disabilities with assistive devices, supportive technology, and assistance accessing facilities, such as restrooms",tg_56c015c9105193f3,25-9043.00,"Teaching Assistants, Special Education",25,0.00,0.00,0.00,1.00,identical_scores,identical,provisional_ai_weak_supervision,true,tg_56c015c9105193f3,1,25-9043.00,22507
6096,Compile bibliographies of specialized materials for outside reading assignments.,compile bibliographies of specialized materials for outside reading assignments,tg_57673982de0c1d7a,25-1067.00,"Sociology Teachers, Postsecondary",25,0.75,0.75,0.75,1.00,identical_scores,identical,provisional_ai_weak_supervision,true,tg_57673982de0c1d7a,1,25-1067.00,6096
10770,"Clean, lubricate, and maintain mechanisms such as cables, pulleys, or grappling devices, making repairs, as necessary.","clean, lubricate, and maintain mechanisms such as cables, pulleys, or grappling devices, making repairs, as necessary",tg_576b5f67734b7ed6,53-7021.00,Crane and Tower Operators,53,0.00,0.00,0.00,1.00,identical_scores,identical,provisional_ai_weak_supervision,true,tg_576b5f67734b7ed6,1,53-7021.00,10770
1598,Develop and implement treatment plans based on clinical experience and knowledge.,develop and implement treatment plans based on clinical experience and knowledge,tg_57d843402910bc9b,21-1014.00,Mental Health Counselors,21,0.25,0.50,0.25,0.85,deterministic_mean_snap,deterministic_mean,provisional_ai_weak_supervision,true,tg_57d843402910bc9b,1,21-1014.00,1598
2690,Process and review employment applications to evaluate qualifications or eligibility of applicants.,process and review employment applications to evaluate qualifications or eligibility of applicants,tg_5920ef95b15ec953,43-4161.00,"Human Resources Assistants, Except Payroll and Timekeeping",43,0.50,0.50,0.50,1.00,identical_scores,identical,provisional_ai_weak_supervision,true,tg_5920ef95b15ec953,1,43-4161.00,2690
16563,Test or evaluate photovoltaic (PV) cells or modules.,test or evaluate photovoltaic (pv) cells or modules,tg_59789bd5033f3cbf,17-2199.11,Solar Energy Systems Engineers,17,0.25,0.25,0.25,1.00,identical_scores,identical,provisional_ai_weak_supervision,true,tg_59789bd5033f3cbf,1,17-2199.11,16563
20821,Operate forklifts to deliver materials.,operate forklifts to deliver materials,tg_5a146b3b0b530417,51-4031.00,"Cutting, Punching, and Press Machine Setters, Operators, and Tenders, Metal and Plastic",51,0.00,0.00,0.00,1.00,identical_scores,identical,provisional_ai_weak_supervision,true,tg_5a146b3b0b530417,1,51-4031.00,20821
19382,"Organize or clean blood-drawing trays, ensuring that all instruments are sterile and all needles, syringes, or related items are of first-time use.","organize or clean blood-drawing trays, ensuring that all instruments are sterile and all needles, syringes, or related items are of first-time use",tg_5bdd147cd1a9dd63,31-9097.00,Phlebotomists,31,0.00,0.00,0.00,1.00,identical_scores,identical,provisional_ai_weak_supervision,true,tg_5bdd147cd1a9dd63,1,31-9097.00,19382
12751,Observe tracks to detect obstructions.,observe tracks to detect obstructions,tg_5d044d06af4b5e9e,53-4011.00,Locomotive Engineers,53,0.00,0.00,0.00,1.00,identical_scores,identical,provisional_ai_weak_supervision,true,tg_5d044d06af4b5e9e,1,53-4011.00,12751
14686,"Research, test, or verify proper functioning of software patches and fixes.","research, test, or verify proper functioning of software patches and fixes",tg_5d39a760f45ed242,15-1299.08,Computer Systems Engineers/Architects,15,0.50,0.75,0.50,0.85,deterministic_mean_snap,deterministic_mean,provisional_ai_weak_supervision,true,tg_5d39a760f45ed242,1,15-1299.08,14686
19142,"Communicate client assessment findings and recommendations in oral, written, audio, video, or other forms.","communicate client assessment findings and recommendations in oral, written, audio, video, or other forms",tg_5edcd4bc7bc138b2,29-1129.01,Art Therapists,29,0.50,0.50,0.50,1.00,identical_scores,identical,provisional_ai_weak_supervision,true,tg_5edcd4bc7bc138b2,1,29-1129.01,19142
6838,Prepare and implement remedial programs for students requiring extra help.,prepare and implement remedial programs for students requiring extra help,tg_5f83e0e5e894a48e,25-3011.00,"Adult Basic Education, Adult Secondary Education, and English as a Second Language Instructors",25,0.25,0.25,0.25,1.00,identical_scores,identical,provisional_ai_weak_supervision,true,tg_5f83e0e5e894a48e,1,25-3011.00,6838
15476,"Inspect biomass gasification processes, equipment, and facilities for ways to maximize capacity and minimize operating costs.","inspect biomass gasification processes, equipment, and facilities for ways to maximize capacity and minimize operating costs",tg_613f56c3ea458c48,11-3051.04,Biomass Power Plant Managers,11,0.25,0.25,0.25,1.00,identical_scores,identical,provisional_ai_weak_supervision,true,tg_613f56c3ea458c48,1,11-3051.04,15476
18003,"Provide direct care by performing comprehensive health assessments, developing differential diagnoses, conducting specialized tests, or prescribing medications or treatments.","provide direct care by performing comprehensive health assessments, developing differential diagnoses, conducting specialized tests, or prescribing medications or treatments",tg_61ee458268d5fd31,29-1141.04,Clinical Nurse Specialists,29,0.00,0.25,0.00,0.85,deterministic_mean_snap,deterministic_mean,provisional_ai_weak_supervision,true,tg_61ee458268d5fd31,1,29-1141.04,18003
7135,"Test appliances for conformance to specifications and accuracy of occlusion, using articulators and micrometers.","test appliances for conformance to specifications and accuracy of occlusion, using articulators and micrometers",tg_64f4b767b08495cf,51-9081.00,Dental Laboratory Technicians,51,0.00,0.25,0.00,0.85,deterministic_mean_snap,deterministic_mean,provisional_ai_weak_supervision,true,tg_64f4b767b08495cf,1,51-9081.00,7135
4213,"Show customers how to insert, remove, and care for their contact lenses.","show customers how to insert, remove, and care for their contact lenses",tg_6514aae46b1fec84,29-2081.00,"Opticians, Dispensing",29,0.00,0.00,0.00,1.00,identical_scores,identical,provisional_ai_weak_supervision,true,tg_6514aae46b1fec84,1,29-2081.00,4213
3546,"Conduct research in surveying and mapping methods, using knowledge of photogrammetric map compilation and electronic data processing.","conduct research in surveying and mapping methods, using knowledge of photogrammetric map compilation and electronic data processing",tg_65bac16e3025ead9,17-1022.00,Surveyors,17,0.50,0.50,0.50,1.00,identical_scores,identical,provisional_ai_weak_supervision,true,tg_65bac16e3025ead9,1,17-1022.00,3546
9922,"Repair and service blasting, shooting, and automotive equipment, and electrical wiring and instruments, using hand tools.","repair and service blasting, shooting, and automotive equipment, and electrical wiring and instruments, using hand tools",tg_6698630ddef4ed5c,47-5032.00,"Explosives Workers, Ordnance Handling Experts, and Blasters",47,0.00,0.00,0.00,1.00,identical_scores,identical,provisional_ai_weak_supervision,true,tg_6698630ddef4ed5c,1,47-5032.00,9922
2840,"Cut carpet padding to size and install padding, following prescribed method.","cut carpet padding to size and install padding, following prescribed method",tg_66bfcfd851549038,47-2041.00,Carpet Installers,47,0.00,0.00,0.00,1.00,identical_scores,identical,provisional_ai_weak_supervision,true,tg_66bfcfd851549038,1,47-2041.00,2840
19388,"Determine donor suitability, according to interview results, vital signs, and medical history.","determine donor suitability, according to interview results, vital signs, and medical history",tg_68706f28b236a5b3,31-9097.00,Phlebotomists,31,0.25,0.25,0.25,1.00,identical_scores,identical,provisional_ai_weak_supervision,true,tg_68706f28b236a5b3,1,31-9097.00,19388
17657,"Assess sites to determine suitability for solar equipment, using equipment such as tape measures, compasses, and computer software.","assess sites to determine suitability for solar equipment, using equipment such as tape measures, compasses, and computer software",tg_6960f63360ce7774,41-4011.07,Solar Sales Representatives and Assessors,41,0.25,0.25,0.25,1.00,identical_scores,identical,provisional_ai_weak_supervision,true,tg_6960f63360ce7774,1,41-4011.07,17657
16908,"Develop environmental research project plans, including information on budgets, goals, deliverables, timelines, and resource requirements.","develop environmental research project plans, including information on budgets, goals, deliverables, timelines, and resource requirements",tg_6991161ab94d93e9,19-3011.01,Environmental Economists,19,0.50,0.50,0.50,1.00,identical_scores,identical,provisional_ai_weak_supervision,true,tg_6991161ab94d93e9,1,19-3011.01,16908
18904,"Train managers or supervisors on topics related to labor relations, such as working conditions, safety, or equal opportunity practices.","train managers or supervisors on topics related to labor relations, such as working conditions, safety, or equal opportunity practices",tg_6c1a91f039b6495d,13-1075.00,Labor Relations Specialists,13,0.25,0.25,0.25,1.00,identical_scores,identical,provisional_ai_weak_supervision,true,tg_6c1a91f039b6495d,1,13-1075.00,18904
7247,Review repair cost estimates with automobile repair shop to secure agreement on cost of repairs.,review repair cost estimates with automobile repair shop to secure agreement on cost of repairs,tg_7092892cc29f6b4e,13-1032.00,"Insurance Appraisers, Auto Damage",13,0.50,0.50,0.50,1.00,identical_scores,identical,provisional_ai_weak_supervision,true,tg_7092892cc29f6b4e,1,13-1032.00,7247
2569,"Carry out special services for customers, such as ordering bank cards and checks.","carry out special services for customers, such as ordering bank cards and checks",tg_713fa11d6cbf92bb,43-3071.00,Tellers,43,0.25,0.50,0.25,0.85,deterministic_mean_snap,deterministic_mean,provisional_ai_weak_supervision,true,tg_713fa11d6cbf92bb,1,43-3071.00,2569
11872,"String instruments, and adjust trusses and bridges of instruments to obtain specified string tensions and heights.","string instruments, and adjust trusses and bridges of instruments to obtain specified string tensions and heights",tg_71b501f85415c9c1,49-9063.00,Musical Instrument Repairers and Tuners,49,0.00,0.00,0.00,1.00,identical_scores,identical,provisional_ai_weak_supervision,true,tg_71b501f85415c9c1,1,49-9063.00,11872
2478,"Persuade customers to pay amounts due on credit accounts, damage claims, or nonpayable checks, or to return merchandise.","persuade customers to pay amounts due on credit accounts, damage claims, or nonpayable checks, or to return merchandise",tg_71f6263087242cc4,43-3011.00,Bill and Account Collectors,43,0.25,0.25,0.25,1.00,identical_scores,identical,provisional_ai_weak_supervision,true,tg_71f6263087242cc4,1,43-3011.00,2478
1,Resolve customer complaints regarding sales and service.,resolve customer complaints regarding sales and service,tg_724ccf4ab7c07955,11-2022.00,Sales Managers,11,0.25,0.50,0.25,0.85,deterministic_mean_snap,deterministic_mean,provisional_ai_weak_supervision,true,tg_724ccf4ab7c07955,1,11-2022.00,1
11748,"Analyze test data to diagnose malfunctions, to determine performance characteristics of systems, or to evaluate effects of system modifications.","analyze test data to diagnose malfunctions, to determine performance characteristics of systems, or to evaluate effects of system modifications",tg_743d9c1a1df8102d,49-2095.00,"Electrical and Electronics Repairers, Powerhouse, Substation, and Relay",49,0.50,0.50,0.50,1.00,identical_scores,identical,provisional_ai_weak_supervision,true,tg_743d9c1a1df8102d,1,49-2095.00,11748
6993,Chaperone group-sponsored trips and social functions.,chaperone group-sponsored trips and social functions,tg_758aab4baf82e977,39-9041.00,Residential Advisors,39,0.00,0.00,0.00,1.00,identical_scores,identical,provisional_ai_weak_supervision,true,tg_758aab4baf82e977,1,39-9041.00,6993
951,"Identify, develop, or evaluate marketing strategy, based on knowledge of establishment objectives, market characteristics, and cost and markup factors.","identify, develop, or evaluate marketing strategy, based on knowledge of establishment objectives, market characteristics, and cost and markup factors",tg_75d54f0b0495f198,11-2021.00,Marketing Managers,11,0.50,0.50,0.50,1.00,identical_scores,identical,provisional_ai_weak_supervision,true,tg_75d54f0b0495f198,1,11-2021.00,951
6636,"Attend staff meetings and serve on committees, as required.","attend staff meetings and serve on committees, as required",tg_774f5b40b171de36,25-2023.00,"Career/Technical Education Teachers, Middle School",25,0.00,0.25,0.00,0.85,deterministic_mean_snap,deterministic_mean,provisional_ai_weak_supervision,true,tg_774f5b40b171de36,1,25-2023.00,6636
18614,"Review reports and proposals, such as those relating to land use classifications and recreational development, for accuracy, adequacy, or adherence to policies, regulations, or scientific standards.","review reports and proposals, such as those relating to land use classifications and recreational development, for accuracy, adequacy, or adherence to policies, regulations, or scientific standards",tg_77b3987c5e7eee8f,19-1029.04,Biologists,19,0.50,0.50,0.50,1.00,identical_scores,identical,provisional_ai_weak_supervision,true,tg_77b3987c5e7eee8f,1,19-1029.04,18614
6112,Advise students on academic and vocational curricula and on career issues.,advise students on academic and vocational curricula and on career issues,tg_7858efe2beda4acf,25-1071.00,"Health Specialties Teachers, Postsecondary",25,0.25,0.25,0.25,1.00,identical_scores,identical,provisional_ai_weak_supervision,true,tg_7858efe2beda4acf,2,25-1071.00|25-1122.00,6112|6297
7169,Attach ropes or cable lines to bitts on lock decks or wharfs to secure vessels.,attach ropes or cable lines to bitts on lock decks or wharfs to secure vessels,tg_7984b2bebef1e802,53-6011.00,Bridge and Lock Tenders,53,0.00,0.00,0.00,1.00,identical_scores,identical,provisional_ai_weak_supervision,true,tg_7984b2bebef1e802,1,53-6011.00,7169
12206,"Compute dimensions of patterns according to sizes, considering stretching of material.","compute dimensions of patterns according to sizes, considering stretching of material",tg_7addb06a30687e80,51-6092.00,Fabric and Apparel Patternmakers,51,0.50,0.75,0.50,0.85,deterministic_mean_snap,deterministic_mean,provisional_ai_weak_supervision,true,tg_7addb06a30687e80,1,51-6092.00,12206
22588,"Audition for orchestras, bands, or other musical groups.","audition for orchestras, bands, or other musical groups",tg_7b189d23d35ada7b,27-2042.00,Musicians and Singers,27,0.00,0.00,0.00,1.00,identical_scores,identical,provisional_ai_weak_supervision,true,tg_7b189d23d35ada7b,1,27-2042.00,22588
22261,Supervise other food science technicians.,supervise other food science technicians,tg_7d1fae273313edf4,19-4013.00,Food Science Technicians,19,0.25,0.25,0.25,1.00,identical_scores,identical,provisional_ai_weak_supervision,true,tg_7d1fae273313edf4,1,19-4013.00,22261
15954,Create or administer training and awareness presentations or materials.,create or administer training and awareness presentations or materials,tg_8151819f0cabf172,13-1199.04,Business Continuity Planners,13,0.50,0.50,0.50,1.00,identical_scores,identical,provisional_ai_weak_supervision,true,tg_8151819f0cabf172,1,13-1199.04,15954
12184,"Fit, alter, repair, and make made-to-measure clothing, according to customers' and clothing manufacturers' specifications and fit, and applying principles of garment design, construction, and styling.","fit, alter, repair, and make made-to-measure clothing, according to customers' and clothing manufacturers' specifications and fit, and applying principles of garment design, construction, and styling",tg_816b65cf66bd0fb8,51-6052.00,"Tailors, Dressmakers, and Custom Sewers",51,0.00,0.00,0.00,1.00,identical_scores,identical,provisional_ai_weak_supervision,true,tg_816b65cf66bd0fb8,1,51-6052.00,12184
21205,"Determine amount of air leakage in buildings, using a blower door machine.","determine amount of air leakage in buildings, using a blower door machine",tg_8287a368197aa207,47-4099.03,Weatherization Installers and Technicians,47,0.25,0.25,0.25,1.00,identical_scores,identical,provisional_ai_weak_supervision,true,tg_8287a368197aa207,1,47-4099.03,21205
13624,"Align posts, by lines or sighting, and verify vertical alignment of posts, using plumb bobs or spirit levels.","align posts, by lines or sighting, and verify vertical alignment of posts, using plumb bobs or spirit levels",tg_82c616b82e9a4586,47-4031.00,Fence Erectors,47,0.00,0.00,0.00,1.00,identical_scores,identical,provisional_ai_weak_supervision,true,tg_82c616b82e9a4586,1,47-4031.00,13624
2281,Prepare checks that itemize and total meal costs and sales taxes.,prepare checks that itemize and total meal costs and sales taxes,tg_832b758094c05282,35-3031.00,Waiters and Waitresses,35,0.75,1.00,0.75,0.85,deterministic_mean_snap,deterministic_mean,provisional_ai_weak_supervision,true,tg_832b758094c05282,1,35-3031.00,2281
6229,"Perform administrative duties, such as serving as department head.","perform administrative duties, such as serving as department head",tg_84841454a489377b,25-1112.00,"Law Teachers, Postsecondary",25,0.25,0.25,0.25,1.00,identical_scores,identical,provisional_ai_weak_supervision,true,tg_84841454a489377b,1,25-1112.00,6229
2721,"Test and adjust communication and alarm systems, and report malfunctions to maintenance units.","test and adjust communication and alarm systems, and report malfunctions to maintenance units",tg_84fd1e92e7e82512,43-5031.00,Public Safety Telecommunicators,43,0.25,0.25,0.25,1.00,identical_scores,identical,provisional_ai_weak_supervision,true,tg_84fd1e92e7e82512,1,43-5031.00,2721
16063,"Review and evaluate requests from engineers, managers, and technicians for system modifications.","review and evaluate requests from engineers, managers, and technicians for system modifications",tg_85588fb5363c4d5c,15-1241.01,Telecommunications Engineering Specialists,15,0.50,0.50,0.50,1.00,identical_scores,identical,provisional_ai_weak_supervision,true,tg_85588fb5363c4d5c,1,15-1241.01,16063
8632,"Plan, design, and improve components of traffic control systems to accommodate current or projected traffic and to increase usability and efficiency.","plan, design, and improve components of traffic control systems to accommodate current or projected traffic and to increase usability and efficiency",tg_8652e8bd910eb5ee,53-6041.00,Traffic Technicians,53,0.50,0.50,0.50,1.00,identical_scores,identical,provisional_ai_weak_supervision,true,tg_8652e8bd910eb5ee,1,53-6041.00,8632
2397,Serve as liaison between park or recreation administrators and activity instructors.,serve as liaison between park or recreation administrators and activity instructors,tg_875c59fc6f4a04f8,39-9032.00,Recreation Workers,39,0.25,0.25,0.25,1.00,identical_scores,identical,provisional_ai_weak_supervision,true,tg_875c59fc6f4a04f8,1,39-9032.00,2397
10126,Turn valves to start flow of coolant against cutting areas or to start airflow that blows cuttings away from kerfs.,turn valves to start flow of coolant against cutting areas or to start airflow that blows cuttings away from kerfs,tg_87af3f010f0c6009,51-4031.00,"Cutting, Punching, and Press Machine Setters, Operators, and Tenders, Metal and Plastic",51,0.00,0.00,0.00,1.00,identical_scores,identical,provisional_ai_weak_supervision,true,tg_87af3f010f0c6009,1,51-4031.00,10126
18701,Attend care plan meetings to review patient progress and update care plans.,attend care plan meetings to review patient progress and update care plans,tg_880b9cc7958ec7ac,31-2011.00,Occupational Therapy Assistants,31,0.50,0.50,0.50,1.00,identical_scores,identical,provisional_ai_weak_supervision,true,tg_880b9cc7958ec7ac,1,31-2011.00,18701
11473,"Mop, brush, or spread paints, cleaning solutions, or other compounds over surfaces to clean them or to provide protection.","mop, brush, or spread paints, cleaning solutions, or other compounds over surfaces to clean them or to provide protection",tg_881ba36c5f029f4a,47-2061.00,Construction Laborers,47,0.00,0.00,0.00,1.00,identical_scores,identical,provisional_ai_weak_supervision,true,tg_881ba36c5f029f4a,1,47-2061.00,11473
3245,Represent company at trade association meetings to promote products.,represent company at trade association meetings to promote products,tg_884e7658600172a9,11-2011.00,Advertising and Promotions Managers,11,0.00,0.25,0.00,0.85,deterministic_mean_snap,deterministic_mean,provisional_ai_weak_supervision,true,tg_884e7658600172a9,1,11-2011.00,3245
1283,Enter commands and observe system functioning to verify correct operations and detect errors.,enter commands and observe system functioning to verify correct operations and detect errors,tg_89b2573b1f46b9a3,15-1232.00,Computer User Support Specialists,15,0.50,0.75,0.50,0.85,deterministic_mean_snap,deterministic_mean,provisional_ai_weak_supervision,true,tg_89b2573b1f46b9a3,1,15-1232.00,1283
20749,"Organize or engage in interfaith, community, civic, educational, or recreational activities sponsored by or related to religious programs.","organize or engage in interfaith, community, civic, educational, or recreational activities sponsored by or related to religious programs",tg_89e61b0ae5529bbc,21-2011.00,Clergy,21,0.00,0.25,0.00,0.85,deterministic_mean_snap,deterministic_mean,provisional_ai_weak_supervision,true,tg_89e61b0ae5529bbc,1,21-2011.00,20749
5467,"Collect data about the attitudes, values, and behaviors of people in groups, using observation, interviews, and review of documents.","collect data about the attitudes, values, and behaviors of people in groups, using observation, interviews, and review of documents",tg_8a6302606b7727fd,19-3041.00,Sociologists,19,0.25,0.25,0.25,1.00,identical_scores,identical,provisional_ai_weak_supervision,true,tg_8a6302606b7727fd,1,19-3041.00,5467
19444,Design original or special bindings for limited editions or other custom binding projects.,design original or special bindings for limited editions or other custom binding projects,tg_8bddd11dd5bca001,51-5113.00,Print Binding and Finishing Workers,51,0.25,0.25,0.25,1.00,identical_scores,identical,provisional_ai_weak_supervision,true,tg_8bddd11dd5bca001,1,51-5113.00,19444
10678,"Receive, relay, and act upon instructions and inquiries from train operations and customer service center personnel.","receive, relay, and act upon instructions and inquiries from train operations and customer service center personnel",tg_8f000630af8fcfe1,53-4013.00,"Rail Yard Engineers, Dinkey Operators, and Hostlers",53,0.25,0.25,0.25,1.00,identical_scores,identical,provisional_ai_weak_supervision,true,tg_8f000630af8fcfe1,1,53-4013.00,10678
15434,Communicate geothermal plant conditions to employees.,communicate geothermal plant conditions to employees,tg_91d8c57ec186cdcc,11-3051.02,Geothermal Production Managers,11,0.50,0.50,0.50,1.00,identical_scores,identical,provisional_ai_weak_supervision,true,tg_91d8c57ec186cdcc,1,11-3051.02,15434
10071,"Push racks or carts to transfer products to storage, cooling stations, or the next stage of processing.","push racks or carts to transfer products to storage, cooling stations, or the next stage of processing",tg_92c5ce5c30e6ce1a,51-3091.00,"Food and Tobacco Roasting, Baking, and Drying Machine Operators and Tenders",51,0.00,0.00,0.00,1.00,identical_scores,identical,provisional_ai_weak_supervision,true,tg_92c5ce5c30e6ce1a,1,51-3091.00,10071
15108,"Split gems along pre-marked lines to remove imperfections, using blades and jewelers' hammers.","split gems along pre-marked lines to remove imperfections, using blades and jewelers' hammers",tg_93737de5c5f98484,51-9071.06,Gem and Diamond Workers,51,0.00,0.00,0.00,1.00,identical_scores,identical,provisional_ai_weak_supervision,true,tg_93737de5c5f98484,1,51-9071.06,15108
1839,"Maintain accurate, detailed reports and records.","maintain accurate, detailed reports and records",tg_94efca50abd67843,29-1141.00,Registered Nurses,29,0.50,0.75,0.50,0.85,deterministic_mean_snap,deterministic_mean,provisional_ai_weak_supervision,true,tg_94efca50abd67843,1,29-1141.00,1839
7039,"Select tree seedlings, prepare the ground, or plant the trees in reforestation areas, using manual planting tools.","select tree seedlings, prepare the ground, or plant the trees in reforestation areas, using manual planting tools",tg_95194d1ff8f8b3bd,45-4011.00,Forest and Conservation Workers,45,0.00,0.00,0.00,1.00,identical_scores,identical,provisional_ai_weak_supervision,true,tg_95194d1ff8f8b3bd,1,45-4011.00,7039
17888,Oversee recycling pick-up or drop-off programs to ensure compliance with community ordinances.,oversee recycling pick-up or drop-off programs to ensure compliance with community ordinances,tg_958c44a37c234340,53-1042.01,Recycling Coordinators,53,0.25,0.25,0.25,1.00,identical_scores,identical,provisional_ai_weak_supervision,true,tg_958c44a37c234340,1,53-1042.01,17888
22955,"Schedule training or drills for emergencies, such as fires, bombs, and other threats.","schedule training or drills for emergencies, such as fires, bombs, and other threats",tg_95f587e1cc9ecc24,33-1091.00,First-Line Supervisors of Security Workers,33,0.50,0.50,0.50,1.00,identical_scores,identical,provisional_ai_weak_supervision,true,tg_95f587e1cc9ecc24,1,33-1091.00,22955
23835,Climb ladders to reach aircraft surfaces to be cleaned.,climb ladders to reach aircraft surfaces to be cleaned,tg_96f229e58f94faf5,53-6032.00,Aircraft Service Attendants,53,0.00,0.00,0.00,1.00,identical_scores,identical,provisional_ai_weak_supervision,true,tg_96f229e58f94faf5,1,53-6032.00,23835
23349,"Confer with managers to evaluate weather or soil conditions, to develop plans or procedures, or to discuss issues such as changes in fertilizers, herbicides, or cultivating techniques.","confer with managers to evaluate weather or soil conditions, to develop plans or procedures, or to discuss issues such as changes in fertilizers, herbicides, or cultivating techniques",tg_97121fa04e23733e,45-1011.00,"First-Line Supervisors of Farming, Fishing, and Forestry Workers",45,0.25,0.25,0.25,1.00,identical_scores,identical,provisional_ai_weak_supervision,true,tg_97121fa04e23733e,1,45-1011.00,23349
3792,Probate wills and represent and advise executors and administrators of estates.,probate wills and represent and advise executors and administrators of estates,tg_9765759f216c9f8b,23-1011.00,Lawyers,23,0.50,0.50,0.50,1.00,identical_scores,identical,provisional_ai_weak_supervision,true,tg_9765759f216c9f8b,1,23-1011.00,3792
20329,"Optimize digital assets, such as text, graphics, or multimedia assets, for search engine optimization (SEO) or for display and usability on internet-connected devices.","optimize digital assets, such as text, graphics, or multimedia assets, for search engine optimization (seo) or for display and usability on internet-connected devices",tg_9826bce4786d2cf7,13-1161.01,Search Marketing Strategists,13,0.75,0.75,0.75,1.00,identical_scores,identical,provisional_ai_weak_supervision,true,tg_9826bce4786d2cf7,1,13-1161.01,20329
16426,Conduct research studies to develop new concepts in the field of automotive engineering.,conduct research studies to develop new concepts in the field of automotive engineering,tg_98e3503a6ca2fe45,17-2141.02,Automotive Engineers,17,0.50,0.50,0.50,1.00,identical_scores,identical,provisional_ai_weak_supervision,true,tg_98e3503a6ca2fe45,1,17-2141.02,16426
7572,"Analyze data, using statistical methods and applications, to evaluate the outcomes and effectiveness of workplace programs.","analyze data, using statistical methods and applications, to evaluate the outcomes and effectiveness of workplace programs",tg_9907feb8b1985500,19-3032.00,Industrial-Organizational Psychologists,19,0.50,0.75,0.50,0.85,deterministic_mean_snap,deterministic_mean,provisional_ai_weak_supervision,true,tg_9907feb8b1985500,1,19-3032.00,7572
7625,"Conduct hearings to review and decide claims regarding issues, such as social program eligibility, environmental protection, or enforcement of health and safety regulations.","conduct hearings to review and decide claims regarding issues, such as social program eligibility, environmental protection, or enforcement of health and safety regulations",tg_9b85f81fc8a9ae8c,23-1021.00,"Administrative Law Judges, Adjudicators, and Hearing Officers",23,0.25,0.25,0.25,1.00,identical_scores,identical,provisional_ai_weak_supervision,true,tg_9b85f81fc8a9ae8c,1,23-1021.00,7625
2545,"Maintain knowledge of all organizational and governmental rules affecting purchases, and provide information about these rules to organization staff members and to vendors.","maintain knowledge of all organizational and governmental rules affecting purchases, and provide information about these rules to organization staff members and to vendors",tg_9d8774ebee51bd4b,43-3061.00,Procurement Clerks,43,0.50,0.50,0.50,1.00,identical_scores,identical,provisional_ai_weak_supervision,true,tg_9d8774ebee51bd4b,1,43-3061.00,2545
9919,Cut specified lengths of primacord and attach primers to cord ends.,cut specified lengths of primacord and attach primers to cord ends,tg_9ea35194ff4b0fde,47-5032.00,"Explosives Workers, Ordnance Handling Experts, and Blasters",47,0.00,0.00,0.00,1.00,identical_scores,identical,provisional_ai_weak_supervision,true,tg_9ea35194ff4b0fde,1,47-5032.00,9919
9460,Investigate applications for duty refunds and petition for remission or mitigation of penalties when warranted.,investigate applications for duty refunds and petition for remission or mitigation of penalties when warranted,tg_a14e0e64d1d7587f,33-3051.04,Customs and Border Protection Officers,33,0.50,0.50,0.50,1.00,identical_scores,identical,provisional_ai_weak_supervision,true,tg_a14e0e64d1d7587f,1,33-3051.04,9460
21660,"Write and code logical and physical database descriptions, and specify identifiers of database to management system or direct others in coding descriptions.","write and code logical and physical database descriptions, and specify identifiers of database to management system or direct others in coding descriptions",tg_a22c22e4b9f83e1f,15-1243.00,Database Architects,15,0.75,0.75,0.75,1.00,identical_scores,identical,provisional_ai_weak_supervision,true,tg_a22c22e4b9f83e1f,1,15-1243.00,21660
18339,Compile and analyze data obtained from monitoring or diagnostic tests.,compile and analyze data obtained from monitoring or diagnostic tests,tg_a4b5831358cf7566,29-1141.03,Critical Care Nurses,29,0.50,0.50,0.50,1.00,identical_scores,identical,provisional_ai_weak_supervision,true,tg_a4b5831358cf7566,1,29-1141.03,18339
19771,Review work plans to determine the effectiveness of activities for mitigating soil or groundwater contamination.,review work plans to determine the effectiveness of activities for mitigating soil or groundwater contamination,tg_a646cef33d34e572,19-2042.00,"Geoscientists, Except Hydrologists and Geographers",19,0.50,0.50,0.50,1.00,identical_scores,identical,provisional_ai_weak_supervision,true,tg_a646cef33d34e572,1,19-2042.00,19771
5424,"Plan, administer and evaluate health safety standards and programs to improve public health, conferring with health department, industry personnel, physicians, and others.","plan, administer and evaluate health safety standards and programs to improve public health, conferring with health department, industry personnel, physicians, and others",tg_a7d6128df6fcfabc,19-1041.00,Epidemiologists,19,0.50,0.50,0.50,1.00,identical_scores,identical,provisional_ai_weak_supervision,true,tg_a7d6128df6fcfabc,1,19-1041.00,5424
18714,"Perform various financial activities, such as cash handling, deposit preparation, and payroll.","perform various financial activities, such as cash handling, deposit preparation, and payroll",tg_a7dd52b3dc8c0c5e,35-1012.00,First-Line Supervisors of Food Preparation and Serving Workers,35,0.25,0.25,0.25,1.00,identical_scores,identical,provisional_ai_weak_supervision,true,tg_a7dd52b3dc8c0c5e,1,35-1012.00,18714
2048,Greet customers and help them locate merchandise.,greet customers and help them locate merchandise,tg_a7fdf47f81558b03,31-9095.00,Pharmacy Aides,31,0.00,0.25,0.00,0.85,deterministic_mean_snap,deterministic_mean,provisional_ai_weak_supervision,true,tg_a7fdf47f81558b03,1,31-9095.00,2048
19177,"Plan or structure music therapy sessions to achieve appropriate transitions, pacing, sequencing, energy level, or intensity in accordance with treatment plans.","plan or structure music therapy sessions to achieve appropriate transitions, pacing, sequencing, energy level, or intensity in accordance with treatment plans",tg_a8f568e3af70db60,29-1129.02,Music Therapists,29,0.50,0.50,0.50,1.00,identical_scores,identical,provisional_ai_weak_supervision,true,tg_a8f568e3af70db60,1,29-1129.02,19177
18087,Recommend energy-efficient technologies or alternate energy sources.,recommend energy-efficient technologies or alternate energy sources,tg_a96bd76feeca4bf7,47-4011.01,Energy Auditors,47,0.50,0.50,0.50,1.00,identical_scores,identical,provisional_ai_weak_supervision,true,tg_a96bd76feeca4bf7,1,47-4011.01,18087
21929,"Determine procedures and instructions to be followed, according to design specifications and quantity of required materials.","determine procedures and instructions to be followed, according to design specifications and quantity of required materials",tg_a9b520567ef83b40,17-3011.00,Architectural and Civil Drafters,17,0.50,0.50,0.50,1.00,identical_scores,identical,provisional_ai_weak_supervision,true,tg_a9b520567ef83b40,1,17-3011.00,21929
2522,Keep informed about changes in tax and deduction laws that apply to the payroll process.,keep informed about changes in tax and deduction laws that apply to the payroll process,tg_aa12860d37ba9ca6,43-3051.00,Payroll and Timekeeping Clerks,43,0.50,0.75,0.50,0.85,deterministic_mean_snap,deterministic_mean,provisional_ai_weak_supervision,true,tg_aa12860d37ba9ca6,1,43-3051.00,2522
974,Control operational budget and expenditures.,control operational budget and expenditures,tg_ab54d1f7b791e009,11-3021.00,Computer and Information Systems Managers,11,0.50,0.50,0.50,1.00,identical_scores,identical,provisional_ai_weak_supervision,true,tg_ab54d1f7b791e009,1,11-3021.00,974
13140,Train workers in proper operational procedures and functions and explain company policies.,train workers in proper operational procedures and functions and explain company policies,tg_ac093a19e9b0613b,39-1022.00,First-Line Supervisors of Personal Service Workers,39,0.25,0.25,0.25,1.00,identical_scores,identical,provisional_ai_weak_supervision,true,tg_ac093a19e9b0613b,1,39-1022.00,13140
12233,"Set up, operate, and adjust a variety of woodworking machines such as bandsaws and lathes to cut and shape sections, parts, and patterns, according to specifications.","set up, operate, and adjust a variety of woodworking machines such as bandsaws and lathes to cut and shape sections, parts, and patterns, according to specifications",tg_ac6fd9f45e1ec738,51-7032.00,"Patternmakers, Wood",51,0.00,0.00,0.00,1.00,identical_scores,identical,provisional_ai_weak_supervision,true,tg_ac6fd9f45e1ec738,1,51-7032.00,12233
22324,"Decontaminate objects by cleaning them using soap or solvents or by abrading using brushes, buffing machines, or sandblasting machines.","decontaminate objects by cleaning them using soap or solvents or by abrading using brushes, buffing machines, or sandblasting machines",tg_ae5e9ac6c3947c66,19-4051.00,Nuclear Technicians,19,0.00,0.00,0.00,1.00,identical_scores,identical,provisional_ai_weak_supervision,true,tg_ae5e9ac6c3947c66,1,19-4051.00,22324
22817,Provide assistance to physicians or other technologists in the performance of more complex procedures.,provide assistance to physicians or other technologists in the performance of more complex procedures,tg_b2ff162f7e6f1f20,29-2034.00,Radiologic Technologists and Technicians,29,0.00,0.00,0.00,1.00,identical_scores,identical,provisional_ai_weak_supervision,true,tg_b2ff162f7e6f1f20,1,29-2034.00,22817
7403,"Specify power supply requirements and configuration, drawing on system performance expectations and design specifications.","specify power supply requirements and configuration, drawing on system performance expectations and design specifications",tg_b3f519242d97a7c9,17-2061.00,Computer Hardware Engineers,17,0.50,0.50,0.50,1.00,identical_scores,identical,provisional_ai_weak_supervision,true,tg_b3f519242d97a7c9,1,17-2061.00,7403
6677,"Plan and conduct activities for a balanced program of instruction, demonstration, and work time that provides students with opportunities to observe, question, and investigate.","plan and conduct activities for a balanced program of instruction, demonstration, and work time that provides students with opportunities to observe, question, and investigate",tg_b3fbdee3f6eef210,25-2032.00,"Career/Technical Education Teachers, Secondary School",25,0.25,0.25,0.25,1.00,identical_scores,identical,provisional_ai_weak_supervision,true,tg_b3fbdee3f6eef210,1,25-2032.00,6677
4927,"Select and measure or weigh ingredients, using English or metric measures and balance scales.","select and measure or weigh ingredients, using english or metric measures and balance scales",tg_b47498c0b8c07b48,51-3092.00,Food Batchmakers,51,0.00,0.00,0.00,1.00,identical_scores,identical,provisional_ai_weak_supervision,true,tg_b47498c0b8c07b48,1,51-3092.00,4927
94,"Present information with a variety of instructional techniques or formats, such as role playing, simulations, team exercises, group discussions, videos, or lectures.","present information with a variety of instructional techniques or formats, such as role playing, simulations, team exercises, group discussions, videos, or lectures",tg_b5b8f197ca8deeb7,13-1151.00,Training and Development Specialists,13,0.25,0.25,0.25,1.00,identical_scores,identical,provisional_ai_weak_supervision,true,tg_b5b8f197ca8deeb7,1,13-1151.00,94
1470,Report maintenance problems occurring at project site to supervisor and negotiate changes to resolve system conflicts.,report maintenance problems occurring at project site to supervisor and negotiate changes to resolve system conflicts,tg_b6a9ce0f9431b266,17-3022.00,Civil Engineering Technologists and Technicians,17,0.25,0.25,0.25,1.00,identical_scores,identical,provisional_ai_weak_supervision,true,tg_b6a9ce0f9431b266,1,17-3022.00,1470
4450,Stand behind a gaming table and deal the appropriate number of cards to each player.,stand behind a gaming table and deal the appropriate number of cards to each player,tg_b84a8cc11ad5b0f8,39-3011.00,Gambling Dealers,39,0.00,0.00,0.00,1.00,identical_scores,identical,provisional_ai_weak_supervision,true,tg_b84a8cc11ad5b0f8,1,39-3011.00,4450
11751,"Disconnect voltage regulators, bolts, and screws, and connect replacement regulators to high-voltage lines.","disconnect voltage regulators, bolts, and screws, and connect replacement regulators to high-voltage lines",tg_ba5d0730438943e0,49-2095.00,"Electrical and Electronics Repairers, Powerhouse, Substation, and Relay",49,0.00,0.00,0.00,1.00,identical_scores,identical,provisional_ai_weak_supervision,true,tg_ba5d0730438943e0,1,49-2095.00,11751
6661,"Confer with other staff members to plan and schedule lessons promoting learning, following approved curricula.","confer with other staff members to plan and schedule lessons promoting learning, following approved curricula",tg_baf585d0132d117e,25-2031.00,"Secondary School Teachers, Except Special and Career/Technical Education",25,0.25,0.25,0.25,1.00,identical_scores,identical,provisional_ai_weak_supervision,true,tg_baf585d0132d117e,1,25-2031.00,6661
1593,Guide clients in the development of skills or strategies for dealing with their problems.,guide clients in the development of skills or strategies for dealing with their problems,tg_bb569a0a094bfc40,21-1014.00,Mental Health Counselors,21,0.25,0.25,0.25,1.00,identical_scores,identical,provisional_ai_weak_supervision,true,tg_bb569a0a094bfc40,1,21-1014.00,1593
7535,Direct the operations of a planetarium.,direct the operations of a planetarium,tg_be1167ebb6cdd259,19-2011.00,Astronomers,19,0.25,0.25,0.25,1.00,identical_scores,identical,provisional_ai_weak_supervision,true,tg_be1167ebb6cdd259,1,19-2011.00,7535
11338,Transport mail from one work station to another.,transport mail from one work station to another,tg_bfacd12711b80f42,43-5051.00,Postal Service Clerks,43,0.00,0.00,0.00,1.00,identical_scores,identical,provisional_ai_weak_supervision,true,tg_bfacd12711b80f42,1,43-5051.00,11338
23554,Discuss heating or cooling system malfunctions with users to isolate problems or to verify that repairs corrected malfunctions.,discuss heating or cooling system malfunctions with users to isolate problems or to verify that repairs corrected malfunctions,tg_c07eaf282a6e2d1b,49-9021.00,"Heating, Air Conditioning, and Refrigeration Mechanics and Installers",49,0.25,0.25,0.25,1.00,identical_scores,identical,provisional_ai_weak_supervision,true,tg_c07eaf282a6e2d1b,1,49-9021.00,23554
2795,Complete forms in accordance with company procedures.,complete forms in accordance with company procedures,tg_c1b33e288ad83fb4,43-6014.00,"Secretaries and Administrative Assistants, Except Legal, Medical, and Executive",43,0.75,1.00,0.75,0.85,deterministic_mean_snap,deterministic_mean,provisional_ai_weak_supervision,true,tg_c1b33e288ad83fb4,1,43-6014.00,2795
12015,Load specified amounts of metal and flux into furnaces or clay crucibles.,load specified amounts of metal and flux into furnaces or clay crucibles,tg_c1cd94fdf3141e8c,51-4052.00,"Pourers and Casters, Metal",51,0.00,0.00,0.00,1.00,identical_scores,identical,provisional_ai_weak_supervision,true,tg_c1cd94fdf3141e8c,1,51-4052.00,12015
11111,Restrict public access and recreational use of forest lands during critical fire seasons.,restrict public access and recreational use of forest lands during critical fire seasons,tg_c27773f9444596c0,33-2022.00,Forest Fire Inspectors and Prevention Specialists,33,0.00,0.00,0.00,1.00,identical_scores,identical,provisional_ai_weak_supervision,true,tg_c27773f9444596c0,1,33-2022.00,11111
13884,Confer with customers or read work orders to determine the nature and extent of damage to units.,confer with customers or read work orders to determine the nature and extent of damage to units,tg_c2ab8cab1926536f,49-9095.00,Manufactured Building and Mobile Home Installers,49,0.25,0.25,0.25,1.00,identical_scores,identical,provisional_ai_weak_supervision,true,tg_c2ab8cab1926536f,1,49-9095.00,13884
8397,"Install door frames, rails, steel rolling curtains, electronic-eye mechanisms, or electric door openers and closers, using power tools, hand tools, and electronic test equipment.","install door frames, rails, steel rolling curtains, electronic-eye mechanisms, or electric door openers and closers, using power tools, hand tools, and electronic test equipment",tg_c4a11ec9e71d73c8,49-9011.00,Mechanical Door Repairers,49,0.00,0.00,0.00,1.00,identical_scores,identical,provisional_ai_weak_supervision,true,tg_c4a11ec9e71d73c8,1,49-9011.00,8397
10306,Add dimensional details to blueprints or drawings made by other workers.,add dimensional details to blueprints or drawings made by other workers,tg_c6ba6067f8b7d0af,51-4192.00,"Layout Workers, Metal and Plastic",51,0.50,0.75,0.50,0.85,deterministic_mean_snap,deterministic_mean,provisional_ai_weak_supervision,true,tg_c6ba6067f8b7d0af,1,51-4192.00,10306
17822,Process refined feedstock with additives in fermentation or reaction process vessels.,process refined feedstock with additives in fermentation or reaction process vessels,tg_c7c4ec956a98f2c2,51-8099.01,Biofuels Processing Technicians,51,0.00,0.00,0.00,1.00,identical_scores,identical,provisional_ai_weak_supervision,true,tg_c7c4ec956a98f2c2,1,51-8099.01,17822
8951,"Manage the logistical aspects of product life cycles, including coordination or provisioning of samples, and the minimization of obsolescence.","manage the logistical aspects of product life cycles, including coordination or provisioning of samples, and the minimization of obsolescence",tg_c8e8bef3a017a027,13-1081.00,Logisticians,13,0.50,0.50,0.50,1.00,identical_scores,identical,provisional_ai_weak_supervision,true,tg_c8e8bef3a017a027,1,13-1081.00,8951
9875,"Operate equipment to demolish or remove debris or to remove snow from streets, roads, or parking lots.","operate equipment to demolish or remove debris or to remove snow from streets, roads, or parking lots",tg_c8fb3ec3cb3f4195,47-2073.00,Operating Engineers and Other Construction Equipment Operators,47,0.00,0.00,0.00,1.00,identical_scores,identical,provisional_ai_weak_supervision,true,tg_c8fb3ec3cb3f4195,1,47-2073.00,9875
16277,"Prepare data analysis listings and activity, performance, or progress reports.","prepare data analysis listings and activity, performance, or progress reports",tg_c918459ef943a0bc,15-2051.02,Clinical Data Managers,15,0.75,0.75,0.75,1.00,identical_scores,identical,provisional_ai_weak_supervision,true,tg_c918459ef943a0bc,1,15-2051.02,16277
19554,"Determine the legal implications of the production, supply, or use of ozone-depleting substances or equipment containing such substances.","determine the legal implications of the production, supply, or use of ozone-depleting substances or equipment containing such substances",tg_caadd1d669876aca,13-1041.07,Regulatory Affairs Specialists,13,0.50,0.50,0.50,1.00,identical_scores,identical,provisional_ai_weak_supervision,true,tg_caadd1d669876aca,1,13-1041.07,19554
17465,Assist maternal patients to find physical positions that will facilitate childbirth.,assist maternal patients to find physical positions that will facilitate childbirth,tg_cb01f2604b37b689,29-9099.01,Midwives,29,0.00,0.00,0.00,1.00,identical_scores,identical,provisional_ai_weak_supervision,true,tg_cb01f2604b37b689,1,29-9099.01,17465
9291,Inspect installed exhibits for conformance to specifications and satisfactory operation of special-effects components.,inspect installed exhibits for conformance to specifications and satisfactory operation of special-effects components,tg_cbcc74fbb7e7a5fe,27-1027.00,Set and Exhibit Designers,27,0.25,0.25,0.25,1.00,identical_scores,identical,provisional_ai_weak_supervision,true,tg_cbcc74fbb7e7a5fe,1,27-1027.00,9291
17579,Recommend methods to reduce potential financial fraud losses.,recommend methods to reduce potential financial fraud losses,tg_cc1125680e139363,33-9099.02,Retail Loss Prevention Specialists,33,0.50,0.50,0.50,1.00,identical_scores,identical,provisional_ai_weak_supervision,true,tg_cc1125680e139363,1,33-9099.02,17579
10522,"Test medical supportive devices for proper alignment, movement, or biomechanical stability, using meters and alignment fixtures.","test medical supportive devices for proper alignment, movement, or biomechanical stability, using meters and alignment fixtures",tg_cdc3f74f1505c064,51-9082.00,Medical Appliance Technicians,51,0.25,0.25,0.25,1.00,identical_scores,identical,provisional_ai_weak_supervision,true,tg_cdc3f74f1505c064,1,51-9082.00,10522
8498,"Lift, position, and secure machined parts on surface plates or worktables, using hoists, vises, v-blocks, or angle plates.","lift, position, and secure machined parts on surface plates or worktables, using hoists, vises, v-blocks, or angle plates",tg_ce9065f735e4dccb,51-4111.00,Tool and Die Makers,51,0.00,0.00,0.00,1.00,identical_scores,identical,provisional_ai_weak_supervision,true,tg_ce9065f735e4dccb,1,51-4111.00,8498
14680,"Develop or approve project plans, schedules, or budgets.","develop or approve project plans, schedules, or budgets",tg_cf1dc39952d58a97,15-1299.08,Computer Systems Engineers/Architects,15,0.50,0.50,0.50,1.00,identical_scores,identical,provisional_ai_weak_supervision,true,tg_cf1dc39952d58a97,1,15-1299.08,14680
9672,Visit retailers and sales representatives to promote products and gather information.,visit retailers and sales representatives to promote products and gather information,tg_d13920a72ab80539,41-1012.00,First-Line Supervisors of Non-Retail Sales Workers,41,0.00,0.25,0.00,0.85,deterministic_mean_snap,deterministic_mean,provisional_ai_weak_supervision,true,tg_d13920a72ab80539,1,41-1012.00,9672
22872,"Observe, record, and report to physician the patient's condition or injury, the treatment provided, and reactions to drugs or treatment.","observe, record, and report to physician the patient's condition or injury, the treatment provided, and reactions to drugs or treatment",tg_d23416cb7410cde6,29-2043.00,Paramedics,29,0.25,0.25,0.25,1.00,identical_scores,identical,provisional_ai_weak_supervision,true,tg_d23416cb7410cde6,1,29-2043.00,22872
14838,Pay wages of contracted farm laborers.,pay wages of contracted farm laborers,tg_d4a7efb94dd1b22d,13-1074.00,Farm Labor Contractors,13,0.50,0.50,0.50,1.00,identical_scores,identical,provisional_ai_weak_supervision,true,tg_d4a7efb94dd1b22d,1,13-1074.00,14838
12643,Strike necks of finished articles to separate articles from blowpipes.,strike necks of finished articles to separate articles from blowpipes,tg_d4cb34d0fed627da,51-9195.04,"Glass Blowers, Molders, Benders, and Finishers",51,0.00,0.00,0.00,1.00,identical_scores,identical,provisional_ai_weak_supervision,true,tg_d4cb34d0fed627da,1,51-9195.04,12643
7191,"Monitor staffing levels to ensure that games and tables are adequately staffed for each shift, arranging for staff rotations and breaks and locating substitute employees as necessary.","monitor staffing levels to ensure that games and tables are adequately staffed for each shift, arranging for staff rotations and breaks and locating substitute employees as necessary",tg_d571b635effe091b,11-9071.00,Gambling Managers,11,0.50,0.50,0.50,1.00,identical_scores,identical,provisional_ai_weak_supervision,true,tg_d571b635effe091b,1,11-9071.00,7191
21121,Mentor new faculty.,mentor new faculty,tg_d6e9690c37ee353d,25-1067.00,"Sociology Teachers, Postsecondary",25,0.00,0.25,0.00,0.85,deterministic_mean_snap,deterministic_mean,provisional_ai_weak_supervision,true,tg_d6e9690c37ee353d,1,25-1067.00,21121
12757,Check to ensure that brake examination tests are conducted at shunting stations.,check to ensure that brake examination tests are conducted at shunting stations,tg_d7391ff3c24738c4,53-4011.00,Locomotive Engineers,53,0.25,0.25,0.25,1.00,identical_scores,identical,provisional_ai_weak_supervision,true,tg_d7391ff3c24738c4,1,53-4011.00,12757
2237,"Plan, organize, and control the operations of a cocktail lounge or bar.","plan, organize, and control the operations of a cocktail lounge or bar",tg_d75bf2945b31c0d2,35-3011.00,Bartenders,35,0.25,0.25,0.25,1.00,identical_scores,identical,provisional_ai_weak_supervision,true,tg_d75bf2945b31c0d2,1,35-3011.00,2237
20807,Pull cable through ducts by hand or with winches.,pull cable through ducts by hand or with winches,tg_d81b684f6ed05e0f,49-9052.00,Telecommunications Line Installers and Repairers,49,0.00,0.00,0.00,1.00,identical_scores,identical,provisional_ai_weak_supervision,true,tg_d81b684f6ed05e0f,1,49-9052.00,20807
4127,Monitor patients' blood pressure and heart rate using electrocardiogram (EKG) equipment during diagnostic or therapeutic procedures to notify the physician if something appears wrong.,monitor patients' blood pressure and heart rate using electrocardiogram (ekg) equipment during diagnostic or therapeutic procedures to notify the physician if something appears wrong,tg_d8b64593edf0076c,29-2031.00,Cardiovascular Technologists and Technicians,29,0.25,0.25,0.25,1.00,identical_scores,identical,provisional_ai_weak_supervision,true,tg_d8b64593edf0076c,1,29-2031.00,4127
8364,"Raise vehicles, using hydraulic jacks.","raise vehicles, using hydraulic jacks",tg_d8eb62d41b4dee15,49-3093.00,Tire Repairers and Changers,49,0.00,0.00,0.00,1.00,identical_scores,identical,provisional_ai_weak_supervision,true,tg_d8eb62d41b4dee15,1,49-3093.00,8364
20446,"Confer with owners, violators, or authorities to explain regulations or recommend remedial actions.","confer with owners, violators, or authorities to explain regulations or recommend remedial actions",tg_da0b1335c5e08686,47-4011.00,Construction and Building Inspectors,47,0.25,0.25,0.25,1.00,identical_scores,identical,provisional_ai_weak_supervision,true,tg_da0b1335c5e08686,1,47-4011.00,20446
10147,"Study blueprints, work orders, or machining instructions to determine product specifications, tool requirements, and operational sequences.","study blueprints, work orders, or machining instructions to determine product specifications, tool requirements, and operational sequences",tg_dbcdd6673d406d08,51-4033.00,"Grinding, Lapping, Polishing, and Buffing Machine Tool Setters, Operators, and Tenders, Metal and Plastic",51,0.50,0.50,0.50,1.00,identical_scores,identical,provisional_ai_weak_supervision,true,tg_dbcdd6673d406d08,1,51-4033.00,10147
4778,"Clean working surface to remove scale, dust, soot, or chips of brick and mortar, using broom, wire brush, or scraper.","clean working surface to remove scale, dust, soot, or chips of brick and mortar, using broom, wire brush, or scraper",tg_dee240be5372ba83,47-2021.00,Brickmasons and Blockmasons,47,0.00,0.00,0.00,1.00,identical_scores,identical,provisional_ai_weak_supervision,true,tg_dee240be5372ba83,1,47-2021.00,4778
17508,"Interview patients or review medical records to obtain comprehensive patient or family medical histories, and document findings.","interview patients or review medical records to obtain comprehensive patient or family medical histories, and document findings",tg_df4f110533188319,29-9092.00,Genetic Counselors,29,0.50,0.50,0.50,1.00,identical_scores,identical,provisional_ai_weak_supervision,true,tg_df4f110533188319,1,29-9092.00,17508
21418,Analyze information gathered by investigation and report findings and recommendations.,analyze information gathered by investigation and report findings and recommendations,tg_dfee4006475885a1,13-1031.00,"Claims Adjusters, Examiners, and Investigators",13,0.50,0.50,0.50,1.00,identical_scores,identical,provisional_ai_weak_supervision,true,tg_dfee4006475885a1,1,13-1031.00,21418
5914,Act as advisers to student organizations.,act as advisers to student organizations,tg_e021111850c5bff1,25-1053.00,"Environmental Science Teachers, Postsecondary",25,0.00,0.25,0.00,0.85,deterministic_mean_snap,deterministic_mean,provisional_ai_weak_supervision,true,tg_e021111850c5bff1,2,25-1053.00|25-1111.00,5914|6214
1875,Develop speech exercise programs to reduce disabilities.,develop speech exercise programs to reduce disabilities,tg_e386b66ee440ef0e,29-1127.00,Speech-Language Pathologists,29,0.50,0.50,0.50,1.00,identical_scores,identical,provisional_ai_weak_supervision,true,tg_e386b66ee440ef0e,1,29-1127.00,1875
6311,"Evaluate and grade students' class work, assignments, and papers.","evaluate and grade students' class work, assignments, and papers",tg_e82ec10677e26891,25-1123.00,"English Language and Literature Teachers, Postsecondary",25,0.50,0.50,0.50,1.00,identical_scores,identical,provisional_ai_weak_supervision,true,tg_e82ec10677e26891,1,25-1123.00,6311
12957,"Prepare tables, graphs, fact sheets, and written reports summarizing research results.","prepare tables, graphs, fact sheets, and written reports summarizing research results",tg_e865ec2940a9b304,19-4061.00,Social Science Research Assistants,19,0.75,0.75,0.75,1.00,identical_scores,identical,provisional_ai_weak_supervision,true,tg_e865ec2940a9b304,1,19-4061.00,12957
23388,"Repair farm buildings, fences, and other structures.","repair farm buildings, fences, and other structures",tg_e8d6d811bec3c53c,45-2092.00,"Farmworkers and Laborers, Crop, Nursery, and Greenhouse",45,0.00,0.00,0.00,1.00,identical_scores,identical,provisional_ai_weak_supervision,true,tg_e8d6d811bec3c53c,1,45-2092.00,23388
8378,Inflate inner tubes and immerse them in water to locate leaks.,inflate inner tubes and immerse them in water to locate leaks,tg_e93db2a8faa2d2d6,49-3093.00,Tire Repairers and Changers,49,0.00,0.00,0.00,1.00,identical_scores,identical,provisional_ai_weak_supervision,true,tg_e93db2a8faa2d2d6,1,49-3093.00,8378
8208,"Route received goods to first available flight or to appropriate storage areas or departments, using forklifts, hand trucks, or other equipment.","route received goods to first available flight or to appropriate storage areas or departments, using forklifts, hand trucks, or other equipment",tg_ea0e105afaa6aeb6,43-5011.00,Cargo and Freight Agents,43,0.25,0.00,0.00,0.85,deterministic_mean_snap,deterministic_mean,provisional_ai_weak_supervision,true,tg_ea0e105afaa6aeb6,1,43-5011.00,8208
15236,"Assist physicians in the diagnosis and treatment of cardiac or peripheral vascular treatments, such as implanting pacemakers or assisting with balloon angioplasties to treat blood vessel blockages.","assist physicians in the diagnosis and treatment of cardiac or peripheral vascular treatments, such as implanting pacemakers or assisting with balloon angioplasties to treat blood vessel blockages",tg_ea2259cc07a8ed8f,29-2031.00,Cardiovascular Technologists and Technicians,29,0.00,0.00,0.00,1.00,identical_scores,identical,provisional_ai_weak_supervision,true,tg_ea2259cc07a8ed8f,1,29-2031.00,15236
17802,"Explain recommendations, policies, procedures, requirements, or other related information to residents or building owners.","explain recommendations, policies, procedures, requirements, or other related information to residents or building owners",tg_ebc3880ecdc81508,47-4099.03,Weatherization Installers and Technicians,47,0.25,0.25,0.25,1.00,identical_scores,identical,provisional_ai_weak_supervision,true,tg_ebc3880ecdc81508,1,47-4099.03,17802
18659,Produce graphics for broadcasts.,produce graphics for broadcasts,tg_ec6a1c3a55910128,27-4012.00,Broadcast Technicians,27,0.50,0.75,0.50,0.85,deterministic_mean_snap,deterministic_mean,provisional_ai_weak_supervision,true,tg_ec6a1c3a55910128,1,27-4012.00,18659
8514,"Participate in nuclear fuel element handling activities, such as preparation, transfer, loading, or unloading.","participate in nuclear fuel element handling activities, such as preparation, transfer, loading, or unloading",tg_ee98202703d27324,51-8011.00,Nuclear Power Reactor Operators,51,0.00,0.00,0.00,1.00,identical_scores,identical,provisional_ai_weak_supervision,true,tg_ee98202703d27324,1,51-8011.00,8514
23315,Post or attach information to claim file.,post or attach information to claim file,tg_f1f4f0ddc5e5fe82,43-9041.00,Insurance Claims and Policy Processing Clerks,43,0.75,1.00,0.75,0.85,deterministic_mean_snap,deterministic_mean,provisional_ai_weak_supervision,true,tg_f1f4f0ddc5e5fe82,1,43-9041.00,23315
10971,Order or obtain materials needed for classes.,order or obtain materials needed for classes,tg_f2a978b722131158,25-9044.00,"Teaching Assistants, Postsecondary",25,0.50,0.75,0.50,0.85,deterministic_mean_snap,deterministic_mean,provisional_ai_weak_supervision,true,tg_f2a978b722131158,1,25-9044.00,10971
11576,"Connect car frames to counterweights, using steel cables.","connect car frames to counterweights, using steel cables",tg_f49753cc4854191a,47-4021.00,Elevator and Escalator Installers and Repairers,47,0.00,0.00,0.00,1.00,identical_scores,identical,provisional_ai_weak_supervision,true,tg_f49753cc4854191a,1,47-4021.00,11576
22503,"Prepare lesson materials, bulletin board displays, exhibits, equipment, and demonstrations.","prepare lesson materials, bulletin board displays, exhibits, equipment, and demonstrations",tg_f5a75e86a643d991,25-9043.00,"Teaching Assistants, Special Education",25,0.25,0.25,0.25,1.00,identical_scores,identical,provisional_ai_weak_supervision,true,tg_f5a75e86a643d991,1,25-9043.00,22503
21373,"Direct and monitor the transfer of mature fish to lakes, ponds, streams, or commercial tanks.","direct and monitor the transfer of mature fish to lakes, ponds, streams, or commercial tanks",tg_f6ef2c53501df19e,11-9013.00,"Farmers, Ranchers, and Other Agricultural Managers",11,0.00,0.00,0.00,1.00,identical_scores,identical,provisional_ai_weak_supervision,true,tg_f6ef2c53501df19e,1,11-9013.00,21373
14348,Clean brass particles from files by drawing file cards through file grooves.,clean brass particles from files by drawing file cards through file grooves,tg_f798f6477cc6e3f9,51-9022.00,"Grinding and Polishing Workers, Hand",51,0.00,0.00,0.00,1.00,identical_scores,identical,provisional_ai_weak_supervision,true,tg_f798f6477cc6e3f9,1,51-9022.00,14348
15126,"Maintain supplies of tools, equipment, and materials, and order additional supplies as needed.","maintain supplies of tools, equipment, and materials, and order additional supplies as needed",tg_f8764e664cf05786,51-9195.05,"Potters, Manufacturing",51,0.25,0.25,0.25,1.00,identical_scores,identical,provisional_ai_weak_supervision,true,tg_f8764e664cf05786,1,51-9195.05,15126
12750,"Monitor gauges or meters that measure speed, amperage, battery charge, or air pressure in brake lines or in main reservoirs.","monitor gauges or meters that measure speed, amperage, battery charge, or air pressure in brake lines or in main reservoirs",tg_f8947a24a1223ef1,53-4011.00,Locomotive Engineers,53,0.25,0.25,0.25,1.00,identical_scores,identical,provisional_ai_weak_supervision,true,tg_f8947a24a1223ef1,1,53-4011.00,12750
5077,"Provide treatment to sick or injured animals, or contact veterinarians to secure treatment.","provide treatment to sick or injured animals, or contact veterinarians to secure treatment",tg_f8d489c23e6a991b,39-2021.00,Animal Caretakers,39,0.00,0.00,0.00,1.00,identical_scores,identical,provisional_ai_weak_supervision,true,tg_f8d489c23e6a991b,1,39-2021.00,5077
14556,"Perform or participate in emergency drills, as required.","perform or participate in emergency drills, as required",tg_f91e0dec5daa0008,53-5031.00,Ship Engineers,53,0.00,0.00,0.00,1.00,identical_scores,identical,provisional_ai_weak_supervision,true,tg_f91e0dec5daa0008,1,53-5031.00,14556
17532,Implement treatment plans or protocols as directed by speech-language pathologists.,implement treatment plans or protocols as directed by speech-language pathologists,tg_fb6012eb4d44fedf,31-9099.01,Speech-Language Pathology Assistants,31,0.25,0.25,0.25,1.00,identical_scores,identical,provisional_ai_weak_supervision,true,tg_fb6012eb4d44fedf,1,31-9099.01,17532
21459,"Keep informed regarding pending industry changes, trends, or best practices.","keep informed regarding pending industry changes, trends, or best practices",tg_fc57e1d0e0fa8e13,13-1041.00,Compliance Officers,13,0.50,0.75,0.50,0.85,deterministic_mean_snap,deterministic_mean,provisional_ai_weak_supervision,true,tg_fc57e1d0e0fa8e13,1,13-1041.00,21459
2460,"Review property listings, trade journals, and relevant literature, and attend conventions, seminars, and staff and association meetings, to remain knowledgeable about real estate markets.","review property listings, trade journals, and relevant literature, and attend conventions, seminars, and staff and association meetings, to remain knowledgeable about real estate markets",tg_fdf91bedab86fd07,41-9022.00,Real Estate Sales Agents,41,0.50,0.50,0.50,1.00,identical_scores,identical,provisional_ai_weak_supervision,true,tg_fdf91bedab86fd07,1,41-9022.00,2460
3236,Provide presentation and product demonstration support during the introduction of new products and services to field staff and customers.,provide presentation and product demonstration support during the introduction of new products and services to field staff and customers,tg_fe937d75fdbaa724,11-2011.00,Advertising and Promotions Managers,11,0.25,0.25,0.25,1.00,identical_scores,identical,provisional_ai_weak_supervision,true,tg_fe937d75fdbaa724,1,11-2011.00,3236
14610,"Record operating data such as products and quantities pumped, stocks used, gauging results, and operating times.","record operating data such as products and quantities pumped, stocks used, gauging results, and operating times",tg_fe939eec940ce650,53-7072.00,"Pump Operators, Except Wellhead Pumpers",53,0.50,0.75,0.50,0.85,deterministic_mean_snap,deterministic_mean,provisional_ai_weak_supervision,true,tg_fe939eec940ce650,1,53-7072.00,14610
20599,"Perform various administrative tasks, such as typing documents or answering telephone calls.","perform various administrative tasks, such as typing documents or answering telephone calls",tg_ff090a9da0b2d1a0,39-4021.00,Funeral Attendants,39,0.50,0.50,0.50,1.00,identical_scores,identical,provisional_ai_weak_supervision,true,tg_ff090a9da0b2d1a0,1,39-4021.00,20599
9991,"Perform scheduled maintenance, and clean units and components.","perform scheduled maintenance, and clean units and components",tg_ffe32da4e89e8aec,49-3043.00,Rail Car Repairers,49,0.00,0.00,0.00,1.00,identical_scores,identical,provisional_ai_weak_supervision,true,tg_ffe32da4e89e8aec,1,49-3043.00,9991
