reviewer_id,reviewer_role,relevant_experience,rubric_version,review_date,task_id,occupation_code,occupation_title,soc_code,soc_major_group,task_text,reviewer_score,reviewer_confidence,reviewer_evidence,reviewer_notes,split,reviewer_slot
HUMAN_REVIEWER_B,independent_reviewer,,human-task-exposure-v2.0,,4104,29-1124.00,Radiation Therapists,29-1124,29,"Store, sterilize, or prepare the special applicators containing the radioactive substance implanted by the physician.",,,,,train,2
HUMAN_REVIEWER_B,independent_reviewer,,human-task-exposure-v2.0,,2380,39-9032.00,Recreation Workers,39-9032,39,Enforce rules and regulations of recreational facilities to maintain discipline and ensure safety.,,,,,train,2
HUMAN_REVIEWER_B,independent_reviewer,,human-task-exposure-v2.0,,21283,11-3013.01,Security Managers,11-3013,11,"Analyze and evaluate security operations to identify risks or opportunities for improvement through auditing, review, or assessment.",,,,,train,2
HUMAN_REVIEWER_B,independent_reviewer,,human-task-exposure-v2.0,,11111,33-2022.00,Forest Fire Inspectors and Prevention Specialists,33-2022,33,Restrict public access and recreational use of forest lands during critical fire seasons.,,,,,validation,2
HUMAN_REVIEWER_B,independent_reviewer,,human-task-exposure-v2.0,,15873,13-1081.01,Logistics Engineers,13-1081,13,"Determine feasibility of designing new facilities or modifying existing facilities, based on factors such as cost, available space, schedule, technical requirements, or ergonomics.",,,,,train,2
HUMAN_REVIEWER_B,independent_reviewer,,human-task-exposure-v2.0,,5417,19-1011.00,Animal Scientists,19-1011,19,"Develop improved practices in feeding, housing, sanitation, or parasite and disease control of animals.",,,,,validation,2
HUMAN_REVIEWER_B,independent_reviewer,,human-task-exposure-v2.0,,21663,15-1252.00,Software Developers,15-1252,15,Confer with data processing or project managers to obtain information on limitations or capabilities for data processing projects.,,,,,train,2
HUMAN_REVIEWER_B,independent_reviewer,,human-task-exposure-v2.0,,13847,49-9091.00,"Coin, Vending, and Amusement Machine Servicers and Repairers",49-9091,49,"Adjust and repair coin, vending, or amusement machines and meters and replace defective mechanical and electrical parts, using hand tools, soldering irons, and diagrams.",,,,,train,2
HUMAN_REVIEWER_B,independent_reviewer,,human-task-exposure-v2.0,,5749,25-1031.00,"Architecture Teachers, Postsecondary",25-1031,25,Provide professional consulting services to government or industry.,,,,,train,2
HUMAN_REVIEWER_B,independent_reviewer,,human-task-exposure-v2.0,,5579,19-4071.00,Forest and Conservation Technicians,19-4071,19,"Conduct laboratory or field experiments with plants, animals, insects, diseases, and soils.",,,,,train,2
HUMAN_REVIEWER_B,independent_reviewer,,human-task-exposure-v2.0,,14869,47-2043.00,Floor Sanders and Finishers,47-2043,47,Inspect floors for smoothness.,,,,,test,2
HUMAN_REVIEWER_B,independent_reviewer,,human-task-exposure-v2.0,,12504,51-9124.00,"Coating, Painting, and Spraying Machine Setters, Operators, and Tenders",51-9124,51,"Determine paint flow, viscosity, and coating quality by performing visual inspections, or by using viscometers.",,,,,test,2
HUMAN_REVIEWER_B,independent_reviewer,,human-task-exposure-v2.0,,21281,11-3013.00,Facilities Managers,11-3013,11,Prepare and review operational reports and schedules to ensure accuracy and efficiency.,,,,,validation,2
HUMAN_REVIEWER_B,independent_reviewer,,human-task-exposure-v2.0,,17941,49-9099.01,Geothermal Technicians,49-9099,49,"Prepare newly installed geothermal heat systems for operation by flushing, purging, or other actions.",,,,,train,2
HUMAN_REVIEWER_B,independent_reviewer,,human-task-exposure-v2.0,,4087,29-1124.00,Radiation Therapists,29-1124,29,Enter data into computer and set controls to operate or adjust equipment or regulate dosage.,,,,,train,2
HUMAN_REVIEWER_B,independent_reviewer,,human-task-exposure-v2.0,,6462,25-1194.00,"Career/Technical Education Teachers, Postsecondary",25-1194,25,Review enrollment applications and correspond with applicants to obtain additional information.,,,,,test,2
HUMAN_REVIEWER_B,independent_reviewer,,human-task-exposure-v2.0,,4224,29-9091.00,Athletic Trainers,29-9091,29,"Apply protective or injury preventive devices, such as tape, bandages, or braces, to body parts, such as ankles, fingers, or wrists.",,,,,train,2
HUMAN_REVIEWER_B,independent_reviewer,,human-task-exposure-v2.0,,9733,43-4061.00,"Eligibility Interviewers, Government Programs",43-4061,43,Interview benefits recipients at specified intervals to certify their eligibility for continuing benefits.,,,,,train,2
HUMAN_REVIEWER_B,independent_reviewer,,human-task-exposure-v2.0,,6386,25-1126.00,"Philosophy and Religion Teachers, Postsecondary",25-1126,25,Maintain regularly scheduled office hours to advise and assist students.,,,,,train,2
HUMAN_REVIEWER_B,independent_reviewer,,human-task-exposure-v2.0,,4870,47-3015.00,"Helpers--Pipelayers, Plumbers, Pipefitters, and Steamfitters",47-3015,47,"Fill pipes with sand or resin to prevent distortion, and hold pipes during bending and installation.",,,,,validation,2
HUMAN_REVIEWER_B,independent_reviewer,,human-task-exposure-v2.0,,21658,15-1243.00,Database Architects,15-1243,15,Train users and answer questions.,,,,,train,2
HUMAN_REVIEWER_B,independent_reviewer,,human-task-exposure-v2.0,,24028,27-3092.00,Court Reporters and Simultaneous Captioners,27-3092,27,File exhibits.,,,,,train,2
HUMAN_REVIEWER_B,independent_reviewer,,human-task-exposure-v2.0,,20154,51-1011.00,First-Line Supervisors of Production and Operating Workers,51-1011,51,"Conduct employee training in equipment operations or work and safety procedures, or assign employee training to experienced workers.",,,,,train,2
HUMAN_REVIEWER_B,independent_reviewer,,human-task-exposure-v2.0,,23879,53-7065.00,Stockers and Order Fillers,53-7065,53,"Stamp, attach, or change price tags on merchandise, referring to price list.",,,,,train,2
HUMAN_REVIEWER_B,independent_reviewer,,human-task-exposure-v2.0,,1997,31-1133.00,Psychiatric Aides,31-1133,31,Aid patients in becoming accustomed to hospital routines.,,,,,validation,2
HUMAN_REVIEWER_B,independent_reviewer,,human-task-exposure-v2.0,,10936,21-2011.00,Clergy,21-2011,21,Prepare and deliver sermons or other talks.,,,,,test,2
HUMAN_REVIEWER_B,independent_reviewer,,human-task-exposure-v2.0,,10900,17-3024.00,Electro-Mechanical and Mechatronics Technologists and Technicians,17-3024,17,"Repair, rework, or calibrate hydraulic or pneumatic assemblies or systems to meet operational specifications or tolerances.",,,,,train,2
HUMAN_REVIEWER_B,independent_reviewer,,human-task-exposure-v2.0,,12694,51-9198.00,Helpers--Production Workers,51-9198,51,Examine products to verify conformance to quality standards.,,,,,train,2
HUMAN_REVIEWER_B,independent_reviewer,,human-task-exposure-v2.0,,20288,43-6014.00,"Secretaries and Administrative Assistants, Except Legal, Medical, and Executive",43-6014,43,Develop or maintain internal or external company Web sites.,,,,,train,2
HUMAN_REVIEWER_B,independent_reviewer,,human-task-exposure-v2.0,,15664,11-3031.03,Investment Fund Managers,11-3031,11,"Develop, implement, or monitor security valuation policies.",,,,,train,2
HUMAN_REVIEWER_B,independent_reviewer,,human-task-exposure-v2.0,,15826,11-9199.10,Wind Energy Development Managers,11-9199,11,Manage site assessments or environmental studies for wind fields.,,,,,test,2
HUMAN_REVIEWER_B,independent_reviewer,,human-task-exposure-v2.0,,19617,17-2071.00,Electrical Engineers,17-2071,17,"Design electrical systems or components that minimize electric energy requirements, such as lighting systems designed to account for natural lighting.",,,,,train,2
HUMAN_REVIEWER_B,independent_reviewer,,human-task-exposure-v2.0,,14873,47-2043.00,Floor Sanders and Finishers,47-2043,47,Apply filler compound and coats of finish to floors to seal wood.,,,,,test,2
HUMAN_REVIEWER_B,independent_reviewer,,human-task-exposure-v2.0,,9809,45-4022.00,Logging Equipment Operators,45-4022,45,Fill out required job or shift report forms.,,,,,train,2
HUMAN_REVIEWER_B,independent_reviewer,,human-task-exposure-v2.0,,14565,53-5031.00,Ship Engineers,53-5031,53,"Order and receive engine room stores, such as oil or spare parts, maintain inventories, and record usage of supplies.",,,,,train,2
HUMAN_REVIEWER_B,independent_reviewer,,human-task-exposure-v2.0,,8663,27-3092.00,Court Reporters and Simultaneous Captioners,27-3092,27,Record symbols on computer storage media and use computer aided transcription to translate and display them as text.,,,,,train,2
HUMAN_REVIEWER_B,independent_reviewer,,human-task-exposure-v2.0,,1761,27-2022.00,Coaches and Scouts,27-2022,27,"Select, acquire, store, and issue equipment and other materials as necessary.",,,,,train,2
HUMAN_REVIEWER_B,independent_reviewer,,human-task-exposure-v2.0,,9746,43-4061.00,"Eligibility Interviewers, Government Programs",43-4061,43,"Provide applicants with assistance in completing application forms, such as those for job referrals or unemployment compensation claims.",,,,,train,2
HUMAN_REVIEWER_B,independent_reviewer,,human-task-exposure-v2.0,,3900,27-2012.05,Media Technical Directors/Managers,27-2012,27,Schedule use of studio and editing facilities for producers and engineering and maintenance staff.,,,,,train,2
HUMAN_REVIEWER_B,independent_reviewer,,human-task-exposure-v2.0,,5736,25-1031.00,"Architecture Teachers, Postsecondary",25-1031,25,"Keep abreast of developments in the field by reading current literature, talking with colleagues, and participating in professional conferences.",,,,,train,2
HUMAN_REVIEWER_B,independent_reviewer,,human-task-exposure-v2.0,,9940,49-2091.00,Avionics Technicians,49-2091,49,"Connect components to assemblies such as radio systems, instruments, magnetos, inverters, and in-flight refueling systems, using hand tools and soldering irons.",,,,,train,2
HUMAN_REVIEWER_B,independent_reviewer,,human-task-exposure-v2.0,,16981,19-4099.03,Remote Sensing Technicians,19-4099,19,Participate in the planning or development of mapping projects.,,,,,train,2
HUMAN_REVIEWER_B,independent_reviewer,,human-task-exposure-v2.0,,21251,11-2033.00,Fundraising Managers,11-2033,11,Develop fundraising activity plans that maximize participation or contributions and minimize costs.,,,,,train,2
HUMAN_REVIEWER_B,independent_reviewer,,human-task-exposure-v2.0,,22207,19-3039.03,Clinical Neuropsychologists,19-3039,19,"Compare patients' progress before and after pharmacologic, surgical, or behavioral interventions.",,,,,train,2
HUMAN_REVIEWER_B,independent_reviewer,,human-task-exposure-v2.0,,21643,13-2072.00,Loan Officers,13-2072,13,Inform individuals and groups about the financial assistance available to college or university students.,,,,,train,2
HUMAN_REVIEWER_B,independent_reviewer,,human-task-exposure-v2.0,,23460,47-2152.00,"Plumbers, Pipefitters, and Steamfitters",47-2152,47,"Lay out full scale drawings of pipe systems, supports, or related equipment, according to blueprints.",,,,,validation,2
HUMAN_REVIEWER_B,independent_reviewer,,human-task-exposure-v2.0,,15838,11-9199.10,Wind Energy Development Managers,11-9199,11,"Create wind energy project plans, including project scope, goals, tasks, resources, schedules, costs, contingencies, or other project information.",,,,,test,2
HUMAN_REVIEWER_B,independent_reviewer,,human-task-exposure-v2.0,,17934,49-9099.01,Geothermal Technicians,49-9099,49,Monitor and adjust operations of geothermal power plant equipment or systems.,,,,,train,2
HUMAN_REVIEWER_B,independent_reviewer,,human-task-exposure-v2.0,,14064,51-6041.00,Shoe and Leather Workers and Repairers,51-6041,51,"Align and stitch or glue materials such as fabric, fleece, leather, or wood, to join parts.",,,,,train,2
HUMAN_REVIEWER_B,independent_reviewer,,human-task-exposure-v2.0,,21672,15-1252.00,Software Developers,15-1252,15,"Obtain and evaluate information on factors such as reporting formats required, costs, or security needs to determine hardware configuration.",,,,,train,2
HUMAN_REVIEWER_B,independent_reviewer,,human-task-exposure-v2.0,,13032,27-1022.00,Fashion Designers,27-1022,27,Research the styles and periods of clothing needed for film or theatrical productions.,,,,,train,2
HUMAN_REVIEWER_B,independent_reviewer,,human-task-exposure-v2.0,,5119,39-3091.00,Amusement and Recreation Attendants,39-3091,39,Sell tickets and collect fees from customers.,,,,,validation,2
HUMAN_REVIEWER_B,independent_reviewer,,human-task-exposure-v2.0,,15181,53-7031.00,Dredge Operators,53-7031,53,"Lower anchor poles to verify depths of excavations, using winches, or scan depth gauges to determine depths of excavations.",,,,,train,2
HUMAN_REVIEWER_B,independent_reviewer,,human-task-exposure-v2.0,,22127,17-3031.00,Surveying and Mapping Technicians,17-3031,17,Prepare cost estimates for mapping projects.,,,,,train,2
HUMAN_REVIEWER_B,independent_reviewer,,human-task-exposure-v2.0,,5416,19-1011.00,Animal Scientists,19-1011,19,"Study effects of management practices, processing methods, feed, or environmental conditions on quality and quantity of animal products, such as eggs and milk.",,,,,validation,2
HUMAN_REVIEWER_B,independent_reviewer,,human-task-exposure-v2.0,,16994,19-4099.03,Remote Sensing Technicians,19-4099,19,Correct raw data for errors due to factors such as skew or atmospheric variation.,,,,,train,2
HUMAN_REVIEWER_B,independent_reviewer,,human-task-exposure-v2.0,,21676,15-1252.00,Software Developers,15-1252,15,"Store, retrieve, and manipulate data for analysis of system capabilities and requirements.",,,,,train,2
HUMAN_REVIEWER_B,independent_reviewer,,human-task-exposure-v2.0,,13204,41-9011.00,Demonstrators and Product Promoters,41-9011,41,Train demonstrators to present a company's products or services.,,,,,train,2
HUMAN_REVIEWER_B,independent_reviewer,,human-task-exposure-v2.0,,13154,39-1022.00,First-Line Supervisors of Personal Service Workers,39-1022,39,"Direct marketing, advertising, or other customer recruitment efforts.",,,,,train,2
HUMAN_REVIEWER_B,independent_reviewer,,human-task-exposure-v2.0,,23654,51-9124.00,"Coating, Painting, and Spraying Machine Setters, Operators, and Tenders",51-9124,51,Clean equipment and work areas.,,,,,test,2
HUMAN_REVIEWER_B,independent_reviewer,,human-task-exposure-v2.0,,13199,41-9011.00,Demonstrators and Product Promoters,41-9011,41,Practice demonstrations to ensure that they will run smoothly.,,,,,train,2
HUMAN_REVIEWER_B,independent_reviewer,,human-task-exposure-v2.0,,17541,31-9099.01,Speech-Language Pathology Assistants,31-9099,31,Select or prepare speech-language instructional materials.,,,,,train,2
HUMAN_REVIEWER_B,independent_reviewer,,human-task-exposure-v2.0,,20115,27-2022.00,Coaches and Scouts,27-2022,27,"Counsel student athletes on academic, athletic, and personal issues.",,,,,train,2
HUMAN_REVIEWER_B,independent_reviewer,,human-task-exposure-v2.0,,6456,25-1194.00,"Career/Technical Education Teachers, Postsecondary",25-1194,25,Integrate academic and vocational curricula so that students can obtain a variety of skills.,,,,,test,2
HUMAN_REVIEWER_B,independent_reviewer,,human-task-exposure-v2.0,,21253,11-2033.00,Fundraising Managers,11-2033,11,"Direct activities of external agencies, establishments, or departments that develop and implement fundraising strategies and programs.",,,,,train,2
HUMAN_REVIEWER_B,independent_reviewer,,human-task-exposure-v2.0,,9531,37-1011.00,First-Line Supervisors of Housekeeping and Janitorial Workers,37-1011,37,"Maintain required records of work hours, budgets, payrolls, and other information.",,,,,validation,2
HUMAN_REVIEWER_B,independent_reviewer,,human-task-exposure-v2.0,,5734,25-1031.00,"Architecture Teachers, Postsecondary",25-1031,25,"Initiate, facilitate, and moderate classroom discussions.",,,,,train,2
HUMAN_REVIEWER_B,independent_reviewer,,human-task-exposure-v2.0,,11740,49-2093.00,"Electrical and Electronics Installers and Repairers, Transportation Equipment",49-2093,49,Confer with customers to determine the nature of malfunctions.,,,,,test,2
HUMAN_REVIEWER_B,independent_reviewer,,human-task-exposure-v2.0,,9853,47-2073.00,Operating Engineers and Other Construction Equipment Operators,47-2073,47,"Locate underground services, such as pipes or wires, prior to beginning work.",,,,,train,2
HUMAN_REVIEWER_B,independent_reviewer,,human-task-exposure-v2.0,,2192,35-2015.00,"Cooks, Short Order",35-2015,35,"Complete orders from steam tables, placing food on plates and serving customers at tables or counters.",,,,,test,2
HUMAN_REVIEWER_B,independent_reviewer,,human-task-exposure-v2.0,,1226,13-1121.00,"Meeting, Convention, and Event Planners",13-1121,13,"Hire, train, and supervise volunteers and support staff required for events.",,,,,train,2
HUMAN_REVIEWER_B,independent_reviewer,,human-task-exposure-v2.0,,14436,53-1041.00,Aircraft Cargo Handling Supervisors,53-1041,53,Accompany aircraft as a member of the flight crew to monitor and handle cargo in flight.,,,,,train,2
HUMAN_REVIEWER_B,independent_reviewer,,human-task-exposure-v2.0,,21255,11-2033.00,Fundraising Managers,11-2033,11,"Establish goals for soliciting funds, develop policies for collection and safeguarding of contributions, and coordinate disbursement of funds.",,,,,train,2
HUMAN_REVIEWER_B,independent_reviewer,,human-task-exposure-v2.0,,13798,49-9031.00,Home Appliance Repairers,49-9031,49,Clean and reinstall parts.,,,,,train,2
HUMAN_REVIEWER_B,independent_reviewer,,human-task-exposure-v2.0,,2105,33-3012.00,Correctional Officers and Jailers,33-3012,33,"Take prisoners into custody and escort to locations within and outside of facility, such as visiting room, courtroom, or airport.",,,,,train,2
HUMAN_REVIEWER_B,independent_reviewer,,human-task-exposure-v2.0,,23487,47-2152.00,"Plumbers, Pipefitters, and Steamfitters",47-2152,47,Repair hydraulic or air pumps.,,,,,validation,2
HUMAN_REVIEWER_B,independent_reviewer,,human-task-exposure-v2.0,,13198,41-9011.00,Demonstrators and Product Promoters,41-9011,41,Identify interested and qualified customers to provide them with additional information.,,,,,train,2
HUMAN_REVIEWER_B,independent_reviewer,,human-task-exposure-v2.0,,9810,45-4022.00,Logging Equipment Operators,45-4022,45,"Calculate total board feet, cordage, or other wood measurement units, using conversion tables.",,,,,train,2
HUMAN_REVIEWER_B,independent_reviewer,,human-task-exposure-v2.0,,20144,47-3015.00,"Helpers--Pipelayers, Plumbers, Pipefitters, and Steamfitters",47-3015,47,"Perform rough-ins, repair and replace fixtures and water heaters, and locate, repair, or remove leaking or broken pipes.",,,,,validation,2
HUMAN_REVIEWER_B,independent_reviewer,,human-task-exposure-v2.0,,14692,15-1299.08,Computer Systems Engineers/Architects,15-1299,15,Develop application-specific software.,,,,,train,2
HUMAN_REVIEWER_B,independent_reviewer,,human-task-exposure-v2.0,,5528,19-4012.00,Agricultural Technicians,19-4012,19,"Record data pertaining to experimentation, research, or animal care.",,,,,train,2
HUMAN_REVIEWER_B,independent_reviewer,,human-task-exposure-v2.0,,19157,29-1129.01,Art Therapists,29-1129,29,Coordinate field trips for client groups to museums or other public displays of art.,,,,,train,2
HUMAN_REVIEWER_B,independent_reviewer,,human-task-exposure-v2.0,,11371,43-5061.00,"Production, Planning, and Expediting Clerks",43-5061,43,"Compile information, such as production rates and progress, materials inventories, materials used, or customer information, so that status reports can be completed.",,,,,validation,2
HUMAN_REVIEWER_B,independent_reviewer,,human-task-exposure-v2.0,,20530,19-4012.00,Agricultural Technicians,19-4012,19,Collect animal or crop samples.,,,,,train,2
HUMAN_REVIEWER_B,independent_reviewer,,human-task-exposure-v2.0,,5209,11-9031.00,"Education and Childcare Administrators, Preschool and Daycare",11-9031,11,"Organize and direct committees of specialists, volunteers, and staff to provide technical and advisory assistance for programs.",,,,,test,2
HUMAN_REVIEWER_B,independent_reviewer,,human-task-exposure-v2.0,,23432,47-2031.00,Carpenters,47-2031,47,"Measure and mark cutting lines on materials, using a ruler, pencil, chalk, and marking gauge.",,,,,train,2
HUMAN_REVIEWER_B,independent_reviewer,,human-task-exposure-v2.0,,17835,51-8099.01,Biofuels Processing Technicians,51-8099,51,"Perform routine maintenance on mechanical, electrical, or electronic equipment or instruments used in the processing of biofuels.",,,,,validation,2
HUMAN_REVIEWER_B,independent_reviewer,,human-task-exposure-v2.0,,6920,29-1011.00,Chiropractors,29-1011,29,"Counsel patients about nutrition, exercise, sleeping habits, stress management, or other matters.",,,,,train,2
HUMAN_REVIEWER_B,independent_reviewer,,human-task-exposure-v2.0,,13139,39-1022.00,First-Line Supervisors of Personal Service Workers,39-1022,39,Inspect work areas or operating equipment to ensure conformance to established standards in areas such as cleanliness or maintenance.,,,,,train,2
HUMAN_REVIEWER_B,independent_reviewer,,human-task-exposure-v2.0,,6251,25-1113.00,"Social Work Teachers, Postsecondary",25-1113,25,"Maintain student attendance records, grades, and other required records.",,,,,train,2
HUMAN_REVIEWER_B,independent_reviewer,,human-task-exposure-v2.0,,8195,43-5011.00,Cargo and Freight Agents,43-5011,43,Enter shipping information into a computer by hand or by a hand-held scanner that reads bar codes on goods.,,,,,train,2
HUMAN_REVIEWER_B,independent_reviewer,,human-task-exposure-v2.0,,20322,13-1161.01,Search Marketing Strategists,13-1161,13,Evaluate new emerging media or technologies and make recommendations for their application within Internet marketing or search marketing campaigns.,,,,,train,2
HUMAN_REVIEWER_B,independent_reviewer,,human-task-exposure-v2.0,,8197,43-5011.00,Cargo and Freight Agents,43-5011,43,"Pack goods for shipping, using tools such as staplers, strapping machines, and hammers.",,,,,train,2
HUMAN_REVIEWER_B,independent_reviewer,,human-task-exposure-v2.0,,5121,39-3091.00,Amusement and Recreation Attendants,39-3091,39,"Clean sporting equipment, vehicles, rides, booths, facilities, or grounds.",,,,,validation,2
HUMAN_REVIEWER_B,independent_reviewer,,human-task-exposure-v2.0,,13019,27-1022.00,Fashion Designers,27-1022,27,Select materials and production techniques to be used for products.,,,,,train,2
HUMAN_REVIEWER_B,independent_reviewer,,human-task-exposure-v2.0,,21830,15-2051.00,Data Scientists,15-2051,15,"Design surveys, opinion polls, or other instruments to collect data.",,,,,train,2
HUMAN_REVIEWER_B,independent_reviewer,,human-task-exposure-v2.0,,17175,29-1241.00,"Ophthalmologists, Except Pediatric",29-1241,29,Perform comprehensive examinations of the visual system to determine the nature or extent of ocular disorders.,,,,,train,2
HUMAN_REVIEWER_B,independent_reviewer,,human-task-exposure-v2.0,,17161,29-1241.00,"Ophthalmologists, Except Pediatric",29-1241,29,"Instruct interns, residents, or others in ophthalmologic procedures and techniques.",,,,,train,2
HUMAN_REVIEWER_B,independent_reviewer,,human-task-exposure-v2.0,,20731,17-2071.00,Electrical Engineers,17-2071,17,"Inspect completed installations and observe operations to ensure conformance to design and equipment specifications and compliance with operational, safety, or environmental standards.",,,,,train,2
HUMAN_REVIEWER_B,independent_reviewer,,human-task-exposure-v2.0,,2191,35-2015.00,"Cooks, Short Order",35-2015,35,"Grill and garnish hamburgers or other meats, such as steaks and chops.",,,,,test,2
HUMAN_REVIEWER_B,independent_reviewer,,human-task-exposure-v2.0,,21304,11-3013.01,Security Managers,11-3013,11,"Purchase security-related supplies, equipment, or technology.",,,,,train,2
HUMAN_REVIEWER_B,independent_reviewer,,human-task-exposure-v2.0,,8616,53-3033.00,Light Truck Drivers,53-3033,53,"Inspect and maintain vehicle supplies and equipment, such as gas, oil, water, tires, lights, or brakes, to ensure that vehicles are in proper working condition.",,,,,train,2
HUMAN_REVIEWER_B,independent_reviewer,,human-task-exposure-v2.0,,17737,47-1011.03,Solar Energy Installation Managers,47-1011,47,"Identify means to reduce costs, minimize risks, or increase efficiency of solar installation projects.",,,,,test,2
HUMAN_REVIEWER_B,independent_reviewer,,human-task-exposure-v2.0,,15343,33-9093.00,Transportation Security Screeners,33-9093,33,"Locate suspicious bags pictured in printouts sent from remote monitoring areas, and set these bags aside for inspection.",,,,,test,2
HUMAN_REVIEWER_B,independent_reviewer,,human-task-exposure-v2.0,,21299,11-3013.01,Security Managers,11-3013,11,"Monitor and ensure a sound, ethical environment.",,,,,train,2
HUMAN_REVIEWER_B,independent_reviewer,,human-task-exposure-v2.0,,3899,27-2012.05,Media Technical Directors/Managers,27-2012,27,Supervise and assign duties to workers engaged in technical control and production of radio and television programs.,,,,,train,2
HUMAN_REVIEWER_B,independent_reviewer,,human-task-exposure-v2.0,,7640,25-4011.00,Archivists,25-4011,25,"Specialize in an area of history or technology, researching topics or items relevant to collections to determine what should be retained or acquired.",,,,,validation,2
HUMAN_REVIEWER_B,independent_reviewer,,human-task-exposure-v2.0,,17535,31-9099.01,Speech-Language Pathology Assistants,31-9099,31,Document clients' progress toward meeting established treatment objectives.,,,,,train,2
HUMAN_REVIEWER_B,independent_reviewer,,human-task-exposure-v2.0,,22219,19-3039.03,Clinical Neuropsychologists,19-3039,19,Interview patients to obtain comprehensive medical histories.,,,,,train,2
HUMAN_REVIEWER_B,independent_reviewer,,human-task-exposure-v2.0,,8227,43-5053.00,"Postal Service Mail Sorters, Processors, and Processing Machine Operators",43-5053,43,"Sort odd-sized mail by hand, sort mail that other workers have been unable to sort, and segregate items requiring special handling.",,,,,test,2
HUMAN_REVIEWER_B,independent_reviewer,,human-task-exposure-v2.0,,8469,51-2092.00,Team Assemblers,51-2092,51,Determine work assignments and procedures.,,,,,train,2
HUMAN_REVIEWER_B,independent_reviewer,,human-task-exposure-v2.0,,14398,51-9194.00,Etchers and Engravers,51-9194,51,"Print proofs or examine designs to verify accuracy of engraving, and rework engraving as required.",,,,,train,2
HUMAN_REVIEWER_B,independent_reviewer,,human-task-exposure-v2.0,,13016,27-1022.00,Fashion Designers,27-1022,27,Confer with sales and management executives or with clients to discuss design ideas.,,,,,train,2
HUMAN_REVIEWER_B,independent_reviewer,,human-task-exposure-v2.0,,11376,43-5061.00,"Production, Planning, and Expediting Clerks",43-5061,43,"Establish and prepare product construction directions and locations and information on required tools, materials, equipment, numbers of workers needed, and cost projections.",,,,,validation,2
HUMAN_REVIEWER_B,independent_reviewer,,human-task-exposure-v2.0,,15182,53-7031.00,Dredge Operators,53-7031,53,"Direct or assist workers placing shore anchors and cables, laying additional pipes from dredges to shore, and pumping water from pontoons.",,,,,train,2
HUMAN_REVIEWER_B,independent_reviewer,,human-task-exposure-v2.0,,11265,41-4011.00,"Sales Representatives, Wholesale and Manufacturing, Technical and Scientific Products",41-4011,41,"Stock or distribute resources, such as samples or promotional or educational materials.",,,,,train,2
HUMAN_REVIEWER_B,independent_reviewer,,human-task-exposure-v2.0,,12716,51-9198.00,Helpers--Production Workers,51-9198,51,Mix ingredients according to specified procedures or formulas.,,,,,train,2
HUMAN_REVIEWER_B,independent_reviewer,,human-task-exposure-v2.0,,18692,29-9091.00,Athletic Trainers,29-9091,29,File athlete insurance claims and communicate with insurance providers.,,,,,train,2
HUMAN_REVIEWER_B,independent_reviewer,,human-task-exposure-v2.0,,17942,49-9099.01,Geothermal Technicians,49-9099,49,"Identify equipment options, such as compressors, and make appropriate selections.",,,,,train,2
HUMAN_REVIEWER_B,independent_reviewer,,human-task-exposure-v2.0,,14074,51-6041.00,Shoe and Leather Workers and Repairers,51-6041,51,"Repair and recondition leather products such as trunks, luggage, shoes, saddles, belts, purses, and baseball gloves.",,,,,train,2
HUMAN_REVIEWER_B,independent_reviewer,,human-task-exposure-v2.0,,21149,35-2012.00,"Cooks, Institution and Cafeteria",35-2012,35,Rotate and store food supplies.,,,,,validation,2
HUMAN_REVIEWER_B,independent_reviewer,,human-task-exposure-v2.0,,20003,13-1081.01,Logistics Engineers,13-1081,13,"Create models or scenarios to predict the impact of changing circumstances, such as fuel costs, road pricing, energy taxes, or carbon emissions legislation.",,,,,train,2
HUMAN_REVIEWER_B,independent_reviewer,,human-task-exposure-v2.0,,11365,43-5061.00,"Production, Planning, and Expediting Clerks",43-5061,43,"Revise production schedules when required due to design changes, labor or material shortages, backlogs, or other interruptions, collaborating with management, marketing, sales, production, or engineering.",,,,,validation,2
HUMAN_REVIEWER_B,independent_reviewer,,human-task-exposure-v2.0,,23465,47-2152.00,"Plumbers, Pipefitters, and Steamfitters",47-2152,47,"Select pipe sizes, types, or related materials, such as supports, hangers, or hydraulic cylinders, according to specifications.",,,,,validation,2
HUMAN_REVIEWER_B,independent_reviewer,,human-task-exposure-v2.0,,20008,13-1081.01,Logistics Engineers,13-1081,13,"Assess the environmental impact or energy efficiency of logistics activities, using carbon mitigation software.",,,,,train,2
HUMAN_REVIEWER_B,independent_reviewer,,human-task-exposure-v2.0,,17311,29-1071.01,Anesthesiologist Assistants,29-1071,29,"Administer anesthetic, adjuvant, or accessory drugs under the direction of an anesthesiologist.",,,,,train,2
HUMAN_REVIEWER_B,independent_reviewer,,human-task-exposure-v2.0,,11738,49-2093.00,"Electrical and Electronics Installers and Repairers, Transportation Equipment",49-2093,49,"Install fixtures, outlets, terminal boards, switches, and wall boxes, using hand tools.",,,,,test,2
HUMAN_REVIEWER_B,independent_reviewer,,human-task-exposure-v2.0,,14906,47-2142.00,Paperhangers,47-2142,47,Smooth strips or sections of paper with brushes or rollers to remove wrinkles and bubbles and to smooth joints.,,,,,test,2
HUMAN_REVIEWER_B,independent_reviewer,,human-task-exposure-v2.0,,1504,19-1023.00,Zoologists and Wildlife Biologists,19-1023,19,Collect and dissect animal specimens and examine specimens under microscope.,,,,,train,2
HUMAN_REVIEWER_B,independent_reviewer,,human-task-exposure-v2.0,,14911,47-2142.00,Paperhangers,47-2142,47,"Cover interior walls and ceilings of rooms with decorative wallpaper or fabric, using hand tools.",,,,,test,2
HUMAN_REVIEWER_B,independent_reviewer,,human-task-exposure-v2.0,,12229,51-7011.00,Cabinetmakers and Bench Carpenters,51-7011,51,"Dip, brush, or spray assembled articles with protective or decorative finishes, such as stain, varnish, paint, or lacquer.",,,,,validation,2
HUMAN_REVIEWER_B,independent_reviewer,,human-task-exposure-v2.0,,8615,53-3033.00,Light Truck Drivers,53-3033,53,Obey traffic laws and follow established traffic and transportation procedures.,,,,,train,2
HUMAN_REVIEWER_B,independent_reviewer,,human-task-exposure-v2.0,,23442,47-2031.00,Carpenters,47-2031,47,"Inspect ceiling or floor tile, wall coverings, siding, glass, or woodwork to detect broken or damaged structures.",,,,,train,2
HUMAN_REVIEWER_B,independent_reviewer,,human-task-exposure-v2.0,,16177,13-1161.01,Search Marketing Strategists,13-1161,13,"Define product requirements, based on market research analysis, in collaboration with user interface design and engineering staff.",,,,,train,2
HUMAN_REVIEWER_B,independent_reviewer,,human-task-exposure-v2.0,,11107,33-2022.00,Forest Fire Inspectors and Prevention Specialists,33-2022,33,"Locate forest fires on area maps, using azimuth sighters and known landmarks.",,,,,validation,2
HUMAN_REVIEWER_B,independent_reviewer,,human-task-exposure-v2.0,,5206,11-9031.00,"Education and Childcare Administrators, Preschool and Daycare",11-9031,11,"Write articles, manuals, and other publications and assist in the distribution of promotional literature about programs and facilities.",,,,,test,2
HUMAN_REVIEWER_B,independent_reviewer,,human-task-exposure-v2.0,,13788,49-9031.00,Home Appliance Repairers,49-9031,49,Disassemble appliances so that problems can be diagnosed and repairs can be made.,,,,,train,2
HUMAN_REVIEWER_B,independent_reviewer,,human-task-exposure-v2.0,,5134,39-3091.00,Amusement and Recreation Attendants,39-3091,39,"Maintain inventories of equipment, storing and retrieving items and assembling and disassembling equipment as necessary.",,,,,validation,2
HUMAN_REVIEWER_B,independent_reviewer,,human-task-exposure-v2.0,,15663,11-3031.03,Investment Fund Managers,11-3031,11,Direct activities of accounting or operations departments.,,,,,train,2
HUMAN_REVIEWER_B,independent_reviewer,,human-task-exposure-v2.0,,9245,23-2093.00,"Title Examiners, Abstractors, and Searchers",23-2093,23,"Determine whether land-related documents can be registered under the relevant legislation, such as the Land Titles Act.",,,,,test,2
HUMAN_REVIEWER_B,independent_reviewer,,human-task-exposure-v2.0,,18530,29-1127.00,Speech-Language Pathologists,29-1127,29,Supervise or collaborate with therapy team.,,,,,test,2
HUMAN_REVIEWER_B,independent_reviewer,,human-task-exposure-v2.0,,1498,19-1023.00,Zoologists and Wildlife Biologists,19-1023,19,"Perform administrative duties, such as fundraising, public relations, budgeting, and supervision of zoo staff.",,,,,train,2
HUMAN_REVIEWER_B,independent_reviewer,,human-task-exposure-v2.0,,20617,41-4011.00,"Sales Representatives, Wholesale and Manufacturing, Technical and Scientific Products",41-4011,41,Demonstrate the operation or use of technical or scientific products.,,,,,train,2
HUMAN_REVIEWER_B,independent_reviewer,,human-task-exposure-v2.0,,23176,39-1022.00,First-Line Supervisors of Personal Service Workers,39-1022,39,Arrange worker breaks to ensure services are adequately staffed throughout each shift.,,,,,train,2
HUMAN_REVIEWER_B,independent_reviewer,,human-task-exposure-v2.0,,23957,19-1023.00,Zoologists and Wildlife Biologists,19-1023,19,"Develop, or make recommendations on, management systems and plans for wildlife populations and habitat, consulting with stakeholders and the public at large to explore options.",,,,,train,2
HUMAN_REVIEWER_B,independent_reviewer,,human-task-exposure-v2.0,,14669,15-1299.08,Computer Systems Engineers/Architects,15-1299,15,"Verify stability, interoperability, portability, security, or scalability of system architecture.",,,,,train,2
HUMAN_REVIEWER_B,independent_reviewer,,human-task-exposure-v2.0,,17834,51-8099.01,Biofuels Processing Technicians,51-8099,51,Coordinate raw product sourcing or collection.,,,,,validation,2
HUMAN_REVIEWER_B,independent_reviewer,,human-task-exposure-v2.0,,20836,53-6021.00,Parking Attendants,53-6021,53,"Perform cash handling tasks, such as making change, balancing and recording cash drawer, or distributing tips.",,,,,train,2
HUMAN_REVIEWER_B,independent_reviewer,,human-task-exposure-v2.0,,6277,25-1121.00,"Art, Drama, and Music Teachers, Postsecondary",25-1121,25,"Select and obtain materials and supplies, such as textbooks and performance pieces.",,,,,train,2
HUMAN_REVIEWER_B,independent_reviewer,,human-task-exposure-v2.0,,12699,51-9198.00,Helpers--Production Workers,51-9198,51,"Load and unload items from machines, conveyors, and conveyances.",,,,,train,2
HUMAN_REVIEWER_B,independent_reviewer,,human-task-exposure-v2.0,,17736,47-1011.03,Solar Energy Installation Managers,47-1011,47,"Evaluate subcontractors or subcontractor bids for quality, cost, and reliability.",,,,,test,2
HUMAN_REVIEWER_B,independent_reviewer,,human-task-exposure-v2.0,,3417,13-2072.00,Loan Officers,13-2072,13,Handle customer complaints and take appropriate action to resolve them.,,,,,train,2
HUMAN_REVIEWER_B,independent_reviewer,,human-task-exposure-v2.0,,8792,51-3021.00,Butchers and Meat Cutters,51-3021,51,Negotiate with representatives from supply companies to determine order details.,,,,,test,2
HUMAN_REVIEWER_B,independent_reviewer,,human-task-exposure-v2.0,,1228,13-1121.00,"Meeting, Convention, and Event Planners",13-1121,13,"Promote conference, convention and trades show services by performing tasks such as meeting with professional and trade associations, and producing brochures and other publications.",,,,,train,2
HUMAN_REVIEWER_B,independent_reviewer,,human-task-exposure-v2.0,,17166,29-1241.00,"Ophthalmologists, Except Pediatric",29-1241,29,Provide or direct the provision of postoperative care.,,,,,train,2
HUMAN_REVIEWER_B,independent_reviewer,,human-task-exposure-v2.0,,17536,31-9099.01,Speech-Language Pathology Assistants,31-9099,31,Test or maintain equipment to ensure correct performance.,,,,,train,2
HUMAN_REVIEWER_B,independent_reviewer,,human-task-exposure-v2.0,,20609,41-4011.00,"Sales Representatives, Wholesale and Manufacturing, Technical and Scientific Products",41-4011,41,Contact new or existing customers to discuss how specific products or services can meet their needs.,,,,,train,2
HUMAN_REVIEWER_B,independent_reviewer,,human-task-exposure-v2.0,,9498,35-2012.00,"Cooks, Institution and Cafeteria",35-2012,35,"Plan menus that are varied, nutritionally balanced, and appetizing, taking advantage of foods in season and local availability.",,,,,validation,2
HUMAN_REVIEWER_B,independent_reviewer,,human-task-exposure-v2.0,,19148,29-1129.01,Art Therapists,29-1129,29,Establish goals or objectives for art therapy sessions in consultation with clients or site administrators.,,,,,train,2
HUMAN_REVIEWER_B,independent_reviewer,,human-task-exposure-v2.0,,9939,49-2091.00,Avionics Technicians,49-2091,49,"Adjust, repair, or replace malfunctioning components or assemblies, using hand tools or soldering irons.",,,,,train,2
HUMAN_REVIEWER_B,independent_reviewer,,human-task-exposure-v2.0,,1998,31-1133.00,Psychiatric Aides,31-1133,31,"Organize, supervise, or encourage patient participation in social, educational, or recreational activities.",,,,,validation,2
HUMAN_REVIEWER_B,independent_reviewer,,human-task-exposure-v2.0,,6398,25-1126.00,"Philosophy and Religion Teachers, Postsecondary",25-1126,25,Write grant proposals to procure external research funding.,,,,,train,2
HUMAN_REVIEWER_B,independent_reviewer,,human-task-exposure-v2.0,,21835,15-2051.00,Data Scientists,15-2051,15,"Read scientific articles, conference papers, or other sources of research to identify emerging analytic trends and technologies.",,,,,train,2
HUMAN_REVIEWER_B,independent_reviewer,,human-task-exposure-v2.0,,17302,29-1071.01,Anesthesiologist Assistants,29-1071,29,"Respond to emergency situations by providing cardiopulmonary resuscitation (CPR), basic cardiac life support (BLS), advanced cardiac life support (ACLS), or pediatric advanced life support (PALS).",,,,,train,2
HUMAN_REVIEWER_B,independent_reviewer,,human-task-exposure-v2.0,,13843,49-9091.00,"Coin, Vending, and Amusement Machine Servicers and Repairers",49-9091,49,"Record transaction information on forms or logs, and notify designated personnel of discrepancies.",,,,,train,2
HUMAN_REVIEWER_B,independent_reviewer,,human-task-exposure-v2.0,,9805,45-4022.00,Logging Equipment Operators,45-4022,45,Drive tractors for building or repairing logging and skid roads.,,,,,train,2
HUMAN_REVIEWER_B,independent_reviewer,,human-task-exposure-v2.0,,19143,29-1129.01,Art Therapists,29-1129,29,"Conduct art therapy sessions, providing guided self-expression experiences to help clients recover from, or cope with, cognitive, emotional, or physical impairments.",,,,,train,2
HUMAN_REVIEWER_B,independent_reviewer,,human-task-exposure-v2.0,,20272,43-5011.00,Cargo and Freight Agents,43-5011,43,"Notify consignees, passengers, or customers of freight or baggage arrival and arrange for delivery.",,,,,train,2
HUMAN_REVIEWER_B,independent_reviewer,,human-task-exposure-v2.0,,5195,11-9031.00,"Education and Childcare Administrators, Preschool and Daycare",11-9031,11,"Set educational standards and goals and help establish policies, procedures, and programs to carry them out.",,,,,test,2
HUMAN_REVIEWER_B,independent_reviewer,,human-task-exposure-v2.0,,6919,29-1011.00,Chiropractors,29-1011,29,Analyze x-rays to locate the sources of patients' difficulties and to rule out fractures or diseases as sources of problems.,,,,,train,2
HUMAN_REVIEWER_B,independent_reviewer,,human-task-exposure-v2.0,,14395,51-9194.00,Etchers and Engravers,51-9194,51,"Inspect etched work for depth of etching, uniformity, and defects, using calibrated microscopes, gauges, fingers, or magnifying lenses.",,,,,train,2
HUMAN_REVIEWER_B,independent_reviewer,,human-task-exposure-v2.0,,19278,29-2099.05,Ophthalmic Medical Technologists,29-2099,29,"Perform slit lamp biomicroscopy procedures to diagnose disorders of the eye, such as retinitis, presbyopia, cataracts, or retinal detachment.",,,,,train,2
HUMAN_REVIEWER_B,independent_reviewer,,human-task-exposure-v2.0,,8624,53-3033.00,Light Truck Drivers,53-3033,53,"Report delays, accidents, or other traffic and transportation situations to bases or other vehicles, using telephones or mobile two-way radios.",,,,,train,2
HUMAN_REVIEWER_B,independent_reviewer,,human-task-exposure-v2.0,,18524,29-1127.00,Speech-Language Pathologists,29-1127,29,"Write reports and maintain proper documentation of information, such as client Medicaid or billing records or caseload activities, including the initial evaluation, treatment, progress, and discharge of clients.",,,,,test,2
HUMAN_REVIEWER_B,independent_reviewer,,human-task-exposure-v2.0,,19275,29-2099.05,Ophthalmic Medical Technologists,29-2099,29,"Measure visual acuity, including near, distance, pinhole, or dynamic visual acuity, using appropriate tests.",,,,,train,2
HUMAN_REVIEWER_B,independent_reviewer,,human-task-exposure-v2.0,,12683,51-9196.00,"Paper Goods Machine Setters, Operators, and Tenders",51-9196,51,"Observe operation of various machines to detect and correct machine malfunctions such as improper forming, glue flow, or pasteboard tension.",,,,,train,2
HUMAN_REVIEWER_B,independent_reviewer,,human-task-exposure-v2.0,,12688,51-9196.00,"Paper Goods Machine Setters, Operators, and Tenders",51-9196,51,Monitor finished cartons as they drop from forming machines into rotating hoppers and into gravity feed chutes to prevent jamming.,,,,,train,2
HUMAN_REVIEWER_B,independent_reviewer,,human-task-exposure-v2.0,,14568,53-5031.00,Ship Engineers,53-5031,53,"Fabricate engine replacement parts, such as valves, stay rods, or bolts, using metalworking machinery.",,,,,train,2
HUMAN_REVIEWER_B,independent_reviewer,,human-task-exposure-v2.0,,2795,43-6014.00,"Secretaries and Administrative Assistants, Except Legal, Medical, and Executive",43-6014,43,Complete forms in accordance with company procedures.,,,,,train,2
HUMAN_REVIEWER_B,independent_reviewer,,human-task-exposure-v2.0,,17064,29-1229.01,Allergists and Immunologists,29-1229,29,Conduct laboratory or clinical research on allergy or immunology topics.,,,,,validation,2
HUMAN_REVIEWER_B,independent_reviewer,,human-task-exposure-v2.0,,15827,11-9199.10,Wind Energy Development Managers,11-9199,11,"Lead or support negotiations involving tax agreements or abatements, power purchase agreements, land use, or interconnection agreements.",,,,,test,2
HUMAN_REVIEWER_B,independent_reviewer,,human-task-exposure-v2.0,,8221,43-5053.00,"Postal Service Mail Sorters, Processors, and Processing Machine Operators",43-5053,43,Clear jams in sorting equipment.,,,,,test,2
HUMAN_REVIEWER_B,independent_reviewer,,human-task-exposure-v2.0,,14683,15-1299.08,Computer Systems Engineers/Architects,15-1299,15,Design and conduct hardware or software tests.,,,,,train,2
HUMAN_REVIEWER_B,independent_reviewer,,human-task-exposure-v2.0,,3189,53-6021.00,Parking Attendants,53-6021,53,"Direct motorists to parking areas or parking spaces, using hand signals or flashlights as necessary.",,,,,train,2
HUMAN_REVIEWER_B,independent_reviewer,,human-task-exposure-v2.0,,17309,29-1071.01,Anesthesiologist Assistants,29-1071,29,"Administer blood, blood products, or supportive fluids.",,,,,train,2
HUMAN_REVIEWER_B,independent_reviewer,,human-task-exposure-v2.0,,1358,17-2071.00,Electrical Engineers,17-2071,17,"Prepare technical drawings, specifications of electrical systems, or topographical maps to ensure that installation and operations conform to standards and customer requirements.",,,,,train,2
HUMAN_REVIEWER_B,independent_reviewer,,human-task-exposure-v2.0,,20534,19-4012.00,Agricultural Technicians,19-4012,19,"Perform laboratory or field testing, using spectrometers, nitrogen determination apparatus, air samplers, centrifuges, or potential hydrogen (pH) meters to perform tests.",,,,,train,2
HUMAN_REVIEWER_B,independent_reviewer,,human-task-exposure-v2.0,,21275,11-3013.00,Facilities Managers,11-3013,11,Manage leasing of facility space.,,,,,validation,2
HUMAN_REVIEWER_B,independent_reviewer,,human-task-exposure-v2.0,,8230,43-5053.00,"Postal Service Mail Sorters, Processors, and Processing Machine Operators",43-5053,43,Cancel letter or parcel post stamps by hand.,,,,,test,2
HUMAN_REVIEWER_B,independent_reviewer,,human-task-exposure-v2.0,,5335,17-2021.00,Agricultural Engineers,17-2021,17,Design food processing plants and related mechanical systems.,,,,,train,2
HUMAN_REVIEWER_B,independent_reviewer,,human-task-exposure-v2.0,,9488,35-2012.00,"Cooks, Institution and Cafeteria",35-2012,35,"Cook foodstuffs according to menus, special dietary or nutritional restrictions, or numbers of portions to be served.",,,,,validation,2
HUMAN_REVIEWER_B,independent_reviewer,,human-task-exposure-v2.0,,9734,43-4061.00,"Eligibility Interviewers, Government Programs",43-4061,43,"Interpret and explain information such as eligibility requirements, application details, payment methods, and applicants' legal rights.",,,,,train,2
HUMAN_REVIEWER_B,independent_reviewer,,human-task-exposure-v2.0,,21012,39-9032.00,Recreation Workers,39-9032,39,Develop treatment goals for individuals based on their assessments.,,,,,train,2
HUMAN_REVIEWER_B,independent_reviewer,,human-task-exposure-v2.0,,15972,13-1199.05,Sustainability Specialists,13-1199,13,"Write grant applications, rebate applications, or project proposals to secure funding for sustainability projects.",,,,,train,2
HUMAN_REVIEWER_B,independent_reviewer,,human-task-exposure-v2.0,,2119,33-3012.00,Correctional Officers and Jailers,33-3012,33,"Sponsor inmate recreational activities, such as newspapers and self-help groups.",,,,,train,2
HUMAN_REVIEWER_B,independent_reviewer,,human-task-exposure-v2.0,,6383,25-1126.00,"Philosophy and Religion Teachers, Postsecondary",25-1126,25,"Keep abreast of developments in the field by reading current literature, talking with colleagues, and participating in professional conferences.",,,,,train,2
HUMAN_REVIEWER_B,independent_reviewer,,human-task-exposure-v2.0,,14173,51-6063.00,"Textile Knitting and Weaving Machine Setters, Operators, and Tenders",51-6063,51,"Confer with co-workers to obtain information about orders, processes, or problems.",,,,,train,2
HUMAN_REVIEWER_B,independent_reviewer,,human-task-exposure-v2.0,,4096,29-1124.00,Radiation Therapists,29-1124,29,Calculate actual treatment dosages delivered during each session.,,,,,train,2
HUMAN_REVIEWER_B,independent_reviewer,,human-task-exposure-v2.0,,5336,17-2021.00,Agricultural Engineers,17-2021,17,"Prepare reports, sketches, working drawings, specifications, proposals, and budgets for proposed sites or systems.",,,,,train,2
HUMAN_REVIEWER_B,independent_reviewer,,human-task-exposure-v2.0,,16987,19-4099.03,Remote Sensing Technicians,19-4099,19,"Prepare documentation or presentations, including charts, photos, or graphs.",,,,,train,2
HUMAN_REVIEWER_B,independent_reviewer,,human-task-exposure-v2.0,,8468,51-2092.00,Team Assemblers,51-2092,51,Rotate through all the tasks required in a particular production process.,,,,,train,2
HUMAN_REVIEWER_B,independent_reviewer,,human-task-exposure-v2.0,,14435,53-1041.00,Aircraft Cargo Handling Supervisors,53-1041,53,"Determine the quantity and orientation of cargo, and compute an aircraft's center of gravity.",,,,,train,2
HUMAN_REVIEWER_B,independent_reviewer,,human-task-exposure-v2.0,,17818,51-8099.01,Biofuels Processing Technicians,51-8099,51,"Calculate, measure, load, or mix refined feedstock used in biofuels production.",,,,,validation,2
HUMAN_REVIEWER_B,independent_reviewer,,human-task-exposure-v2.0,,23872,53-7065.00,Stockers and Order Fillers,53-7065,53,Obtain merchandise from bins or shelves.,,,,,train,2
HUMAN_REVIEWER_B,independent_reviewer,,human-task-exposure-v2.0,,23886,53-7065.00,Stockers and Order Fillers,53-7065,53,"Issue or distribute materials, products, parts, and supplies to customers or coworkers, based on information from incoming requisitions.",,,,,train,2
HUMAN_REVIEWER_B,independent_reviewer,,human-task-exposure-v2.0,,1883,29-1127.00,Speech-Language Pathologists,29-1127,29,Provide communication instruction to dialect speakers or students with limited English proficiency.,,,,,test,2
HUMAN_REVIEWER_B,independent_reviewer,,human-task-exposure-v2.0,,23663,51-9124.00,"Coating, Painting, and Spraying Machine Setters, Operators, and Tenders",51-9124,51,"Set up portable equipment, such as ventilators, exhaust units, ladders, or scaffolding.",,,,,test,2
HUMAN_REVIEWER_B,independent_reviewer,,human-task-exposure-v2.0,,9861,47-2073.00,Operating Engineers and Other Construction Equipment Operators,47-2073,47,Check fuel supplies at sites to ensure adequate availability.,,,,,train,2
HUMAN_REVIEWER_B,independent_reviewer,,human-task-exposure-v2.0,,9944,49-2091.00,Avionics Technicians,49-2091,49,"Assemble prototypes or models of circuits, instruments, and systems for use in testing.",,,,,train,2
HUMAN_REVIEWER_B,independent_reviewer,,human-task-exposure-v2.0,,9855,47-2073.00,Operating Engineers and Other Construction Equipment Operators,47-2073,47,"Align machines, cutterheads, or depth gauge makers with reference stakes and guidelines or ground or position equipment, following hand signals of other workers.",,,,,train,2
HUMAN_REVIEWER_B,independent_reviewer,,human-task-exposure-v2.0,,21833,15-2051.00,Data Scientists,15-2051,15,"Identify solutions to business problems, such as budgeting, staffing, and marketing decisions, using the results of data analysis.",,,,,train,2
HUMAN_REVIEWER_B,independent_reviewer,,human-task-exposure-v2.0,,9241,23-2093.00,"Title Examiners, Abstractors, and Searchers",23-2093,23,"Prepare and issue title commitments and title insurance policies, based on information compiled from title searches.",,,,,test,2
HUMAN_REVIEWER_B,independent_reviewer,,human-task-exposure-v2.0,,8656,27-3092.00,Court Reporters and Simultaneous Captioners,27-3092,27,Transcribe recorded proceedings in accordance with established formats.,,,,,train,2
HUMAN_REVIEWER_B,independent_reviewer,,human-task-exposure-v2.0,,22386,25-2056.00,"Special Education Teachers, Elementary School",25-2056,25,"Provide assistive devices, supportive technology, or assistance accessing facilities, such as restrooms.",,,,,train,2
HUMAN_REVIEWER_B,independent_reviewer,,human-task-exposure-v2.0,,21931,17-3011.00,Architectural and Civil Drafters,17-3011,17,Explain drawings to production or construction teams and provide adjustments as necessary.,,,,,train,2
HUMAN_REVIEWER_B,independent_reviewer,,human-task-exposure-v2.0,,14165,51-6063.00,"Textile Knitting and Weaving Machine Setters, Operators, and Tenders",51-6063,51,Observe woven cloth to detect weaving defects.,,,,,train,2
HUMAN_REVIEWER_B,independent_reviewer,,human-task-exposure-v2.0,,1213,13-1121.00,"Meeting, Convention, and Event Planners",13-1121,13,"Plan and develop programs, agendas, budgets, and services according to customer requirements.",,,,,train,2
HUMAN_REVIEWER_B,independent_reviewer,,human-task-exposure-v2.0,,22108,17-3031.00,Surveying and Mapping Technicians,17-3031,17,"Determine scales, line sizes, or colors to be used for hard copies of computerized maps, using plotters.",,,,,train,2
HUMAN_REVIEWER_B,independent_reviewer,,human-task-exposure-v2.0,,11109,33-2022.00,Forest Fire Inspectors and Prevention Specialists,33-2022,33,"Examine and inventory firefighting equipment, such as axes, fire hoses, shovels, pumps, buckets, and fire extinguishers, to determine amount and condition.",,,,,validation,2
HUMAN_REVIEWER_B,independent_reviewer,,human-task-exposure-v2.0,,1395,17-2112.00,Industrial Engineers,17-2112,17,"Apply statistical methods and perform mathematical calculations to determine manufacturing processes, staff requirements, and production standards.",,,,,train,2
HUMAN_REVIEWER_B,independent_reviewer,,human-task-exposure-v2.0,,6275,25-1121.00,"Art, Drama, and Music Teachers, Postsecondary",25-1121,25,"Compile, administer, and grade examinations, or assign this work to others.",,,,,train,2
HUMAN_REVIEWER_B,independent_reviewer,,human-task-exposure-v2.0,,8786,51-3021.00,Butchers and Meat Cutters,51-3021,51,"Cut, trim, bone, tie, and grind meats, such as beef, pork, poultry, and fish, to prepare in cooking form.",,,,,test,2
HUMAN_REVIEWER_B,independent_reviewer,,human-task-exposure-v2.0,,20838,53-6021.00,Parking Attendants,53-6021,53,"Provide customer assistance and information, such as giving directions or handling wheelchairs.",,,,,train,2
HUMAN_REVIEWER_B,independent_reviewer,,human-task-exposure-v2.0,,9535,37-1011.00,First-Line Supervisors of Housekeeping and Janitorial Workers,37-1011,37,"Perform financial tasks, such as estimating costs and preparing and managing budgets.",,,,,validation,2
HUMAN_REVIEWER_B,independent_reviewer,,human-task-exposure-v2.0,,8458,51-1011.00,First-Line Supervisors of Production and Operating Workers,51-1011,51,"Confer with management or subordinates to resolve worker problems, complaints, or grievances.",,,,,train,2
HUMAN_REVIEWER_B,independent_reviewer,,human-task-exposure-v2.0,,15968,13-1199.05,Sustainability Specialists,13-1199,13,Review and revise sustainability proposals or policies.,,,,,train,2
HUMAN_REVIEWER_B,independent_reviewer,,human-task-exposure-v2.0,,5420,19-1011.00,Animal Scientists,19-1011,19,Crossbreed animals with existing strains or cross strains to obtain new combinations of desirable characteristics.,,,,,validation,2
HUMAN_REVIEWER_B,independent_reviewer,,human-task-exposure-v2.0,,319,29-1031.00,Dietitians and Nutritionists,29-1031,29,Coordinate recipe development and standardization and develop new menus for independent food service operations.,,,,,train,2
HUMAN_REVIEWER_B,independent_reviewer,,human-task-exposure-v2.0,,21944,17-3011.00,Architectural and Civil Drafters,17-3011,17,"Review rough sketches, drawings, specifications, and other engineering data to ensure that they conform to design concepts.",,,,,train,2
HUMAN_REVIEWER_B,independent_reviewer,,human-task-exposure-v2.0,,13815,49-9031.00,Home Appliance Repairers,49-9031,49,"Measure, cut, and thread pipe, and connect it to feeder lines and equipment or appliances, using rules and hand tools.",,,,,train,2
HUMAN_REVIEWER_B,independent_reviewer,,human-task-exposure-v2.0,,17066,29-1229.01,Allergists and Immunologists,29-1229,29,"Prescribe medication such as antihistamines, antibiotics, and nasal, oral, topical, or inhaled glucocorticosteroids.",,,,,validation,2
HUMAN_REVIEWER_B,independent_reviewer,,human-task-exposure-v2.0,,12216,51-7011.00,Cabinetmakers and Bench Carpenters,51-7011,51,"Establish the specifications of articles to be constructed or repaired, or plan the methods or operations for shaping or assembling parts, based on blueprints, drawings, diagrams, or oral or written instructions.",,,,,validation,2
HUMAN_REVIEWER_B,independent_reviewer,,human-task-exposure-v2.0,,6454,25-1194.00,"Career/Technical Education Teachers, Postsecondary",25-1194,25,Develop curricula and plan course content and methods of instruction.,,,,,test,2
HUMAN_REVIEWER_B,independent_reviewer,,human-task-exposure-v2.0,,14385,51-9194.00,Etchers and Engravers,51-9194,51,Clean and polish engraved areas.,,,,,train,2
HUMAN_REVIEWER_B,independent_reviewer,,human-task-exposure-v2.0,,5563,19-4071.00,Forest and Conservation Technicians,19-4071,19,"Train and lead forest and conservation workers in seasonal activities, such as planting tree seedlings, putting out forest fires, and maintaining recreational facilities.",,,,,train,2
HUMAN_REVIEWER_B,independent_reviewer,,human-task-exposure-v2.0,,10944,21-2011.00,Clergy,21-2011,21,"Study and interpret religious laws, doctrines, or traditions.",,,,,test,2
HUMAN_REVIEWER_B,independent_reviewer,,human-task-exposure-v2.0,,19263,29-2099.05,Ophthalmic Medical Technologists,29-2099,29,Calculate corrections for refractive errors.,,,,,train,2
HUMAN_REVIEWER_B,independent_reviewer,,human-task-exposure-v2.0,,15354,33-9093.00,Transportation Security Screeners,33-9093,33,Follow those who breach security until police or other security personnel arrive to apprehend them.,,,,,test,2
HUMAN_REVIEWER_B,independent_reviewer,,human-task-exposure-v2.0,,22014,17-3024.00,Electro-Mechanical and Mechatronics Technologists and Technicians,17-3024,17,Install or program computer hardware or machine or instrumentation software in microprocessor-based systems.,,,,,train,2
HUMAN_REVIEWER_B,independent_reviewer,,human-task-exposure-v2.0,,17070,29-1229.01,Allergists and Immunologists,29-1229,29,Interpret diagnostic test results to make appropriate differential diagnoses.,,,,,validation,2
HUMAN_REVIEWER_B,independent_reviewer,,human-task-exposure-v2.0,,6284,25-1121.00,"Art, Drama, and Music Teachers, Postsecondary",25-1121,25,"Perform administrative duties, such as serving as department head.",,,,,train,2
HUMAN_REVIEWER_B,independent_reviewer,,human-task-exposure-v2.0,,12678,51-9196.00,"Paper Goods Machine Setters, Operators, and Tenders",51-9196,51,"Examine completed work to detect defects and verify conformance to work orders, and adjust machinery as necessary to correct production problems.",,,,,train,2
HUMAN_REVIEWER_B,independent_reviewer,,human-task-exposure-v2.0,,1754,27-2022.00,Coaches and Scouts,27-2022,27,Monitor athletes' use of equipment to ensure safe and proper use.,,,,,train,2
HUMAN_REVIEWER_B,independent_reviewer,,human-task-exposure-v2.0,,13841,49-9091.00,"Coin, Vending, and Amusement Machine Servicers and Repairers",49-9091,49,Contact other repair personnel or make arrangements for the removal of machines in cases where major repairs are required.,,,,,train,2
HUMAN_REVIEWER_B,independent_reviewer,,human-task-exposure-v2.0,,1402,17-2112.00,Industrial Engineers,17-2112,17,"Formulate sampling procedures and designs and develop forms and instructions for recording, evaluating, and reporting quality and reliability data.",,,,,train,2
HUMAN_REVIEWER_B,independent_reviewer,,human-task-exposure-v2.0,,20325,13-1161.01,Search Marketing Strategists,13-1161,13,Execute or manage social media campaigns to inform search marketing tactics.,,,,,train,2
HUMAN_REVIEWER_B,independent_reviewer,,human-task-exposure-v2.0,,14078,51-6041.00,Shoe and Leather Workers and Repairers,51-6041,51,"Read prescriptions or specifications, and take measurements to establish the type of product to be made, using calipers, tape measures, or rules.",,,,,train,2
HUMAN_REVIEWER_B,independent_reviewer,,human-task-exposure-v2.0,,13975,51-2051.00,Fiberglass Laminators and Fabricators,51-2051,51,"Bond wood reinforcing strips to decks and cabin structures of watercraft, using resin-saturated fiberglass.",,,,,validation,2
HUMAN_REVIEWER_B,independent_reviewer,,human-task-exposure-v2.0,,6249,25-1113.00,"Social Work Teachers, Postsecondary",25-1113,25,"Compile, administer, and grade examinations, or assign this work to others.",,,,,train,2
HUMAN_REVIEWER_B,independent_reviewer,,human-task-exposure-v2.0,,16110,15-1243.00,Database Architects,15-1243,15,"Design database applications, such as interfaces, data transfer mechanisms, global temporary tables, data partitions, and function-based indexes to enable efficient access of the generic database structure.",,,,,train,2
HUMAN_REVIEWER_B,independent_reviewer,,human-task-exposure-v2.0,,17732,47-1011.03,Solar Energy Installation Managers,47-1011,47,"Provide technical assistance to installers, technicians, or other solar professionals in areas such as solar electric systems, solar thermal systems, electrical systems, or mechanical systems.",,,,,test,2
HUMAN_REVIEWER_B,independent_reviewer,,human-task-exposure-v2.0,,7638,25-4011.00,Archivists,25-4011,25,Locate new materials and direct their acquisition and display.,,,,,validation,2
HUMAN_REVIEWER_B,independent_reviewer,,human-task-exposure-v2.0,,2791,43-6014.00,"Secretaries and Administrative Assistants, Except Legal, Medical, and Executive",43-6014,43,Greet visitors or callers and handle their inquiries or direct them to the appropriate persons according to their needs.,,,,,train,2
HUMAN_REVIEWER_B,independent_reviewer,,human-task-exposure-v2.0,,2187,35-2015.00,"Cooks, Short Order",35-2015,35,"Clean food preparation equipment, work areas, and counters or tables.",,,,,test,2
HUMAN_REVIEWER_B,independent_reviewer,,human-task-exposure-v2.0,,4221,29-9091.00,Athletic Trainers,29-9091,29,Conduct an initial assessment of an athlete's injury or illness to provide emergency or continued care and to determine whether they should be referred to physicians for definitive diagnosis and treatment.,,,,,train,2
HUMAN_REVIEWER_B,independent_reviewer,,human-task-exposure-v2.0,,9239,23-2093.00,"Title Examiners, Abstractors, and Searchers",23-2093,23,"Direct activities of workers who search records and examine titles, assigning, scheduling, and evaluating work, and providing technical guidance as necessary.",,,,,test,2
HUMAN_REVIEWER_B,independent_reviewer,,human-task-exposure-v2.0,,14871,47-2043.00,Floor Sanders and Finishers,47-2043,47,Guide sanding machines over surfaces of floors until surfaces are smooth.,,,,,test,2
HUMAN_REVIEWER_B,independent_reviewer,,human-task-exposure-v2.0,,316,29-1031.00,Dietitians and Nutritionists,29-1031,29,"Advise patients and their families on nutritional principles, dietary plans, diet modifications, and food selection and preparation.",,,,,train,2
HUMAN_REVIEWER_B,independent_reviewer,,human-task-exposure-v2.0,,2394,39-9032.00,Recreation Workers,39-9032,39,"Meet with staff to discuss rules, regulations, and work-related problems.",,,,,train,2
HUMAN_REVIEWER_B,independent_reviewer,,human-task-exposure-v2.0,,3908,27-2012.05,Media Technical Directors/Managers,27-2012,27,"Follow instructions from production managers and directors during productions, such as commands for camera cuts, effects, graphics, and takes.",,,,,train,2
HUMAN_REVIEWER_B,independent_reviewer,,human-task-exposure-v2.0,,6918,29-1011.00,Chiropractors,29-1011,29,Obtain and record patients' medical histories.,,,,,train,2
HUMAN_REVIEWER_B,independent_reviewer,,human-task-exposure-v2.0,,22107,17-3031.00,Surveying and Mapping Technicians,17-3031,17,"Produce or update overlay maps to show information boundaries, water locations, or topographic features on various base maps or at different scales.",,,,,train,2
HUMAN_REVIEWER_B,independent_reviewer,,human-task-exposure-v2.0,,21934,17-3011.00,Architectural and Civil Drafters,17-3011,17,Locate and identify symbols on topographical surveys to denote geological and geophysical formations or oil field installations.,,,,,train,2
HUMAN_REVIEWER_B,independent_reviewer,,human-task-exposure-v2.0,,12210,51-7011.00,Cabinetmakers and Bench Carpenters,51-7011,51,"Produce or assemble components of articles, such as store fixtures, office equipment, cabinets, or high-grade furniture.",,,,,validation,2
HUMAN_REVIEWER_B,independent_reviewer,,human-task-exposure-v2.0,,14175,51-6063.00,"Textile Knitting and Weaving Machine Setters, Operators, and Tenders",51-6063,51,"Clean, oil, and lubricate machines, using air hoses, cleaning solutions, rags, oil cans, or grease guns.",,,,,train,2
HUMAN_REVIEWER_B,independent_reviewer,,human-task-exposure-v2.0,,8463,51-1011.00,First-Line Supervisors of Production and Operating Workers,51-1011,51,"Requisition materials, supplies, equipment parts, or repair services.",,,,,train,2
HUMAN_REVIEWER_B,independent_reviewer,,human-task-exposure-v2.0,,15975,13-1199.05,Sustainability Specialists,13-1199,13,Create or maintain plans or other documents related to sustainability projects.,,,,,train,2
HUMAN_REVIEWER_B,independent_reviewer,,human-task-exposure-v2.0,,779,43-6013.00,Medical Secretaries and Administrative Assistants,43-6013,43,"Greet visitors, ascertain purpose of visit, and direct them to appropriate staff.",,,,,train,2
HUMAN_REVIEWER_B,independent_reviewer,,human-task-exposure-v2.0,,789,43-6013.00,Medical Secretaries and Administrative Assistants,43-6013,43,"Prepare correspondence or assist physicians or medical scientists with preparation of reports, speeches, articles, or conference proceedings.",,,,,train,2
HUMAN_REVIEWER_B,independent_reviewer,,human-task-exposure-v2.0,,22365,25-2056.00,"Special Education Teachers, Elementary School",25-2056,25,Develop or implement strategies to meet the needs of students with a variety of disabilities.,,,,,train,2
HUMAN_REVIEWER_B,independent_reviewer,,human-task-exposure-v2.0,,7630,25-4011.00,Archivists,25-4011,25,"Create and maintain accessible, retrievable computer archives and databases, incorporating current advances in electronic information storage technology.",,,,,validation,2
HUMAN_REVIEWER_B,independent_reviewer,,human-task-exposure-v2.0,,4859,47-3015.00,"Helpers--Pipelayers, Plumbers, Pipefitters, and Steamfitters",47-3015,47,"Mount brackets and hangers on walls and ceilings to hold pipes, and set sleeves or inserts to provide support for pipes.",,,,,validation,2
HUMAN_REVIEWER_B,independent_reviewer,,human-task-exposure-v2.0,,10950,21-2011.00,Clergy,21-2011,21,Prepare people for participation in religious ceremonies.,,,,,test,2
HUMAN_REVIEWER_B,independent_reviewer,,human-task-exposure-v2.0,,14434,53-1041.00,Aircraft Cargo Handling Supervisors,53-1041,53,"Direct ground crews in the loading, unloading, securing, or staging of aircraft cargo or baggage.",,,,,train,2
HUMAN_REVIEWER_B,independent_reviewer,,human-task-exposure-v2.0,,5337,17-2021.00,Agricultural Engineers,17-2021,17,"Meet with clients, such as district or regional councils, farmers, and developers, to discuss their needs.",,,,,train,2
HUMAN_REVIEWER_B,independent_reviewer,,human-task-exposure-v2.0,,11727,49-2093.00,"Electrical and Electronics Installers and Repairers, Transportation Equipment",49-2093,49,"Inspect and test electrical systems and equipment to locate and diagnose malfunctions, using visual inspections, testing devices, and computer software.",,,,,test,2
HUMAN_REVIEWER_B,independent_reviewer,,human-task-exposure-v2.0,,13976,51-2051.00,Fiberglass Laminators and Fabricators,51-2051,51,"Check completed products for conformance to specifications and for defects by measuring with rulers or micrometers, by checking them visually, or by tapping them to detect bubbles or dead spots.",,,,,validation,2
HUMAN_REVIEWER_B,independent_reviewer,,human-task-exposure-v2.0,,15180,53-7031.00,Dredge Operators,53-7031,53,Pump water to clear machinery pipelines.,,,,,train,2
HUMAN_REVIEWER_B,independent_reviewer,,human-task-exposure-v2.0,,14559,53-5031.00,Ship Engineers,53-5031,53,Monitor and test operations of engines or other equipment so that malfunctions and their causes can be identified.,,,,,train,2
HUMAN_REVIEWER_B,independent_reviewer,,human-task-exposure-v2.0,,16105,15-1243.00,Database Architects,15-1243,15,"Document and communicate database schemas, using accepted notations.",,,,,train,2
HUMAN_REVIEWER_B,independent_reviewer,,human-task-exposure-v2.0,,2002,31-1133.00,Psychiatric Aides,31-1133,31,Interview patients upon admission and record information.,,,,,validation,2
HUMAN_REVIEWER_B,independent_reviewer,,human-task-exposure-v2.0,,15676,11-3031.03,Investment Fund Managers,11-3031,11,Select or direct the execution of trades.,,,,,train,2
HUMAN_REVIEWER_B,independent_reviewer,,human-task-exposure-v2.0,,14914,47-2142.00,Paperhangers,47-2142,47,"Place strips or sections of paper on surfaces, aligning section edges and patterns.",,,,,test,2
HUMAN_REVIEWER_B,independent_reviewer,,human-task-exposure-v2.0,,22012,17-3024.00,Electro-Mechanical and Mechatronics Technologists and Technicians,17-3024,17,"Fabricate or assemble mechanical, electrical, or electronic components or assemblies.",,,,,train,2
HUMAN_REVIEWER_B,independent_reviewer,,human-task-exposure-v2.0,,9529,37-1011.00,First-Line Supervisors of Housekeeping and Janitorial Workers,37-1011,37,"Select and order or purchase new equipment, supplies, or furnishings.",,,,,validation,2
HUMAN_REVIEWER_B,independent_reviewer,,human-task-exposure-v2.0,,5569,19-4071.00,Forest and Conservation Technicians,19-4071,19,Patrol park or forest areas to protect resources and prevent damage.,,,,,train,2
HUMAN_REVIEWER_B,independent_reviewer,,human-task-exposure-v2.0,,23450,47-2031.00,Carpenters,47-2031,47,"Apply shock-absorbing, sound-deadening, or decorative paneling to ceilings or walls.",,,,,train,2
HUMAN_REVIEWER_B,independent_reviewer,,human-task-exposure-v2.0,,3421,13-2072.00,Loan Officers,13-2072,13,"Market bank products to individuals and firms, promoting bank services that may meet customers' needs.",,,,,train,2
HUMAN_REVIEWER_B,independent_reviewer,,human-task-exposure-v2.0,,22383,25-2056.00,"Special Education Teachers, Elementary School",25-2056,25,"Prepare classrooms with a variety of materials or resources for children to explore, manipulate, or use in learning activities or imaginative play.",,,,,train,2
HUMAN_REVIEWER_B,independent_reviewer,,human-task-exposure-v2.0,,13980,51-2051.00,Fiberglass Laminators and Fabricators,51-2051,51,"Apply layers of plastic resin to mold surfaces prior to placement of fiberglass mats, repeating layers until products have the desired thicknesses and plastics have jelled.",,,,,validation,2
HUMAN_REVIEWER_B,independent_reviewer,,human-task-exposure-v2.0,,1409,17-2112.00,Industrial Engineers,17-2112,17,"Schedule deliveries based on production forecasts, material substitutions, storage and handling facilities, and maintenance requirements.",,,,,train,2
HUMAN_REVIEWER_B,independent_reviewer,,human-task-exposure-v2.0,,780,43-6013.00,Medical Secretaries and Administrative Assistants,43-6013,43,"Interview patients to complete documents, case histories, or forms, such as intake or insurance forms.",,,,,train,2
HUMAN_REVIEWER_B,independent_reviewer,,human-task-exposure-v2.0,,20162,51-2092.00,Team Assemblers,51-2092,51,Maintain production equipment and machinery.,,,,,train,2
HUMAN_REVIEWER_B,independent_reviewer,,human-task-exposure-v2.0,,8783,51-3021.00,Butchers and Meat Cutters,51-3021,51,"Wrap, weigh, label, and price cuts of meat.",,,,,test,2
HUMAN_REVIEWER_B,independent_reviewer,,human-task-exposure-v2.0,,21274,11-3013.00,Facilities Managers,11-3013,11,"Dispose of, or oversee the disposal of, surplus or unclaimed property.",,,,,validation,2
HUMAN_REVIEWER_B,independent_reviewer,,human-task-exposure-v2.0,,23915,29-1031.00,Dietitians and Nutritionists,29-1031,29,"Record and evaluate patient and family health and food history, including symptoms, environmental toxic exposure, allergies, medication factors, and preventive health-care measures.",,,,,train,2
HUMAN_REVIEWER_B,independent_reviewer,,human-task-exposure-v2.0,,2117,33-3012.00,Correctional Officers and Jailers,33-3012,33,Maintain records of prisoners' identification and charges.,,,,,train,2
HUMAN_REVIEWER_B,independent_reviewer,,human-task-exposure-v2.0,,22214,19-3039.03,Clinical Neuropsychologists,19-3039,19,"Diagnose and treat psychiatric populations for conditions such as somatoform disorder, dementias, and psychoses.",,,,,train,2
HUMAN_REVIEWER_B,independent_reviewer,,human-task-exposure-v2.0,,6252,25-1113.00,"Social Work Teachers, Postsecondary",25-1113,25,Write grant proposals to procure external research funding.,,,,,train,2
HUMAN_REVIEWER_B,independent_reviewer,,human-task-exposure-v2.0,,15331,33-9093.00,Transportation Security Screeners,33-9093,33,Ask passengers to remove shoes and divest themselves of metal objects prior to walking through metal detectors.,,,,,test,2
