occupation_code,occupation_title,task_id,task_statement,task_type,soc_group,reviewer_1_id,reviewer_1_score,reviewer_1_confidence,reviewer_1_evidence,reviewer_2_id,reviewer_2_score,reviewer_2_confidence,reviewer_2_evidence,adjudicated_exposure_score,adjudication_notes,label_confidence,label_notes,label_source,label_version,label_date,source_citations
33-1091.00,First-Line Supervisors of Security Workers,22955,"Schedule training or drills for emergencies, such as fires, bombs, and other threats.",Core,33,,,,,,,,,,,,,,,,O*NET 31.0 Task Statements
11-3021.00,Computer and Information Systems Managers,974,Control operational budget and expenditures.,Core,11,,,,,,,,,,,,,,,,O*NET 31.0 Task Statements
25-1082.00,"Library Science Teachers, Postsecondary",6172,"Prepare and deliver lectures to undergraduate or graduate students on topics such as collection development, archival methods, and indexing and abstracting.",Core,25,,,,,,,,,,,,,,,,O*NET 31.0 Task Statements
19-2041.01,Climate Change Policy Analysts,16849,"Provide analytical support for policy briefs related to renewable energy, energy efficiency, or climate change.",Core,19,,,,,,,,,,,,,,,,O*NET 31.0 Task Statements
29-1181.00,Audiologists,18675,Participate in conferences or training to update or share knowledge of new hearing or balance disorder treatment methods or technologies.,Core,29,,,,,,,,,,,,,,,,O*NET 31.0 Task Statements
47-4031.00,Fence Erectors,13624,"Align posts, by lines or sighting, and verify vertical alignment of posts, using plumb bobs or spirit levels.",Core,47,,,,,,,,,,,,,,,,O*NET 31.0 Task Statements
49-3093.00,Tire Repairers and Changers,8364,"Raise vehicles, using hydraulic jacks.",Core,49,,,,,,,,,,,,,,,,O*NET 31.0 Task Statements
47-5032.00,"Explosives Workers, Ordnance Handling Experts, and Blasters",9922,"Repair and service blasting, shooting, and automotive equipment, and electrical wiring and instruments, using hand tools.",Core,47,,,,,,,,,,,,,,,,O*NET 31.0 Task Statements
11-2011.00,Advertising and Promotions Managers,3245,Represent company at trade association meetings to promote products.,Core,11,,,,,,,,,,,,,,,,O*NET 31.0 Task Statements
27-4032.00,Film and Video Editors,4056,Verify key numbers and time codes on materials.,Core,27,,,,,,,,,,,,,,,,O*NET 31.0 Task Statements
49-9092.00,Commercial Divers,13863,Install pilings or footings for piers or bridges.,Core,49,,,,,,,,,,,,,,,,O*NET 31.0 Task Statements
51-6052.00,"Tailors, Dressmakers, and Custom Sewers",12184,"Fit, alter, repair, and make made-to-measure clothing, according to customers' and clothing manufacturers' specifications and fit, and applying principles of garment design, construction, and styling.",Core,51,,,,,,,,,,,,,,,,O*NET 31.0 Task Statements
51-4052.00,"Pourers and Casters, Metal",12015,Load specified amounts of metal and flux into furnaces or clay crucibles.,Core,51,,,,,,,,,,,,,,,,O*NET 31.0 Task Statements
53-4011.00,Locomotive Engineers,12750,"Monitor gauges or meters that measure speed, amperage, battery charge, or air pressure in brake lines or in main reservoirs.",Core,53,,,,,,,,,,,,,,,,O*NET 31.0 Task Statements
19-3011.01,Environmental Economists,16908,"Develop environmental research project plans, including information on budgets, goals, deliverables, timelines, and resource requirements.",Core,19,,,,,,,,,,,,,,,,O*NET 31.0 Task Statements
51-6052.00,"Tailors, Dressmakers, and Custom Sewers",12177,"Measure parts, such as sleeves or pant legs, and mark or pin-fold alteration lines.",Core,51,,,,,,,,,,,,,,,,O*NET 31.0 Task Statements
47-4021.00,Elevator and Escalator Installers and Repairers,11576,"Connect car frames to counterweights, using steel cables.",Core,47,,,,,,,,,,,,,,,,O*NET 31.0 Task Statements
11-9161.00,Emergency Management Directors,7272,"Apply for federal funding for emergency-management-related needs, and administer and report on the progress of such grants.",Core,11,,,,,,,,,,,,,,,,O*NET 31.0 Task Statements
43-5011.00,Cargo and Freight Agents,8208,"Route received goods to first available flight or to appropriate storage areas or departments, using forklifts, hand trucks, or other equipment.",Supplemental,43,,,,,,,,,,,,,,,,O*NET 31.0 Task Statements
13-1031.00,"Claims Adjusters, Examiners, and Investigators",21418,Analyze information gathered by investigation and report findings and recommendations.,Core,13,,,,,,,,,,,,,,,,O*NET 31.0 Task Statements
53-1042.01,Recycling Coordinators,17888,Oversee recycling pick-up or drop-off programs to ensure compliance with community ordinances.,Core,53,,,,,,,,,,,,,,,,O*NET 31.0 Task Statements
13-1075.00,Labor Relations Specialists,18904,"Train managers or supervisors on topics related to labor relations, such as working conditions, safety, or equal opportunity practices.",Supplemental,13,,,,,,,,,,,,,,,,O*NET 31.0 Task Statements
29-2034.00,Radiologic Technologists and Technicians,22817,Provide assistance to physicians or other technologists in the performance of more complex procedures.,Core,29,,,,,,,,,,,,,,,,O*NET 31.0 Task Statements
19-4013.00,Food Science Technicians,22261,Supervise other food science technicians.,Core,19,,,,,,,,,,,,,,,,O*NET 31.0 Task Statements
43-3011.00,Bill and Account Collectors,2478,"Persuade customers to pay amounts due on credit accounts, damage claims, or nonpayable checks, or to return merchandise.",Core,43,,,,,,,,,,,,,,,,O*NET 31.0 Task Statements
17-3011.00,Architectural and Civil Drafters,21934,Locate and identify symbols on topographical surveys to denote geological and geophysical formations or oil field installations.,Supplemental,17,,,,,,,,,,,,,,,,O*NET 31.0 Task Statements
19-1041.00,Epidemiologists,5424,"Plan, administer and evaluate health safety standards and programs to improve public health, conferring with health department, industry personnel, physicians, and others.",Core,19,,,,,,,,,,,,,,,,O*NET 31.0 Task Statements
11-9021.00,Construction Managers,3327,Develop or implement quality control programs.,Core,11,,,,,,,,,,,,,,,,O*NET 31.0 Task Statements
15-2099.01,Bioinformatics Technicians,17709,"Analyze or manipulate bioinformatics data using software packages, statistical applications, or data mining techniques.",Core,15,,,,,,,,,,,,,,,,O*NET 31.0 Task Statements
29-9099.01,Midwives,17487,"Provide, or refer patients to other providers for, education or counseling on topics such as genetic testing, newborn care, contraception, or breastfeeding.",Core,29,,,,,,,,,,,,,,,,O*NET 31.0 Task Statements
49-3093.00,Tire Repairers and Changers,8378,Inflate inner tubes and immerse them in water to locate leaks.,Core,49,,,,,,,,,,,,,,,,O*NET 31.0 Task Statements
15-2051.02,Clinical Data Managers,16277,"Prepare data analysis listings and activity, performance, or progress reports.",Core,15,,,,,,,,,,,,,,,,O*NET 31.0 Task Statements
33-2022.00,Forest Fire Inspectors and Prevention Specialists,11111,Restrict public access and recreational use of forest lands during critical fire seasons.,Core,33,,,,,,,,,,,,,,,,O*NET 31.0 Task Statements
51-7032.00,"Patternmakers, Wood",12233,"Set up, operate, and adjust a variety of woodworking machines such as bandsaws and lathes to cut and shape sections, parts, and patterns, according to specifications.",Core,51,,,,,,,,,,,,,,,,O*NET 31.0 Task Statements
13-1199.04,Business Continuity Planners,15954,Create or administer training and awareness presentations or materials.,Core,13,,,,,,,,,,,,,,,,O*NET 31.0 Task Statements
29-2031.00,Cardiovascular Technologists and Technicians,15236,"Assist physicians in the diagnosis and treatment of cardiac or peripheral vascular treatments, such as implanting pacemakers or assisting with balloon angioplasties to treat blood vessel blockages.",Supplemental,29,,,,,,,,,,,,,,,,O*NET 31.0 Task Statements
13-1151.00,Training and Development Specialists,94,"Present information with a variety of instructional techniques or formats, such as role playing, simulations, team exercises, group discussions, videos, or lectures.",Core,13,,,,,,,,,,,,,,,,O*NET 31.0 Task Statements
49-9052.00,Telecommunications Line Installers and Repairers,20807,Pull cable through ducts by hand or with winches.,Core,49,,,,,,,,,,,,,,,,O*NET 31.0 Task Statements
45-2092.00,"Farmworkers and Laborers, Crop, Nursery, and Greenhouse",23388,"Repair farm buildings, fences, and other structures.",Supplemental,45,,,,,,,,,,,,,,,,O*NET 31.0 Task Statements
41-9091.00,"Door-to-Door Sales Workers, News and Street Vendors, and Related Workers",13235,Arrange buying parties and solicit sponsorship of such parties to sell merchandise.,Core,41,,,,,,,,,,,,,,,,O*NET 31.0 Task Statements
29-1229.06,Sports Medicine Physicians,17266,Supervise the rehabilitation of injured athletes.,Core,29,,,,,,,,,,,,,,,,O*NET 31.0 Task Statements
25-1111.00,"Criminal Justice and Law Enforcement Teachers, Postsecondary",6214,Act as advisers to student organizations.,Supplemental,25,,,,,,,,,,,,,,,,O*NET 31.0 Task Statements
27-3042.00,Technical Writers,3976,Assist in laying out material for publication.,Core,27,,,,,,,,,,,,,,,,O*NET 31.0 Task Statements
47-2082.00,Tapers,13535,Sand or patch nicks or cracks in plasterboard or wallboard.,Core,47,,,,,,,,,,,,,,,,O*NET 31.0 Task Statements
51-9195.04,"Glass Blowers, Molders, Benders, and Finishers",12643,Strike necks of finished articles to separate articles from blowpipes.,Supplemental,51,,,,,,,,,,,,,,,,O*NET 31.0 Task Statements
13-1041.07,Regulatory Affairs Specialists,19554,"Determine the legal implications of the production, supply, or use of ozone-depleting substances or equipment containing such substances.",Supplemental,13,,,,,,,,,,,,,,,,O*NET 31.0 Task Statements
35-3031.00,Waiters and Waitresses,2281,Prepare checks that itemize and total meal costs and sales taxes.,Core,35,,,,,,,,,,,,,,,,O*NET 31.0 Task Statements
19-3041.00,Sociologists,5467,"Collect data about the attitudes, values, and behaviors of people in groups, using observation, interviews, and review of documents.",Core,19,,,,,,,,,,,,,,,,O*NET 31.0 Task Statements
43-6013.00,Medical Secretaries and Administrative Assistants,778,"Receive and route messages or documents, such as laboratory results, to appropriate staff.",Core,43,,,,,,,,,,,,,,,,O*NET 31.0 Task Statements
15-1241.01,Telecommunications Engineering Specialists,16063,"Review and evaluate requests from engineers, managers, and technicians for system modifications.",Core,15,,,,,,,,,,,,,,,,O*NET 31.0 Task Statements
29-2043.00,Paramedics,22872,"Observe, record, and report to physician the patient's condition or injury, the treatment provided, and reactions to drugs or treatment.",Core,29,,,,,,,,,,,,,,,,O*NET 31.0 Task Statements
51-4192.00,"Layout Workers, Metal and Plastic",10306,Add dimensional details to blueprints or drawings made by other workers.,Supplemental,51,,,,,,,,,,,,,,,,O*NET 31.0 Task Statements
53-4013.00,"Rail Yard Engineers, Dinkey Operators, and Hostlers",10678,"Receive, relay, and act upon instructions and inquiries from train operations and customer service center personnel.",Core,53,,,,,,,,,,,,,,,,O*NET 31.0 Task Statements
29-1217.00,Neurologists,17113,"Counsel patients or others on the background of neurological disorders including risk factors, or genetic or environmental concerns.",Core,29,,,,,,,,,,,,,,,,O*NET 31.0 Task Statements
31-9095.00,Pharmacy Aides,2048,Greet customers and help them locate merchandise.,Core,31,,,,,,,,,,,,,,,,O*NET 31.0 Task Statements
19-2011.00,Astronomers,7535,Direct the operations of a planetarium.,Supplemental,19,,,,,,,,,,,,,,,,O*NET 31.0 Task Statements
51-3091.00,"Food and Tobacco Roasting, Baking, and Drying Machine Operators and Tenders",10071,"Push racks or carts to transfer products to storage, cooling stations, or the next stage of processing.",Supplemental,51,,,,,,,,,,,,,,,,O*NET 31.0 Task Statements
39-4021.00,Funeral Attendants,20599,"Perform various administrative tasks, such as typing documents or answering telephone calls.",Supplemental,39,,,,,,,,,,,,,,,,O*NET 31.0 Task Statements
43-4161.00,"Human Resources Assistants, Except Payroll and Timekeeping",2690,Process and review employment applications to evaluate qualifications or eligibility of applicants.,Supplemental,43,,,,,,,,,,,,,,,,O*NET 31.0 Task Statements
51-3023.00,Slaughterers and Meat Packers,13994,Shackle hind legs of animals to raise them for slaughtering or skinning.,Supplemental,51,,,,,,,,,,,,,,,,O*NET 31.0 Task Statements
51-4072.00,"Molding, Coremaking, and Casting Machine Setters, Operators, and Tenders, Metal and Plastic",10175,"Set up, operate, or tend metal or plastic molding, casting, or coremaking machines to mold or cast metal or thermoplastic parts or products.",Core,51,,,,,,,,,,,,,,,,O*NET 31.0 Task Statements
39-9041.00,Residential Advisors,6993,Chaperone group-sponsored trips and social functions.,Core,39,,,,,,,,,,,,,,,,O*NET 31.0 Task Statements
29-1224.00,Radiologists,17243,"Obtain patients' histories from electronic records, patient interviews, dictated reports, or by communicating with referring clinicians.",Core,29,,,,,,,,,,,,,,,,O*NET 31.0 Task Statements
25-3011.00,"Adult Basic Education, Adult Secondary Education, and English as a Second Language Instructors",6838,Prepare and implement remedial programs for students requiring extra help.,Core,25,,,,,,,,,,,,,,,,O*NET 31.0 Task Statements
29-1127.00,Speech-Language Pathologists,1875,Develop speech exercise programs to reduce disabilities.,Core,29,,,,,,,,,,,,,,,,O*NET 31.0 Task Statements
43-3061.00,Procurement Clerks,2545,"Maintain knowledge of all organizational and governmental rules affecting purchases, and provide information about these rules to organization staff members and to vendors.",Core,43,,,,,,,,,,,,,,,,O*NET 31.0 Task Statements
53-6041.00,Traffic Technicians,8632,"Plan, design, and improve components of traffic control systems to accommodate current or projected traffic and to increase usability and efficiency.",Core,53,,,,,,,,,,,,,,,,O*NET 31.0 Task Statements
27-1014.00,Special Effects Artists and Animators,6895,Implement and maintain configuration control systems.,Supplemental,27,,,,,,,,,,,,,,,,O*NET 31.0 Task Statements
43-5031.00,Public Safety Telecommunicators,2721,"Test and adjust communication and alarm systems, and report malfunctions to maintenance units.",Core,43,,,,,,,,,,,,,,,,O*NET 31.0 Task Statements
51-4031.00,"Cutting, Punching, and Press Machine Setters, Operators, and Tenders, Metal and Plastic",10126,Turn valves to start flow of coolant against cutting areas or to start airflow that blows cuttings away from kerfs.,Supplemental,51,,,,,,,,,,,,,,,,O*NET 31.0 Task Statements
21-1014.00,Mental Health Counselors,1598,Develop and implement treatment plans based on clinical experience and knowledge.,Core,21,,,,,,,,,,,,,,,,O*NET 31.0 Task Statements
39-5012.00,"Hairdressers, Hairstylists, and Cosmetologists",640,"Update and maintain customer information records, such as beauty services provided.",Core,39,,,,,,,,,,,,,,,,O*NET 31.0 Task Statements
29-1229.05,Preventive Medicine Physicians,17217,Identify groups at risk for specific preventable diseases or injuries.,Core,29,,,,,,,,,,,,,,,,O*NET 31.0 Task Statements
23-1011.00,Lawyers,3792,Probate wills and represent and advise executors and administrators of estates.,Supplemental,23,,,,,,,,,,,,,,,,O*NET 31.0 Task Statements
51-9111.00,Packaging and Filling Machine Operators and Tenders,3140,"Package the product in the form in which it will be sent out, for example, filling bags with flour from a chute or spout.",Core,51,,,,,,,,,,,,,,,,O*NET 31.0 Task Statements
25-2023.00,"Career/Technical Education Teachers, Middle School",6636,"Attend staff meetings and serve on committees, as required.",Core,25,,,,,,,,,,,,,,,,O*NET 31.0 Task Statements
15-2041.00,Statisticians,8963,Supervise and provide instructions for workers collecting and tabulating data.,Core,15,,,,,,,,,,,,,,,,O*NET 31.0 Task Statements
29-1141.04,Clinical Nurse Specialists,18003,"Provide direct care by performing comprehensive health assessments, developing differential diagnoses, conducting specialized tests, or prescribing medications or treatments.",Core,29,,,,,,,,,,,,,,,,O*NET 31.0 Task Statements
25-2022.00,"Middle School Teachers, Except Special and Career/Technical Education",6592,"Use computers, audio-visual aids, and other equipment and materials to supplement presentations.",Core,25,,,,,,,,,,,,,,,,O*NET 31.0 Task Statements
25-1053.00,"Environmental Science Teachers, Postsecondary",5914,Act as advisers to student organizations.,Supplemental,25,,,,,,,,,,,,,,,,O*NET 31.0 Task Statements
11-3131.00,Training and Development Managers,1008,Conduct orientation sessions and arrange on-the-job training for new hires.,Core,11,,,,,,,,,,,,,,,,O*NET 31.0 Task Statements
19-3032.00,Industrial-Organizational Psychologists,7572,"Analyze data, using statistical methods and applications, to evaluate the outcomes and effectiveness of workplace programs.",Core,19,,,,,,,,,,,,,,,,O*NET 31.0 Task Statements
47-2041.00,Carpet Installers,2840,"Cut carpet padding to size and install padding, following prescribed method.",Core,47,,,,,,,,,,,,,,,,O*NET 31.0 Task Statements
51-4031.00,"Cutting, Punching, and Press Machine Setters, Operators, and Tenders, Metal and Plastic",20821,Operate forklifts to deliver materials.,Supplemental,51,,,,,,,,,,,,,,,,O*NET 31.0 Task Statements
43-9041.00,Insurance Claims and Policy Processing Clerks,23315,Post or attach information to claim file.,Core,43,,,,,,,,,,,,,,,,O*NET 31.0 Task Statements
19-4099.03,Remote Sensing Technicians,16998,"Manipulate raw data to enhance interpretation, either on the ground or during remote sensing flights.",Core,19,,,,,,,,,,,,,,,,O*NET 31.0 Task Statements
33-1011.00,First-Line Supervisors of Correctional Officers,9435,"Monitor behavior of subordinates to ensure alert, courteous, and professional behavior toward inmates, parolees, fellow employees, visitors, and the public.",Core,33,,,,,,,,,,,,,,,,O*NET 31.0 Task Statements
29-1141.03,Critical Care Nurses,18339,Compile and analyze data obtained from monitoring or diagnostic tests.,Core,29,,,,,,,,,,,,,,,,O*NET 31.0 Task Statements
51-9195.05,"Potters, Manufacturing",15126,"Maintain supplies of tools, equipment, and materials, and order additional supplies as needed.",Core,51,,,,,,,,,,,,,,,,O*NET 31.0 Task Statements
35-2011.00,"Cooks, Fast Food",5066,"Prepare dough, following recipe.",Supplemental,35,,,,,,,,,,,,,,,,O*NET 31.0 Task Statements
15-2051.01,Business Intelligence Analysts,16135,"Maintain library of model documents, templates, or other reusable knowledge assets.",Core,15,,,,,,,,,,,,,,,,O*NET 31.0 Task Statements
11-3131.00,Training and Development Managers,1019,Prepare training budget for department or organization.,Core,11,,,,,,,,,,,,,,,,O*NET 31.0 Task Statements
15-1232.00,Computer User Support Specialists,1283,Enter commands and observe system functioning to verify correct operations and detect errors.,Core,15,,,,,,,,,,,,,,,,O*NET 31.0 Task Statements
13-1031.00,"Claims Adjusters, Examiners, and Investigators",21432,Confer with legal counsel on claims requiring litigation.,Core,13,,,,,,,,,,,,,,,,O*NET 31.0 Task Statements
17-3022.00,Civil Engineering Technologists and Technicians,1470,Report maintenance problems occurring at project site to supervisor and negotiate changes to resolve system conflicts.,Core,17,,,,,,,,,,,,,,,,O*NET 31.0 Task Statements
51-9124.00,"Coating, Painting, and Spraying Machine Setters, Operators, and Tenders",23654,Clean equipment and work areas.,Core,51,,,,,,,,,,,,,,,,O*NET 31.0 Task Statements
13-1074.00,Farm Labor Contractors,14838,Pay wages of contracted farm laborers.,Core,13,,,,,,,,,,,,,,,,O*NET 31.0 Task Statements
25-1071.00,"Health Specialties Teachers, Postsecondary",6112,Advise students on academic and vocational curricula and on career issues.,Core,25,,,,,,,,,,,,,,,,O*NET 31.0 Task Statements
51-8093.00,"Petroleum Pump System Operators, Refinery Operators, and Gaugers",14317,"Patrol units to monitor the amount of oil in storage tanks, and to verify that activities and operations are safe, efficient, and in compliance with regulations.",Core,51,,,,,,,,,,,,,,,,O*NET 31.0 Task Statements
27-2011.00,Actors,7661,"Construct puppets and ventriloquist dummies, and sew accessory clothing, using hand tools and machines.",Supplemental,27,,,,,,,,,,,,,,,,O*NET 31.0 Task Statements
17-2199.11,Solar Energy Systems Engineers,16563,Test or evaluate photovoltaic (PV) cells or modules.,Supplemental,17,,,,,,,,,,,,,,,,O*NET 31.0 Task Statements
25-2032.00,"Career/Technical Education Teachers, Secondary School",6677,"Plan and conduct activities for a balanced program of instruction, demonstration, and work time that provides students with opportunities to observe, question, and investigate.",Core,25,,,,,,,,,,,,,,,,O*NET 31.0 Task Statements
33-9099.02,Retail Loss Prevention Specialists,17579,Recommend methods to reduce potential financial fraud losses.,Core,33,,,,,,,,,,,,,,,,O*NET 31.0 Task Statements
49-9095.00,Manufactured Building and Mobile Home Installers,13884,Confer with customers or read work orders to determine the nature and extent of damage to units.,Core,49,,,,,,,,,,,,,,,,O*NET 31.0 Task Statements
23-1021.00,"Administrative Law Judges, Adjudicators, and Hearing Officers",7625,"Conduct hearings to review and decide claims regarding issues, such as social program eligibility, environmental protection, or enforcement of health and safety regulations.",Core,23,,,,,,,,,,,,,,,,O*NET 31.0 Task Statements
17-3011.00,Architectural and Civil Drafters,21929,"Determine procedures and instructions to be followed, according to design specifications and quantity of required materials.",Supplemental,17,,,,,,,,,,,,,,,,O*NET 31.0 Task Statements
29-9099.01,Midwives,17465,Assist maternal patients to find physical positions that will facilitate childbirth.,Core,29,,,,,,,,,,,,,,,,O*NET 31.0 Task Statements
39-9032.00,Recreation Workers,2397,Serve as liaison between park or recreation administrators and activity instructors.,Supplemental,39,,,,,,,,,,,,,,,,O*NET 31.0 Task Statements
25-9043.00,"Teaching Assistants, Special Education",22507,"Provide students with disabilities with assistive devices, supportive technology, and assistance accessing facilities, such as restrooms.",Core,25,,,,,,,,,,,,,,,,O*NET 31.0 Task Statements
35-1012.00,First-Line Supervisors of Food Preparation and Serving Workers,18714,"Perform various financial activities, such as cash handling, deposit preparation, and payroll.",Core,35,,,,,,,,,,,,,,,,O*NET 31.0 Task Statements
13-1081.01,Logistics Engineers,15864,Direct the work of logistics analysts.,Core,13,,,,,,,,,,,,,,,,O*NET 31.0 Task Statements
53-4011.00,Locomotive Engineers,12751,Observe tracks to detect obstructions.,Core,53,,,,,,,,,,,,,,,,O*NET 31.0 Task Statements
41-4011.07,Solar Sales Representatives and Assessors,17657,"Assess sites to determine suitability for solar equipment, using equipment such as tape measures, compasses, and computer software.",Core,41,,,,,,,,,,,,,,,,O*NET 31.0 Task Statements
53-5021.00,"Captains, Mates, and Pilots of Water Vessels",23816,"Maintain boats or equipment on board, such as engines, winches, navigational systems, fire extinguishers, or life preservers.",Core,53,,,,,,,,,,,,,,,,O*NET 31.0 Task Statements
31-9097.00,Phlebotomists,19382,"Organize or clean blood-drawing trays, ensuring that all instruments are sterile and all needles, syringes, or related items are of first-time use.",Core,31,,,,,,,,,,,,,,,,O*NET 31.0 Task Statements
11-3051.02,Geothermal Production Managers,15434,Communicate geothermal plant conditions to employees.,Core,11,,,,,,,,,,,,,,,,O*NET 31.0 Task Statements
11-1011.03,Chief Sustainability Officers,15381,Develop methodologies to assess the viability or success of sustainability initiatives.,Core,11,,,,,,,,,,,,,,,,O*NET 31.0 Task Statements
25-1122.00,"Communications Teachers, Postsecondary",6294,"Plan, evaluate, and revise curricula, course content, course materials, and methods of instruction.",Core,25,,,,,,,,,,,,,,,,O*NET 31.0 Task Statements
17-1022.00,Surveyors,3546,"Conduct research in surveying and mapping methods, using knowledge of photogrammetric map compilation and electronic data processing.",Core,17,,,,,,,,,,,,,,,,O*NET 31.0 Task Statements
27-2012.04,Talent Directors,11027,"Locate performers or extras for crowd and background scenes, and stand-ins or photo doubles for actors, by direct contact or through agents.",Supplemental,27,,,,,,,,,,,,,,,,O*NET 31.0 Task Statements
29-9092.00,Genetic Counselors,17508,"Interview patients or review medical records to obtain comprehensive patient or family medical histories, and document findings.",Core,29,,,,,,,,,,,,,,,,O*NET 31.0 Task Statements
37-3011.00,Landscaping and Groundskeeping Workers,9591,"Care for established lawns by mulching, aerating, weeding, grubbing, removing thatch, or trimming or edging around flower beds, walks, or walls.",Supplemental,37,,,,,,,,,,,,,,,,O*NET 31.0 Task Statements
53-6032.00,Aircraft Service Attendants,23835,Climb ladders to reach aircraft surfaces to be cleaned.,Supplemental,53,,,,,,,,,,,,,,,,O*NET 31.0 Task Statements
25-9043.00,"Teaching Assistants, Special Education",22503,"Prepare lesson materials, bulletin board displays, exhibits, equipment, and demonstrations.",Core,25,,,,,,,,,,,,,,,,O*NET 31.0 Task Statements
25-9044.00,"Teaching Assistants, Postsecondary",10971,Order or obtain materials needed for classes.,Core,25,,,,,,,,,,,,,,,,O*NET 31.0 Task Statements
43-9061.00,"Office Clerks, General",843,"Prepare meeting agendas, attend meetings, and record and transcribe minutes.",Supplemental,43,,,,,,,,,,,,,,,,O*NET 31.0 Task Statements
47-5032.00,"Explosives Workers, Ordnance Handling Experts, and Blasters",9919,Cut specified lengths of primacord and attach primers to cord ends.,Core,47,,,,,,,,,,,,,,,,O*NET 31.0 Task Statements
25-1122.00,"Communications Teachers, Postsecondary",6297,Advise students on academic and vocational curricula and on career issues.,Core,25,,,,,,,,,,,,,,,,O*NET 31.0 Task Statements
15-1299.09,Information Technology Project Managers,16171,Develop and manage work breakdown structure (WBS) of information technology projects.,Core,15,,,,,,,,,,,,,,,,O*NET 31.0 Task Statements
19-3051.00,Urban and Regional Planners,20523,Determine the effects of regulatory limitations on land use projects.,Core,19,,,,,,,,,,,,,,,,O*NET 31.0 Task Statements
41-1012.00,First-Line Supervisors of Non-Retail Sales Workers,9672,Visit retailers and sales representatives to promote products and gather information.,Supplemental,41,,,,,,,,,,,,,,,,O*NET 31.0 Task Statements
33-1091.00,First-Line Supervisors of Security Workers,22952,"Order materials or supplies, such as keys, uniforms, and badges.",Supplemental,33,,,,,,,,,,,,,,,,O*NET 31.0 Task Statements
11-2021.00,Marketing Managers,951,"Identify, develop, or evaluate marketing strategy, based on knowledge of establishment objectives, market characteristics, and cost and markup factors.",Core,11,,,,,,,,,,,,,,,,O*NET 31.0 Task Statements
53-7021.00,Crane and Tower Operators,10770,"Clean, lubricate, and maintain mechanisms such as cables, pulleys, or grappling devices, making repairs, as necessary.",Core,53,,,,,,,,,,,,,,,,O*NET 31.0 Task Statements
49-2095.00,"Electrical and Electronics Repairers, Powerhouse, Substation, and Relay",11751,"Disconnect voltage regulators, bolts, and screws, and connect replacement regulators to high-voltage lines.",Supplemental,49,,,,,,,,,,,,,,,,O*NET 31.0 Task Statements
13-1121.00,"Meeting, Convention, and Event Planners",1224,Organize registration of event participants.,Supplemental,13,,,,,,,,,,,,,,,,O*NET 31.0 Task Statements
39-3011.00,Gambling Dealers,4450,Stand behind a gaming table and deal the appropriate number of cards to each player.,Core,39,,,,,,,,,,,,,,,,O*NET 31.0 Task Statements
11-3071.00,"Transportation, Storage, and Distribution Managers",21367,Plan or implement improvements to internal or external systems or processes.,n/a,11,,,,,,,,,,,,,,,,O*NET 31.0 Task Statements
29-1129.01,Art Therapists,19142,"Communicate client assessment findings and recommendations in oral, written, audio, video, or other forms.",Core,29,,,,,,,,,,,,,,,,O*NET 31.0 Task Statements
15-1299.08,Computer Systems Engineers/Architects,14680,"Develop or approve project plans, schedules, or budgets.",Core,15,,,,,,,,,,,,,,,,O*NET 31.0 Task Statements
33-3051.04,Customs and Border Protection Officers,9460,Investigate applications for duty refunds and petition for remission or mitigation of penalties when warranted.,Supplemental,33,,,,,,,,,,,,,,,,O*NET 31.0 Task Statements
45-1011.00,"First-Line Supervisors of Farming, Fishing, and Forestry Workers",23349,"Confer with managers to evaluate weather or soil conditions, to develop plans or procedures, or to discuss issues such as changes in fertilizers, herbicides, or cultivating techniques.",Core,45,,,,,,,,,,,,,,,,O*NET 31.0 Task Statements
33-3021.06,Intelligence Analysts,17553,Prepare plans to intercept foreign communications transmissions.,Supplemental,33,,,,,,,,,,,,,,,,O*NET 31.0 Task Statements
19-2042.00,"Geoscientists, Except Hydrologists and Geographers",19771,Review work plans to determine the effectiveness of activities for mitigating soil or groundwater contamination.,Core,19,,,,,,,,,,,,,,,,O*NET 31.0 Task Statements
31-9099.01,Speech-Language Pathology Assistants,17532,Implement treatment plans or protocols as directed by speech-language pathologists.,Core,31,,,,,,,,,,,,,,,,O*NET 31.0 Task Statements
29-2031.00,Cardiovascular Technologists and Technicians,4127,Monitor patients' blood pressure and heart rate using electrocardiogram (EKG) equipment during diagnostic or therapeutic procedures to notify the physician if something appears wrong.,Core,29,,,,,,,,,,,,,,,,O*NET 31.0 Task Statements
51-3092.00,Food Batchmakers,4927,"Select and measure or weigh ingredients, using English or metric measures and balance scales.",Core,51,,,,,,,,,,,,,,,,O*NET 31.0 Task Statements
49-9012.00,"Control and Valve Installers and Repairers, Except Mechanical Door",11788,"Dismantle meters, and replace or adjust defective parts such as cases, shafts, gears, disks, and recording mechanisms, using soldering irons and hand tools.",Supplemental,49,,,,,,,,,,,,,,,,O*NET 31.0 Task Statements
19-3039.03,Clinical Neuropsychologists,22210,Design or implement rehabilitation plans for patients with cognitive dysfunction.,Core,19,,,,,,,,,,,,,,,,O*NET 31.0 Task Statements
47-2031.00,Carpenters,23446,"Remove damaged or defective parts or sections of structures and repair or replace, using hand tools.",Core,47,,,,,,,,,,,,,,,,O*NET 31.0 Task Statements
19-4051.00,Nuclear Technicians,22324,"Decontaminate objects by cleaning them using soap or solvents or by abrading using brushes, buffing machines, or sandblasting machines.",Supplemental,19,,,,,,,,,,,,,,,,O*NET 31.0 Task Statements
17-2199.07,Photonics Engineers,21056,"Document photonics system or component design processes, including objectives, issues, or outcomes.",Core,17,,,,,,,,,,,,,,,,O*NET 31.0 Task Statements
43-3071.00,Tellers,2569,"Carry out special services for customers, such as ordering bank cards and checks.",Core,43,,,,,,,,,,,,,,,,O*NET 31.0 Task Statements
17-2051.00,Civil Engineers,20491,"Plan and design transportation or hydraulic systems or structures, using computer-assisted design or drawing tools.",Core,17,,,,,,,,,,,,,,,,O*NET 31.0 Task Statements
29-1141.00,Registered Nurses,1839,"Maintain accurate, detailed reports and records.",Core,29,,,,,,,,,,,,,,,,O*NET 31.0 Task Statements
39-2021.00,Animal Caretakers,5077,"Provide treatment to sick or injured animals, or contact veterinarians to secure treatment.",Core,39,,,,,,,,,,,,,,,,O*NET 31.0 Task Statements
13-1041.00,Compliance Officers,21459,"Keep informed regarding pending industry changes, trends, or best practices.",n/a,13,,,,,,,,,,,,,,,,O*NET 31.0 Task Statements
51-9081.00,Dental Laboratory Technicians,7135,"Test appliances for conformance to specifications and accuracy of occlusion, using articulators and micrometers.",Core,51,,,,,,,,,,,,,,,,O*NET 31.0 Task Statements
47-2073.00,Operating Engineers and Other Construction Equipment Operators,9875,"Operate equipment to demolish or remove debris or to remove snow from streets, roads, or parking lots.",Core,47,,,,,,,,,,,,,,,,O*NET 31.0 Task Statements
25-3041.00,Tutors,17029,"Maintain records of students' assessment results, progress, feedback, or school performance, ensuring confidentiality of all records.",Core,25,,,,,,,,,,,,,,,,O*NET 31.0 Task Statements
17-2151.00,"Mining and Geological Engineers, Including Mining Safety Engineers",3568,"Select or develop mineral location, extraction, and production methods, based on factors such as safety, cost, and deposit characteristics.",Core,17,,,,,,,,,,,,,,,,O*NET 31.0 Task Statements
49-9021.00,"Heating, Air Conditioning, and Refrigeration Mechanics and Installers",23554,Discuss heating or cooling system malfunctions with users to isolate problems or to verify that repairs corrected malfunctions.,Core,49,,,,,,,,,,,,,,,,O*NET 31.0 Task Statements
17-2061.00,Computer Hardware Engineers,7403,"Specify power supply requirements and configuration, drawing on system performance expectations and design specifications.",Core,17,,,,,,,,,,,,,,,,O*NET 31.0 Task Statements
25-1081.00,"Education Teachers, Postsecondary",6160,"Conduct research in a particular field of knowledge and publish findings in professional journals, books, or electronic media.",Core,25,,,,,,,,,,,,,,,,O*NET 31.0 Task Statements
47-2061.00,Construction Laborers,11473,"Mop, brush, or spread paints, cleaning solutions, or other compounds over surfaces to clean them or to provide protection.",Supplemental,47,,,,,,,,,,,,,,,,O*NET 31.0 Task Statements
41-3021.00,Insurance Sales Agents,736,Explain necessary bookkeeping requirements for customer to implement and provide group insurance program.,Supplemental,41,,,,,,,,,,,,,,,,O*NET 31.0 Task Statements
17-3024.00,Electro-Mechanical and Mechatronics Technologists and Technicians,22015,"Modify, maintain, or repair electrical, electronic, or mechanical components, equipment, or systems to ensure proper functioning.",Core,17,,,,,,,,,,,,,,,,O*NET 31.0 Task Statements
35-3011.00,Bartenders,2237,"Plan, organize, and control the operations of a cocktail lounge or bar.",Core,35,,,,,,,,,,,,,,,,O*NET 31.0 Task Statements
47-4099.03,Weatherization Installers and Technicians,21205,"Determine amount of air leakage in buildings, using a blower door machine.",Core,47,,,,,,,,,,,,,,,,O*NET 31.0 Task Statements
11-2022.00,Sales Managers,7,Confer or consult with department heads to plan advertising services and to secure information on equipment and customer specifications.,Core,11,,,,,,,,,,,,,,,,O*NET 31.0 Task Statements
27-1027.00,Set and Exhibit Designers,9291,Inspect installed exhibits for conformance to specifications and satisfactory operation of special-effects components.,Core,27,,,,,,,,,,,,,,,,O*NET 31.0 Task Statements
17-2081.00,Environmental Engineers,19625,Prepare or present public briefings on the status of environmental engineering projects.,Core,17,,,,,,,,,,,,,,,,O*NET 31.0 Task Statements
31-9097.00,Phlebotomists,19388,"Determine donor suitability, according to interview results, vital signs, and medical history.",Supplemental,31,,,,,,,,,,,,,,,,O*NET 31.0 Task Statements
51-9151.00,Photographic Process Workers and Processing Machine Operators,19465,Create prints according to customer specifications and laboratory protocols.,Core,51,,,,,,,,,,,,,,,,O*NET 31.0 Task Statements
47-4011.00,Construction and Building Inspectors,20446,"Confer with owners, violators, or authorities to explain regulations or recommend remedial actions.",Core,47,,,,,,,,,,,,,,,,O*NET 31.0 Task Statements
51-8099.01,Biofuels Processing Technicians,17822,Process refined feedstock with additives in fermentation or reaction process vessels.,Core,51,,,,,,,,,,,,,,,,O*NET 31.0 Task Statements
17-2072.00,"Electronics Engineers, Except Computer",20495,"Analyze electronics system requirements, capacity, cost, or customer needs to determine project feasibility.",Core,17,,,,,,,,,,,,,,,,O*NET 31.0 Task Statements
41-9022.00,Real Estate Sales Agents,2460,"Review property listings, trade journals, and relevant literature, and attend conventions, seminars, and staff and association meetings, to remain knowledgeable about real estate markets.",Core,41,,,,,,,,,,,,,,,,O*NET 31.0 Task Statements
25-1112.00,"Law Teachers, Postsecondary",6229,"Perform administrative duties, such as serving as department head.",Core,25,,,,,,,,,,,,,,,,O*NET 31.0 Task Statements
15-1243.00,Database Architects,21660,"Write and code logical and physical database descriptions, and specify identifiers of database to management system or direct others in coding descriptions.",Core,15,,,,,,,,,,,,,,,,O*NET 31.0 Task Statements
49-9012.00,"Control and Valve Installers and Repairers, Except Mechanical Door",11789,Advise customers on proper installation of valves or regulators and related equipment.,Supplemental,49,,,,,,,,,,,,,,,,O*NET 31.0 Task Statements
11-9013.00,"Farmers, Ranchers, and Other Agricultural Managers",21373,"Direct and monitor the transfer of mature fish to lakes, ponds, streams, or commercial tanks.",Core,11,,,,,,,,,,,,,,,,O*NET 31.0 Task Statements
43-5051.00,Postal Service Clerks,11338,Transport mail from one work station to another.,Core,43,,,,,,,,,,,,,,,,O*NET 31.0 Task Statements
29-1171.00,Nurse Practitioners,18384,"Diagnose or treat chronic health care problems, such as high blood pressure and diabetes.",Core,29,,,,,,,,,,,,,,,,O*NET 31.0 Task Statements
25-1123.00,"English Language and Literature Teachers, Postsecondary",6311,"Evaluate and grade students' class work, assignments, and papers.",Core,25,,,,,,,,,,,,,,,,O*NET 31.0 Task Statements
25-9042.00,"Teaching Assistants, Preschool, Elementary, Middle, and Secondary School, Except Special Education",22473,"Plan, prepare, and develop various teaching aids, such as bibliographies, charts, and graphs.",Supplemental,25,,,,,,,,,,,,,,,,O*NET 31.0 Task Statements
51-6092.00,Fabric and Apparel Patternmakers,12206,"Compute dimensions of patterns according to sizes, considering stretching of material.",Core,51,,,,,,,,,,,,,,,,O*NET 31.0 Task Statements
51-9071.06,Gem and Diamond Workers,15108,"Split gems along pre-marked lines to remove imperfections, using blades and jewelers' hammers.",Supplemental,51,,,,,,,,,,,,,,,,O*NET 31.0 Task Statements
25-2031.00,"Secondary School Teachers, Except Special and Career/Technical Education",6661,"Confer with other staff members to plan and schedule lessons promoting learning, following approved curricula.",Core,25,,,,,,,,,,,,,,,,O*NET 31.0 Task Statements
11-2011.00,Advertising and Promotions Managers,3236,Provide presentation and product demonstration support during the introduction of new products and services to field staff and customers.,Supplemental,11,,,,,,,,,,,,,,,,O*NET 31.0 Task Statements
11-3051.04,Biomass Power Plant Managers,15476,"Inspect biomass gasification processes, equipment, and facilities for ways to maximize capacity and minimize operating costs.",Core,11,,,,,,,,,,,,,,,,O*NET 31.0 Task Statements
19-1029.04,Biologists,18614,"Review reports and proposals, such as those relating to land use classifications and recreational development, for accuracy, adequacy, or adherence to policies, regulations, or scientific standards.",Core,19,,,,,,,,,,,,,,,,O*NET 31.0 Task Statements
51-4111.00,Tool and Die Makers,8498,"Lift, position, and secure machined parts on surface plates or worktables, using hoists, vises, v-blocks, or angle plates.",Core,51,,,,,,,,,,,,,,,,O*NET 31.0 Task Statements
29-1129.02,Music Therapists,19177,"Plan or structure music therapy sessions to achieve appropriate transitions, pacing, sequencing, energy level, or intensity in accordance with treatment plans.",Core,29,,,,,,,,,,,,,,,,O*NET 31.0 Task Statements
13-1081.00,Logisticians,8951,"Manage the logistical aspects of product life cycles, including coordination or provisioning of samples, and the minimization of obsolescence.",Core,13,,,,,,,,,,,,,,,,O*NET 31.0 Task Statements
43-6014.00,"Secretaries and Administrative Assistants, Except Legal, Medical, and Executive",2795,Complete forms in accordance with company procedures.,Core,43,,,,,,,,,,,,,,,,O*NET 31.0 Task Statements
21-1022.00,Healthcare Social Workers,259,Investigate child abuse or neglect cases and take authorized protective action when necessary.,Supplemental,21,,,,,,,,,,,,,,,,O*NET 31.0 Task Statements
51-5113.00,Print Binding and Finishing Workers,19444,Design original or special bindings for limited editions or other custom binding projects.,Supplemental,51,,,,,,,,,,,,,,,,O*NET 31.0 Task Statements
31-2011.00,Occupational Therapy Assistants,18701,Attend care plan meetings to review patient progress and update care plans.,Core,31,,,,,,,,,,,,,,,,O*NET 31.0 Task Statements
49-2096.00,"Electronic Equipment Installers and Repairers, Motor Vehicles",13730,Confer with customers to determine the nature of malfunctions.,Core,49,,,,,,,,,,,,,,,,O*NET 31.0 Task Statements
51-9082.00,Medical Appliance Technicians,10522,"Test medical supportive devices for proper alignment, movement, or biomechanical stability, using meters and alignment fixtures.",Core,51,,,,,,,,,,,,,,,,O*NET 31.0 Task Statements
19-4061.00,Social Science Research Assistants,12957,"Prepare tables, graphs, fact sheets, and written reports summarizing research results.",Core,19,,,,,,,,,,,,,,,,O*NET 31.0 Task Statements
17-3023.00,Electrical and Electronic Engineering Technologists and Technicians,22001,Conduct statistical studies to analyze or compare production costs for sustainable or nonsustainable designs.,Supplemental,17,,,,,,,,,,,,,,,,O*NET 31.0 Task Statements
27-2042.00,Musicians and Singers,22588,"Audition for orchestras, bands, or other musical groups.",Supplemental,27,,,,,,,,,,,,,,,,O*NET 31.0 Task Statements
17-2141.02,Automotive Engineers,16426,Conduct research studies to develop new concepts in the field of automotive engineering.,Core,17,,,,,,,,,,,,,,,,O*NET 31.0 Task Statements
53-7072.00,"Pump Operators, Except Wellhead Pumpers",14610,"Record operating data such as products and quantities pumped, stocks used, gauging results, and operating times.",Core,53,,,,,,,,,,,,,,,,O*NET 31.0 Task Statements
43-3051.00,Payroll and Timekeeping Clerks,2522,Keep informed about changes in tax and deduction laws that apply to the payroll process.,Core,43,,,,,,,,,,,,,,,,O*NET 31.0 Task Statements
49-9011.00,Mechanical Door Repairers,8397,"Install door frames, rails, steel rolling curtains, electronic-eye mechanisms, or electric door openers and closers, using power tools, hand tools, and electronic test equipment.",Core,49,,,,,,,,,,,,,,,,O*NET 31.0 Task Statements
47-4011.01,Energy Auditors,18087,Recommend energy-efficient technologies or alternate energy sources.,Core,47,,,,,,,,,,,,,,,,O*NET 31.0 Task Statements
53-6011.00,Bridge and Lock Tenders,7169,Attach ropes or cable lines to bitts on lock decks or wharfs to secure vessels.,Supplemental,53,,,,,,,,,,,,,,,,O*NET 31.0 Task Statements
49-3043.00,Rail Car Repairers,9991,"Perform scheduled maintenance, and clean units and components.",Core,49,,,,,,,,,,,,,,,,O*NET 31.0 Task Statements
51-8011.00,Nuclear Power Reactor Operators,8514,"Participate in nuclear fuel element handling activities, such as preparation, transfer, loading, or unloading.",Core,51,,,,,,,,,,,,,,,,O*NET 31.0 Task Statements
43-3011.00,Bill and Account Collectors,18559,Answer customer questions regarding problems with their accounts.,Core,43,,,,,,,,,,,,,,,,O*NET 31.0 Task Statements
19-1029.01,Bioinformatics Scientists,16785,"Direct the work of technicians and information technology staff applying bioinformatics tools or applications in areas such as proteomics, transcriptomics, metabolomics, or clinical bioinformatics.",Core,19,,,,,,,,,,,,,,,,O*NET 31.0 Task Statements
17-3027.01,Automotive Engineering Technicians,16599,"Set up mechanical, hydraulic, or electric test equipment in accordance with engineering specifications, standards, or test procedures.",Core,17,,,,,,,,,,,,,,,,O*NET 31.0 Task Statements
25-9042.00,"Teaching Assistants, Preschool, Elementary, Middle, and Secondary School, Except Special Education",22469,Operate and maintain audio-visual equipment.,Supplemental,25,,,,,,,,,,,,,,,,O*NET 31.0 Task Statements
13-1161.01,Search Marketing Strategists,20329,"Optimize digital assets, such as text, graphics, or multimedia assets, for search engine optimization (SEO) or for display and usability on internet-connected devices.",Core,13,,,,,,,,,,,,,,,,O*NET 31.0 Task Statements
19-5011.00,Occupational Health and Safety Specialists,11070,Provide new-employee health and safety orientations and develop materials for these presentations.,Core,19,,,,,,,,,,,,,,,,O*NET 31.0 Task Statements
49-2095.00,"Electrical and Electronics Repairers, Powerhouse, Substation, and Relay",11748,"Analyze test data to diagnose malfunctions, to determine performance characteristics of systems, or to evaluate effects of system modifications.",Core,49,,,,,,,,,,,,,,,,O*NET 31.0 Task Statements
41-2012.00,Gambling Change Persons and Booth Cashiers,7009,Accept credit applications and verify credit references to provide check-cashing authorization or to establish house credit accounts.,Supplemental,41,,,,,,,,,,,,,,,,O*NET 31.0 Task Statements
53-4011.00,Locomotive Engineers,12757,Check to ensure that brake examination tests are conducted at shunting stations.,Core,53,,,,,,,,,,,,,,,,O*NET 31.0 Task Statements
47-2171.00,Reinforcing Iron and Rebar Workers,24051,"Use forklifts or cranes to move construction material, such as rebar.",Core,47,,,,,,,,,,,,,,,,O*NET 31.0 Task Statements
47-4099.03,Weatherization Installers and Technicians,17802,"Explain recommendations, policies, procedures, requirements, or other related information to residents or building owners.",Core,47,,,,,,,,,,,,,,,,O*NET 31.0 Task Statements
29-2081.00,"Opticians, Dispensing",4213,"Show customers how to insert, remove, and care for their contact lenses.",Core,29,,,,,,,,,,,,,,,,O*NET 31.0 Task Statements
15-1299.08,Computer Systems Engineers/Architects,14686,"Research, test, or verify proper functioning of software patches and fixes.",Core,15,,,,,,,,,,,,,,,,O*NET 31.0 Task Statements
39-4011.00,Embalmers,4510,Press diaphragm to evacuate air from lungs.,Supplemental,39,,,,,,,,,,,,,,,,O*NET 31.0 Task Statements
51-4033.00,"Grinding, Lapping, Polishing, and Buffing Machine Tool Setters, Operators, and Tenders, Metal and Plastic",10147,"Study blueprints, work orders, or machining instructions to determine product specifications, tool requirements, and operational sequences.",Core,51,,,,,,,,,,,,,,,,O*NET 31.0 Task Statements
11-9071.00,Gambling Managers,7191,"Monitor staffing levels to ensure that games and tables are adequately staffed for each shift, arranging for staff rotations and breaks and locating substitute employees as necessary.",Core,11,,,,,,,,,,,,,,,,O*NET 31.0 Task Statements
17-2141.01,Fuel Cell Engineers,19953,"Evaluate the power output, system cost, or environmental impact of new hydrogen or non-hydrogen fuel cell system designs.",Core,17,,,,,,,,,,,,,,,,O*NET 31.0 Task Statements
37-3012.00,"Pesticide Handlers, Sprayers, and Applicators, Vegetation",11232,"Connect hoses and nozzles selected according to terrain, distribution pattern requirements, types of infestations, and velocities.",Core,37,,,,,,,,,,,,,,,,O*NET 31.0 Task Statements
29-1151.00,Nurse Anesthetists,18361,"Manage patients' airway or pulmonary status, using techniques such as endotracheal intubation, mechanical ventilation, pharmacological support, respiratory therapy, and extubation.",Core,29,,,,,,,,,,,,,,,,O*NET 31.0 Task Statements
39-1022.00,First-Line Supervisors of Personal Service Workers,13140,Train workers in proper operational procedures and functions and explain company policies.,Core,39,,,,,,,,,,,,,,,,O*NET 31.0 Task Statements
27-3031.00,Public Relations Specialists,1767,Confer with production or support personnel to produce or coordinate production of advertisements or promotions.,Core,27,,,,,,,,,,,,,,,,O*NET 31.0 Task Statements
27-4012.00,Broadcast Technicians,18659,Produce graphics for broadcasts.,Supplemental,27,,,,,,,,,,,,,,,,O*NET 31.0 Task Statements
29-1021.00,"Dentists, General",6938,"Remove diseased tissue, using surgical instruments.",Core,29,,,,,,,,,,,,,,,,O*NET 31.0 Task Statements
25-1067.00,"Sociology Teachers, Postsecondary",21121,Mentor new faculty.,Core,25,,,,,,,,,,,,,,,,O*NET 31.0 Task Statements
49-9063.00,Musical Instrument Repairers and Tuners,11872,"String instruments, and adjust trusses and bridges of instruments to obtain specified string tensions and heights.",Core,49,,,,,,,,,,,,,,,,O*NET 31.0 Task Statements
21-1014.00,Mental Health Counselors,1593,Guide clients in the development of skills or strategies for dealing with their problems.,Core,21,,,,,,,,,,,,,,,,O*NET 31.0 Task Statements
51-6042.00,Shoe Machine Operators and Tenders,14099,Test machinery to ensure proper functioning before beginning production.,Core,51,,,,,,,,,,,,,,,,O*NET 31.0 Task Statements
51-9022.00,"Grinding and Polishing Workers, Hand",14348,Clean brass particles from files by drawing file cards through file grooves.,Supplemental,51,,,,,,,,,,,,,,,,O*NET 31.0 Task Statements
29-2012.00,Medical and Clinical Laboratory Technicians,1915,"Prepare standard volumetric solutions or reagents to be combined with samples, following standardized formulas or experimental procedures.",Core,29,,,,,,,,,,,,,,,,O*NET 31.0 Task Statements
53-5031.00,Ship Engineers,14556,"Perform or participate in emergency drills, as required.",Core,53,,,,,,,,,,,,,,,,O*NET 31.0 Task Statements
13-1032.00,"Insurance Appraisers, Auto Damage",7247,Review repair cost estimates with automobile repair shop to secure agreement on cost of repairs.,Core,13,,,,,,,,,,,,,,,,O*NET 31.0 Task Statements
47-2021.00,Brickmasons and Blockmasons,4778,"Clean working surface to remove scale, dust, soot, or chips of brick and mortar, using broom, wire brush, or scraper.",Core,47,,,,,,,,,,,,,,,,O*NET 31.0 Task Statements
21-2011.00,Clergy,20749,"Organize or engage in interfaith, community, civic, educational, or recreational activities sponsored by or related to religious programs.",Core,21,,,,,,,,,,,,,,,,O*NET 31.0 Task Statements
27-2012.00,Producers and Directors,22533,Compose and edit scripts or provide screenwriters with story outlines from which scripts can be written.,Supplemental,27,,,,,,,,,,,,,,,,O*NET 31.0 Task Statements
11-2022.00,Sales Managers,1,Resolve customer complaints regarding sales and service.,Core,11,,,,,,,,,,,,,,,,O*NET 31.0 Task Statements
25-1067.00,"Sociology Teachers, Postsecondary",6096,Compile bibliographies of specialized materials for outside reading assignments.,Core,25,,,,,,,,,,,,,,,,O*NET 31.0 Task Statements
45-4011.00,Forest and Conservation Workers,7039,"Select tree seedlings, prepare the ground, or plant the trees in reforestation areas, using manual planting tools.",Supplemental,45,,,,,,,,,,,,,,,,O*NET 31.0 Task Statements
27-2022.00,Coaches and Scouts,1758,"Explain and demonstrate the use of sports and training equipment, such as trampolines or weights.",Core,27,,,,,,,,,,,,,,,,O*NET 31.0 Task Statements
