occupation_code,in_923_benchmark,in_800_product_subset
11-2033.00,True,False
11-3013.00,True,False
11-3131.00,True,False
11-9121.00,True,False
11-9131.00,True,False
13-1011.00,True,False
13-1021.00,True,False
13-1022.00,True,False
13-1032.00,True,False
13-1074.00,True,False
13-2022.00,True,False
13-2031.00,True,False
13-2041.00,True,False
17-1021.00,True,False
17-2021.00,True,False
17-2041.00,True,False
17-2111.02,True,False
17-3021.00,True,False
17-3028.00,True,False
19-1011.00,True,False
19-1012.00,True,False
19-1022.00,True,False
19-1023.00,True,False
19-1041.00,True,False
19-2011.00,True,False
19-2032.00,True,False
19-3011.00,True,False
19-3022.00,True,False
19-3041.00,True,False
19-3092.00,True,False
19-3094.00,True,False
19-4044.00,True,False
19-4051.02,True,False
25-4011.00,True,False
25-4012.00,True,False
25-9021.00,True,False
27-1012.00,True,False
27-4014.00,True,False
27-4015.00,True,False
29-1011.00,True,False
29-1022.00,True,False
29-1023.00,True,False
29-1024.00,True,False
29-1041.00,True,False
29-1081.00,True,False
29-1125.00,True,False
29-1215.00,True,False
29-1218.00,True,False
29-1223.00,True,False
29-1242.00,True,False
29-1299.02,True,False
29-2011.00,True,False
29-2011.02,True,False
29-2011.04,True,False
29-2012.00,True,False
29-2012.01,True,False
29-2051.00,True,False
29-2091.00,True,False
29-2092.00,True,False
29-9021.00,True,False
43-2021.00,True,False
43-4011.00,True,False
43-4041.00,True,False
43-4141.00,True,False
43-5041.00,True,False
43-9081.00,True,False
43-9111.00,True,False
47-2022.00,True,False
47-2043.00,True,False
47-2072.00,True,False
47-2082.00,True,False
47-2161.00,True,False
47-2171.00,True,False
47-3011.00,True,False
47-3014.00,True,False
47-4091.00,True,False
47-5011.00,True,False
47-5041.00,True,False
47-5043.00,True,False
47-5051.00,True,False
47-5081.00,True,False
49-2093.00,True,False
49-2096.00,True,False
49-3052.00,True,False
49-9045.00,True,False
49-9061.00,True,False
49-9064.00,True,False
49-9081.00,True,False
49-9095.00,True,False
49-9097.00,True,False
51-2021.00,True,False
51-2022.00,True,False
51-2023.00,True,False
51-2031.00,True,False
51-2051.00,True,False
51-2061.00,True,False
51-2092.00,True,False
51-4022.00,True,False
51-4032.00,True,False
51-4035.00,True,False
51-4051.00,True,False
51-4052.00,True,False
51-4061.00,True,False
51-4062.00,True,False
51-4071.00,True,False
51-4192.00,True,False
51-5111.00,True,False
51-6051.00,True,False
51-6092.00,True,False
51-7031.00,True,False
51-8012.00,True,False
51-9082.00,True,False
51-9123.00,True,False
51-9162.00,True,False
51-9191.00,True,False
51-9192.00,True,False
53-1041.00,True,False
53-4041.00,True,False
53-5022.00,True,False
53-7031.00,True,False
53-7041.00,True,False
53-7071.00,True,False
53-7072.00,True,False
